,param_id,drug_conc_Hill,drug_conc_Hill,drug_conc_Hill,drug_conc_Hill,drug_conc_Hill,drug_conc_Hill,drug_conc_Hill,drug_conc_Hill,drug_conc_Hill,drug_conc_Hill,Hill_curve,Hill_curve,param_values,param_values,param_values,param_values,param_values,drug_conc_AP,drug_conc_AP,drug_conc_AP,drug_conc_AP,drug_conc_AP,drug_conc_AP,drug_conc_AP,drug_conc_AP,drug_conc_AP,drug_conc_AP,drug_conc_AP,drug_conc_AP,drug_conc_AP,drug_conc_AP,drug_conc_AP,drug_conc_AP,drug_conc_AP,drug_conc_AP,drug_conc_AP,drug_conc_AP,drug_conc_AP,drug_conc_AP,drug_conc_AP,drug_conc_AP,drug_conc_AP,drug_conc_AP,drug_conc_AP,drug_conc_AP,drug_conc_AP,drug_conc_AP,APD_trapping,APD_trapping,APD_trapping,APD_trapping,APD_trapping,APD_trapping,APD_trapping,APD_trapping,APD_trapping,APD_trapping,APD_trapping,APD_trapping,APD_trapping,APD_trapping,APD_trapping,APD_trapping,APD_trapping,APD_trapping,APD_trapping,APD_trapping,APD_trapping,APD_trapping,APD_trapping,APD_trapping,APD_trapping,APD_trapping,APD_trapping,APD_trapping,APD_trapping,APD_trapping,APD_conductance,APD_conductance,APD_conductance,APD_conductance,APD_conductance,APD_conductance,APD_conductance,APD_conductance,APD_conductance,APD_conductance,APD_conductance,APD_conductance,APD_conductance,APD_conductance,APD_conductance,APD_conductance,APD_conductance,APD_conductance,APD_conductance,APD_conductance,APD_conductance,APD_conductance,APD_conductance,APD_conductance,APD_conductance,APD_conductance,APD_conductance,APD_conductance,APD_conductance,APD_conductance,RMSE,ME,drug_conc_Hill
,param_id,conc_0,conc_1,conc_2,conc_3,conc_4,conc_5,conc_6,conc_7,conc_8,conc_9,Hill_coef,IC50,Vhalf,Kmax,Ku,N,EC50,conc_0,conc_1,conc_2,conc_3,conc_4,conc_5,conc_6,conc_7,conc_8,conc_9,conc_10,conc_11,conc_12,conc_13,conc_14,conc_15,conc_16,conc_17,conc_18,conc_19,conc_20,conc_21,conc_22,conc_23,conc_24,conc_25,conc_26,conc_27,conc_28,conc_29,conc_0,conc_1,conc_2,conc_3,conc_4,conc_5,conc_6,conc_7,conc_8,conc_9,conc_10,conc_11,conc_12,conc_13,conc_14,conc_15,conc_16,conc_17,conc_18,conc_19,conc_20,conc_21,conc_22,conc_23,conc_24,conc_25,conc_26,conc_27,conc_28,conc_29,conc_0,conc_1,conc_2,conc_3,conc_4,conc_5,conc_6,conc_7,conc_8,conc_9,conc_10,conc_11,conc_12,conc_13,conc_14,conc_15,conc_16,conc_17,conc_18,conc_19,conc_20,conc_21,conc_22,conc_23,conc_24,conc_25,conc_26,conc_27,conc_28,conc_29,RMSE,ME,conc_10
0,0.0,0.0,0.0031622776601683,0.0099999999999999,0.0316227766016837,0.1,0.3162277660168379,1.0,3.1622776601683795,10.0,31.6227766016838,1.0283952387171342,0.1712875988367965,-199.5,9.996,1.7900000000000005e-05,1.0,1.0,0.0031622776601683,0.0051348329074374,0.0083378222347177,0.0135387618002251,0.0219839264886224,0.03569698846826,0.0579639395338487,0.0941204967268052,0.1528306732658747,0.2481628922836794,0.4029611320200355,0.6543189129712902,1.0624678308940323,1.7252105499420285,2.80135676119885,4.548777947003754,7.386199822079336,11.993539462092318,19.47483039908755,31.6227766016838,100.0,316.227766016838,1000.0,3162.27766016838,10000.000000000002,31622.7766016838,100000.00000000004,316227.766016838,1000000.0000000003,3162277.6601683805,266.2790063211678,266.7284066128646,267.4451529687565,268.57568550125853,270.3284812490154,272.97386996115284,276.80599545482926,282.0375861730324,288.6204141231876,296.0982859027897,303.6635490124947,310.4731683004649,315.99204818290445,320.1004946421224,322.97120012003603,324.88951469725606,326.13430798888845,326.92613385429246,327.4239853160827,327.7345583822011,328.07857359678,328.18790307219075,328.22277152625844,328.2336527964724,328.2370566568265,328.23830230705914,328.2387456410849,328.23868824391207,328.2386794127606,328.2387113064008,266.74953451825434,267.5091416592989,268.72963164510503,270.6598279827241,273.6412256199088,278.0800381648514,284.3405694485941,292.5320921513199,302.2642177035938,312.59164407215127,322.32402868648177,330.52231631696685,336.79827051282734,341.2566886543091,344.2572958099605,346.2026509860828,347.4338546327004,348.20089274551094,348.6742617175645,348.96448287879326,349.2786122611023,349.3749809570603,349.40460300948627,349.4138551741996,349.41641659972987,349.4174131062512,349.4177557800823,349.4178647203224,349.41766812152616,349.4179378512898,17.797458055412662,-16.04516147211686,
0,1.0,0.0,0.0031622776601683,0.0099999999999999,0.0316227766016837,0.1,0.3162277660168379,1.0,3.1622776601683795,10.0,31.6227766016838,1.027530031630234,0.1673521148561933,-199.5,9.996,2.9767075490254447e-05,1.0,1.0,0.0031622776601683,0.0051348329074374,0.0083378222347177,0.0135387618002251,0.0219839264886224,0.03569698846826,0.0579639395338487,0.0941204967268052,0.1528306732658747,0.2481628922836794,0.4029611320200355,0.6543189129712902,1.0624678308940323,1.7252105499420285,2.80135676119885,4.548777947003754,7.386199822079336,11.993539462092318,19.47483039908755,31.6227766016838,100.0,316.227766016838,1000.0,3162.27766016838,10000.000000000002,31622.7766016838,100000.00000000004,316227.766016838,1000000.0000000003,3162277.6601683805,266.27413900165925,266.72052513186384,267.4327177177481,268.5560912114208,270.2982680555136,272.92853251391057,276.74029893554524,281.94796743902435,288.5079626956136,295.97002124637856,303.5304663178176,310.3465071467307,315.8776970058925,319.9994457044911,322.8814277385018,324.8083368232606,326.05893075705154,326.8548789586177,327.3552635748579,327.66743506331903,328.01307429462395,328.12314096424177,328.1579134527543,328.1691004394322,328.1726604081243,328.17357352599987,328.17399090268174,328.17420564501424,328.17417800866383,328.17412813839167,266.7834396639306,267.56325825815,268.8144318519442,270.790537393823,273.8372805156069,278.3604105893664,284.71666471794305,292.99457370671587,302.77500140253176,313.092319909889,322.75993231863976,330.86372525164177,337.0439357665103,341.4225932251551,344.36408900341587,346.2696944834525,347.47524681403814,348.22592394832805,348.6892171537948,348.97360115751576,349.28119089658315,349.37590243394726,349.4050039511185,349.4138295369959,349.4165899530596,349.4173863464252,349.4177538329112,349.41771883511507,349.4177037214839,349.4177224888206,17.973205541817435,-16.251126676990232,
0,2.0,0.0,0.0031622776601683,0.0099999999999999,0.0316227766016837,0.1,0.3162277660168379,1.0,3.1622776601683795,10.0,31.6227766016838,1.017302033274948,0.1693573246999773,-199.5,9.996,4.950160800237468e-05,1.0,1.0,0.0031622776601683,0.0051348329074374,0.0083378222347177,0.0135387618002251,0.0219839264886224,0.03569698846826,0.0579639395338487,0.0941204967268052,0.1528306732658747,0.2481628922836794,0.4029611320200355,0.6543189129712902,1.0624678308940323,1.7252105499420285,2.80135676119885,4.548777947003754,7.386199822079336,11.993539462092318,19.47483039908755,31.6227766016838,100.0,316.227766016838,1000.0,3162.27766016838,10000.000000000002,31622.7766016838,100000.00000000004,316227.766016838,1000000.0000000003,3162277.6601683805,266.2695378141073,266.7130932338287,267.4209757846352,268.5378802429245,270.2698989531304,272.88584124670206,276.6790554929888,281.8658461178337,288.40663125982894,295.8576407327856,303.41901083445504,310.2463590615226,315.79398227056527,319.9323168286496,322.8279091599589,324.76511070334664,326.0227864494052,326.82331993116145,327.3265256983058,327.6403996476221,327.9882822626686,328.0988757730241,328.1341702141796,328.1452115031872,328.14893117939886,328.1498788828974,328.1502704932731,328.1502938221762,328.15035916504974,328.1506621266903,266.8420015238247,267.64772506201075,268.9327621968177,270.95066835149214,274.04181941585773,278.6021142146321,284.9713946414713,293.2204869563232,302.92517723742685,313.1404535361608,322.7126354772448,330.75479725732305,336.9115491808902,341.2953714523926,344.2567323450485,346.18565627312734,347.4127363770095,348.1813384599482,348.658265637053,348.9522359515761,349.2730585009012,349.372866358614,349.40380987762023,349.413318060946,349.41641493022,349.4173287406374,349.41769656438873,349.4178983141074,349.4177531275297,349.4178115877623,18.00342289134809,-16.31976069080182,
0,3.0,0.0,0.0031622776601683,0.0099999999999999,0.0316227766016837,0.1,0.3162277660168379,1.0,3.1622776601683795,10.0,31.6227766016838,0.9845125388715498,0.1888975460892764,-199.5,9.996,8.231944705562404e-05,1.0,1.0,0.0031622776601683,0.0054555947811683,0.0094120496726804,0.0162377673918868,0.0280135676119881,0.0483293023857166,0.0833782223471775,0.1438449888287641,0.248162892283679,0.4281332398719338,0.7386199822079276,1.2742749857031204,2.198392648862271,3.792690190732223,6.543189129712928,11.288378916846836,19.47483039908749,33.59818286283774,57.96393953384961,100.0,316.227766016838,1000.0,3162.27766016838,10000.000000000002,31622.7766016838,100000.00000000004,316227.766016838,1000000.0000000003,3162277.6601683805,10000000.000000004,266.2659051212748,266.77869420772606,267.6446785970318,269.0851698239307,271.42190629583223,275.0611718403951,280.378267514417,287.4574729983076,295.78767136594394,304.2708244033521,311.7317774677082,317.4992420625576,321.53346435533075,324.1633128007797,325.8001544688884,326.7902023514265,327.37897078638,327.72518300246406,327.9274778318706,328.0453306951373,328.15701157594265,328.1922012308486,328.20327829383234,328.20680205132294,328.2081784364898,328.2084021885622,328.20861119872654,328.20847835732127,328.2084470152419,328.2085211254003,266.9477231433293,267.9155435822095,269.51892977613795,272.1182480433729,276.18806908341,282.22624410987373,290.5087131096756,300.73198031514454,311.8374997008419,322.3547647279409,331.0991025917959,337.61303721220565,342.07542503976754,344.95820958934013,346.75008484133843,347.8366094675925,348.48600709289485,348.8705439583122,349.0968989639434,349.2300484781237,349.3572358052723,349.3982135349873,349.4114052515913,349.4158687694116,349.4170314582879,349.41743335596874,349.41792375952474,349.41794124035727,349.4178131541747,349.417754189148,18.032567209346126,-16.523183129384385,100.0
0,4.0,0.0,0.0031622776601683,0.0099999999999999,0.0316227766016837,0.1,0.3162277660168379,1.0,3.1622776601683795,10.0,31.6227766016838,0.9496335581719684,0.223942349187622,-199.5,9.996,0.0001368943684257,1.0,1.0,0.0031622776601683,0.0054555947811683,0.0094120496726804,0.0162377673918868,0.0280135676119881,0.0483293023857166,0.0833782223471775,0.1438449888287641,0.248162892283679,0.4281332398719338,0.7386199822079276,1.2742749857031204,2.198392648862271,3.792690190732223,6.543189129712928,11.288378916846836,19.47483039908749,33.59818286283774,57.96393953384961,100.0,316.227766016838,1000.0,3162.27766016838,10000.000000000002,31622.7766016838,100000.00000000004,316227.766016838,1000000.0000000003,3162277.6601683805,10000000.000000004,266.2638113041655,266.7752268336762,267.6388511621538,269.07587821090124,271.4077850448634,275.0414448373713,280.35536115082994,287.43912599630414,295.78669334683104,304.3023388981041,311.80340803665973,317.60914645767485,321.6740172954749,324.32508288397054,325.9763778716338,326.9749667607057,327.56879470667377,327.9180681707245,328.1222768957942,328.2413517823304,328.3537038368729,328.3894463403035,328.4006644306072,328.4041737505564,328.4052387682177,328.4056701870915,328.4058560077655,328.40606244051565,328.4059826364259,328.4059612175769,266.9902536712988,267.94243552336155,269.4909042101756,271.9601263260509,275.7734681816321,281.3835671080351,289.07580782839216,298.669128477938,309.3214122151829,319.7351554013499,328.72681380713414,335.6916609140592,340.6437470519896,343.9519553157456,346.07021520224816,347.38945576655817,348.1967776712213,348.6859210974888,348.98009266638815,349.156670042885,349.33020008555565,349.3883010570632,349.4078698024926,349.41450639713395,349.4167893554792,349.417490174576,349.41763147771604,349.4177325964872,349.4176682636701,349.41771593761337,17.337212245624013,-15.786623545471535,100.0
0,5.0,0.0,0.0031622776601683,0.0099999999999999,0.0316227766016837,0.1,0.3162277660168379,1.0,3.1622776601683795,10.0,31.6227766016838,0.9195824381747164,0.2772386069621279,-199.5,9.996,0.00022765055861,1.0,1.0,0.0031622776601683,0.0054555947811683,0.0094120496726804,0.0162377673918868,0.0280135676119881,0.0483293023857166,0.0833782223471775,0.1438449888287641,0.248162892283679,0.4281332398719338,0.7386199822079276,1.2742749857031204,2.198392648862271,3.792690190732223,6.543189129712928,11.288378916846836,19.47483039908749,33.59818286283774,57.96393953384961,100.0,316.227766016838,1000.0,3162.27766016838,10000.000000000002,31622.7766016838,100000.00000000004,316227.766016838,1000000.0000000003,3162277.6601683805,10000000.000000004,266.2636461016504,266.7753649920182,267.6393174103728,269.07705381441883,271.4112279249664,275.0508487016164,280.3791307618539,287.4917427407724,295.88820423613987,304.4685434798006,312.0387935402557,317.90550851019543,322.01625071266767,324.69875466213813,326.369908119784,327.3809874500425,327.9820263459365,328.33569974038534,328.5425512028784,328.66287383575605,328.77682453614835,328.8131709515113,328.8244205165468,328.8282230522647,328.82914692189786,328.8295481777499,328.829792902041,328.82968302535267,328.8298571749173,328.8296617256056,266.9340422276524,267.8134592067608,269.2247235400894,271.44937070593875,274.8602134577818,279.8745140398428,286.80861456470166,295.631855637216,305.7503973848431,316.06639600268414,325.40209200540374,332.9810272412297,338.6068349301835,342.5087296952128,345.0882167416918,346.7390988612729,347.77420364121883,348.4141686143706,348.8070831594392,349.04672392936374,349.28860415701695,349.37298275790835,349.4021613973582,349.41223994114307,349.4160998500545,349.4172467862164,349.4175220554353,349.4176499239986,349.4177660843542,349.41779623295133,16.29145774197231,-14.572102383521653,100.0
0,6.0,0.0,0.0031622776601683,0.0099999999999999,0.0316227766016837,0.1,0.3162277660168379,1.0,3.1622776601683795,10.0,31.6227766016838,0.9084813924512728,0.3237621100144086,-199.5,9.996,0.0003785749365108,1.0,1.0,0.0031622776601683,0.0054555947811683,0.0094120496726804,0.0162377673918868,0.0280135676119881,0.0483293023857166,0.0833782223471775,0.1438449888287641,0.248162892283679,0.4281332398719338,0.7386199822079276,1.2742749857031204,2.198392648862271,3.792690190732223,6.543189129712928,11.288378916846836,19.47483039908749,33.59818286283774,57.96393953384961,100.0,316.227766016838,1000.0,3162.27766016838,10000.000000000002,31622.7766016838,100000.00000000004,316227.766016838,1000000.0000000003,3162277.6601683805,10000000.000000004,266.2667881743882,266.7802458305342,267.64829644994285,269.0927103973727,271.43974613088386,275.10260183691213,280.47259431029,287.65387596582343,296.1499505977489,304.850241055131,312.53938333999463,318.5045125235736,322.68566341484865,325.41365089057905,327.1125412802372,328.1400510679472,328.75040111932685,329.1095192718936,329.3194646703171,329.4417646366344,329.5576317957754,329.59409817534686,329.6058229893039,329.60948228921563,329.6106204589208,329.6109377874876,329.61100317159224,329.6109929629548,329.6110847268088,329.61096213396644,266.8147365004873,267.6083228733818,268.8779879694305,270.87689330096566,273.9478684476432,278.4917192963769,284.85596901826204,293.1190096238496,302.8595613281128,313.1219360062209,322.7379800317209,330.80805834773366,336.97514111069825,341.3559002220717,344.307501748683,346.2255694659048,347.4424406922963,348.20234424927133,348.672987466672,348.96222443281613,349.2573027669666,349.3615240446396,349.3978621544379,349.4105998575731,349.4155657328393,349.4168773393504,349.4178083821489,349.4176017607502,349.41755292878963,349.41768041880994,15.174938563031551,-13.25626293543842,100.0
0,7.0,0.0,0.0031622776601683,0.0099999999999999,0.0316227766016837,0.1,0.3162277660168379,1.0,3.1622776601683795,10.0,31.6227766016838,0.9098960681061076,0.3376494584238139,-199.5,9.996,0.0006295569113874,1.0,1.0,0.0031622776601683,0.0054555947811683,0.0094120496726804,0.0162377673918868,0.0280135676119881,0.0483293023857166,0.0833782223471775,0.1438449888287641,0.248162892283679,0.4281332398719338,0.7386199822079276,1.2742749857031204,2.198392648862271,3.792690190732223,6.543189129712928,11.288378916846836,19.47483039908749,33.59818286283774,57.96393953384961,100.0,316.227766016838,1000.0,3162.27766016838,10000.000000000002,31622.7766016838,100000.00000000004,316227.766016838,1000000.0000000003,3162277.6601683805,10000000.000000004,266.27441387425296,266.7935005089406,267.67113213571906,269.1332067764959,271.5095929676817,275.2247570127228,280.6818217406915,287.998676861761,296.6795117279951,305.5892252350457,313.47124322688825,319.58090990641136,323.8525289395249,326.63034159776635,328.35437606815105,329.394255506719,330.0109876112087,330.37337050396144,330.5850645795433,330.70828873669404,330.8250512354045,330.86189812645296,330.8736409953611,330.87728511902134,330.8782923011112,330.8787441051761,330.87894133291,330.8788752936148,330.87895130812007,330.87892261719355,266.753786456746,267.5113148308935,268.72595195955915,270.64326692126855,273.5991529479588,277.99440023407675,284.19019050131044,292.30176400447885,301.9569980571032,312.2367912879081,321.9656476900011,330.2015236826978,336.53764235193853,341.05987230434687,344.115995863901,346.1049571808065,347.36805183098573,348.157514084148,348.64588552891985,348.9459792895251,349.2516077279373,349.3595941688544,349.3973279746208,349.41057014406533,349.4153563149221,349.41698581965267,349.4174374837607,349.4177608819026,349.41777595282326,349.41770701116843,14.032684021031224,-12.123700084524708,100.0
0,8.0,0.0,0.0031622776601683,0.0099999999999999,0.0316227766016837,0.1,0.3162277660168379,1.0,3.1622776601683795,10.0,31.6227766016838,0.9153881550860822,0.3211027060663612,-199.5,9.996,0.0010469311791442,1.0,1.0,0.0031622776601683,0.0054555947811683,0.0094120496726804,0.0162377673918868,0.0280135676119881,0.0483293023857166,0.0833782223471775,0.1438449888287641,0.248162892283679,0.4281332398719338,0.7386199822079276,1.2742749857031204,2.198392648862271,3.792690190732223,6.543189129712928,11.288378916846836,19.47483039908749,33.59818286283774,57.96393953384961,100.0,316.227766016838,1000.0,3162.27766016838,10000.000000000002,31622.7766016838,100000.00000000004,316227.766016838,1000000.0000000003,3162277.6601683805,10000000.000000004,266.2904406394183,266.8215911645701,267.7195065173046,269.2166906842073,271.6539272994093,275.4712186985945,281.0937108167957,288.65583601512947,297.6495256192865,306.8819428834986,315.0186444125165,321.27366134985687,325.597443152608,328.377307069476,330.08565531299223,331.1093347358366,331.7135223041368,332.0676545723155,332.27420828046195,332.3938986921909,332.50759236304293,332.54342296916815,332.5548634239154,332.55856007053234,332.5595141405495,332.55997541976376,332.56006334479895,332.56009380125323,332.56008243662444,332.56012336836653,266.7760268871577,267.55359351943406,268.8019781926141,270.77700825304885,273.82467057345906,278.3540812443724,284.72410385396887,293.02441282043554,302.83106210474176,313.1707499218581,322.8490790944632,330.9506712379593,337.1188464474939,341.4818543693171,344.4082805052593,346.3011196632295,347.49675899384994,348.2408035846222,348.6990795481276,348.9800975694713,349.2648007408313,349.3645564282481,349.3990278803999,349.41132879164195,349.4155625675419,349.4169825631563,349.41745878229705,349.41782528300456,349.41786494545755,349.41788501833275,12.784740273120626,-11.1139186609058,100.0
0,9.0,0.0,0.0031622776601683,0.0099999999999999,0.0316227766016837,0.1,0.3162277660168379,1.0,3.1622776601683795,10.0,31.6227766016838,0.924536406153591,0.2888426219669318,-199.5,9.996,0.0017410100247312,1.0,1.0,0.0031622776601683,0.0054555947811683,0.0094120496726804,0.0162377673918868,0.0280135676119881,0.0483293023857166,0.0833782223471775,0.1438449888287641,0.248162892283679,0.4281332398719338,0.7386199822079276,1.2742749857031204,2.198392648862271,3.792690190732223,6.543189129712928,11.288378916846836,19.47483039908749,33.59818286283774,57.96393953384961,100.0,316.227766016838,1000.0,3162.27766016838,10000.000000000002,31622.7766016838,100000.00000000004,316227.766016838,1000000.0000000003,3162277.6601683805,10000000.000000004,266.32189277144926,266.8754861117648,267.8123360688551,269.3754395404509,271.9243103483215,275.9234324550152,281.8266551025399,289.77633399907626,299.2115717977651,308.8184233549541,317.15034212011403,323.41824759519915,327.65587329883715,330.3302140567863,331.952694041032,332.9162922246915,333.48242018462275,333.81316566453927,334.00518838778555,334.1171795513961,334.22260617630707,334.2560498440869,334.26661974063734,334.27015063312945,334.27118393973205,334.2713592873625,334.27159976383564,334.2716179223612,334.2715013917908,334.2715067778164,266.8421775973335,267.67060031548294,269.005573075648,271.1212114466636,274.385874538744,279.2231363986515,285.9768651065688,294.66781475757097,304.7555269093032,315.1608263205075,324.67202567681744,332.451530672388,338.2541867596136,342.2883993935061,344.956484770002,346.66312845803293,347.7312370108841,348.39047135306004,348.79398105294234,349.0401226186569,349.2869623546828,349.3725894631615,349.4021425546453,349.412589961256,349.41591342526937,349.41696655615783,349.4174995403092,349.41753280481134,349.4177695223833,349.41768727238974,11.594716355186485,-10.222571117839625,100.0
0,10.0,0.0,0.0031622776601683,0.0099999999999999,0.0316227766016837,0.1,0.3162277660168379,1.0,3.1622776601683795,10.0,31.6227766016838,0.940073502582466,0.2518109537215168,-199.5,9.996,0.0028952389293555,1.0,1.0,0.0031622776601683,0.0054555947811683,0.0094120496726804,0.0162377673918868,0.0280135676119881,0.0483293023857166,0.0833782223471775,0.1438449888287641,0.248162892283679,0.4281332398719338,0.7386199822079276,1.2742749857031204,2.198392648862271,3.792690190732223,6.543189129712928,11.288378916846836,19.47483039908749,33.59818286283774,57.96393953384961,100.0,316.227766016838,1000.0,3162.27766016838,10000.000000000002,31622.7766016838,100000.00000000004,316227.766016838,1000000.0000000003,3162277.6601683805,10000000.000000004,266.37524646581784,266.9669833519659,267.96850278006275,269.64009881754885,272.36582300423095,276.6416139425463,282.94211485435125,291.3803694896732,301.2760642039349,311.1456905268324,319.4739877096686,325.56494432861314,329.5879673869758,332.08581645440205,333.5856529924087,334.47121677970955,334.98929735496205,335.2913005916487,335.46698018330466,335.5686415315684,335.6650423562368,335.6954678984613,335.7050516985484,335.70813511188817,335.7091801963775,335.7093554779846,335.7094542400903,335.7094988647048,335.70943345310576,335.70960193897565,266.90467073184914,267.7900476290334,269.2265956484803,271.5139876569165,275.05139125504104,280.2831486420934,287.5323086789492,296.72327964708154,307.1579222400811,317.6250872732718,326.9044559455439,334.2702549246982,339.6175585226773,343.2506085355914,345.6081449751293,347.09237544155127,348.0088751998646,348.5679627320197,348.90663528152635,349.11099610353,349.31341612790584,349.38248161669554,349.40596309246195,349.4137269910823,349.4164364196533,349.4172105731651,349.417535444255,349.41759672781615,349.41772052071065,349.4177872307104,10.64458012847579,-9.511588260759549,100.0
0,11.0,0.0,0.0031622776601683,0.0099999999999999,0.0316227766016837,0.1,0.3162277660168379,1.0,3.1622776601683795,10.0,31.6227766016838,0.9625608350937064,0.2180527594288756,-199.5,9.996,0.0048146813280697,1.0,1.0,0.0031622776601683,0.0054555947811683,0.0094120496726804,0.0162377673918868,0.0280135676119881,0.0483293023857166,0.0833782223471775,0.1438449888287641,0.248162892283679,0.4281332398719338,0.7386199822079276,1.2742749857031204,2.198392648862271,3.792690190732223,6.543189129712928,11.288378916846836,19.47483039908749,33.59818286283774,57.96393953384961,100.0,316.227766016838,1000.0,3162.27766016838,10000.000000000002,31622.7766016838,100000.00000000004,316227.766016838,1000000.0000000003,3162277.6601683805,10000000.000000004,266.451491579276,267.0969569999064,268.1887451816953,270.0083813907357,272.96847572189404,277.59042571510645,284.34693080572055,293.27377461932605,303.52548623561626,313.47036764704177,321.61320408938445,327.41278246032965,331.1713944494529,333.477426000836,334.8530603984367,335.661888212948,336.1349047643499,336.40950012983427,336.5692293570567,336.66200665603543,336.74957298997634,336.7770305209516,336.78595039060866,336.7887798816548,336.7894102387037,336.7898396976834,336.78987672247246,336.7899023084554,336.78993108463686,336.7898659931381,266.9240625428625,267.84942615584697,269.3663184125101,271.804153456363,275.5993062196721,281.22397634500123,288.9840948723787,298.70046886379936,309.50046364486445,320.03313443552565,329.0766101630141,336.02858136194646,340.9279033812516,344.17164093164587,346.2298731876078,347.50084051569775,348.2728556862334,348.7364109123572,349.01321041872006,349.1779410993496,349.33842586887425,349.391673498986,349.4091164636865,349.4149247662367,349.4168826895299,349.4175110071401,349.4177473137409,349.41770883945287,349.41771296760487,349.417870633019,9.946941907215605,-8.948475147055175,100.0
0,12.0,0.0,0.0031622776601683,0.0099999999999999,0.0316227766016837,0.1,0.3162277660168379,1.0,3.1622776601683795,10.0,31.6227766016838,0.9836435828509248,0.1945634519785438,-199.5,9.996,0.0080066470700654,1.0,1.0,0.0031622776601683,0.0054555947811683,0.0094120496726804,0.0162377673918868,0.0280135676119881,0.0483293023857166,0.0833782223471775,0.1438449888287641,0.248162892283679,0.4281332398719338,0.7386199822079276,1.2742749857031204,2.198392648862271,3.792690190732223,6.543189129712928,11.288378916846836,19.47483039908749,33.59818286283774,57.96393953384961,100.0,316.227766016838,1000.0,3162.27766016838,10000.000000000002,31622.7766016838,100000.00000000004,316227.766016838,1000000.0000000003,3162277.6601683805,10000000.000000004,266.5403199237521,267.2484168828367,268.44323905923875,270.4296152646069,273.6453459604269,278.6285257380171,285.82341117792504,295.15610280492126,305.6095827206166,315.4613807652115,323.3116565410664,328.79129380563484,332.2990139391166,334.43858172827504,335.71083176280706,336.4585545326264,336.8946561871587,337.14893086099795,337.2963393390688,337.3819976570211,337.46277968140225,337.4883218049418,337.4963916981606,337.4988956443433,337.4996704665955,337.4999106919946,337.5002336141438,337.5000339508949,337.50012757646846,337.5002076251785,266.9140754196981,267.858720471481,269.42378572070066,271.9629505808924,275.94522720352694,281.8705810601491,290.0333714243357,300.1677359447015,311.25316102111015,321.8274230064233,330.6787173564461,337.3090536299727,341.87093429526675,344.827016934882,346.6683867705404,347.7867728526417,348.45596849596586,348.85242696921085,349.0861731208066,349.22358191048573,349.35498286668405,349.3976241109825,349.4112465579862,349.41559929332084,349.417199134144,349.4176265580891,349.41781329433985,349.41769591684374,349.4179104500099,349.4177863799622,9.449643931276007,-8.481239311538355,100.0
0,13.0,0.0,0.0031622776601683,0.0099999999999999,0.0316227766016837,0.1,0.3162277660168379,1.0,3.1622776601683795,10.0,31.6227766016838,1.0040888683673288,0.1776237420781086,-199.5,9.996,0.0133147747351096,1.0,1.0,0.0031622776601683,0.0051348329074374,0.0083378222347177,0.0135387618002251,0.0219839264886224,0.03569698846826,0.0579639395338487,0.0941204967268052,0.1528306732658747,0.2481628922836794,0.4029611320200355,0.6543189129712902,1.0624678308940323,1.7252105499420285,2.80135676119885,4.548777947003754,7.386199822079336,11.993539462092318,19.47483039908755,31.6227766016838,100.0,316.227766016838,1000.0,3162.27766016838,10000.000000000002,31622.7766016838,100000.00000000004,316227.766016838,1000000.0000000003,3162277.6601683805,266.62256133446004,267.28143208666484,268.3307895215742,269.9817114221169,272.5297253295978,276.3455216588048,281.79730778221017,289.06047974644133,297.8344391203787,307.19334494220743,315.8852256341995,322.96568167661746,328.1585318820652,331.70068459327814,334.01194010406266,335.48214810346883,336.4039977047232,336.97797249928027,337.3335544395517,337.553332144395,337.79477409368474,337.87134361910125,337.89558071561805,337.9031210437176,337.90557945453577,337.90643870919524,337.9067760997497,337.906825474251,337.9067342198212,337.90679782977884,266.87876582786896,267.6931106782029,268.9838016518078,270.9973208194592,274.0630782470522,278.5626879249976,284.82285380647454,292.9180157747383,302.4556133245573,312.54158957780373,322.06420512490683,330.14117872222994,336.3897168851547,340.8856108722151,343.9523685061322,345.96918899585046,347.2626852263007,348.079373085091,348.58984719976627,348.90705562722513,349.2564348363618,349.36687638725016,349.40179618170674,349.412792291304,349.4161903494342,349.4172033316833,349.41775815840754,349.4178075215202,349.4179874554151,349.417818868377,8.85754313841545,-7.791546009124778,
0,14.0,0.0,0.0031622776601683,0.0099999999999999,0.0316227766016837,0.1,0.3162277660168379,1.0,3.1622776601683795,10.0,31.6227766016838,1.0099991715868235,0.1734005934825613,-199.5,9.996,0.0221420058478067,1.0,1.0,0.0031622776601683,0.0051348329074374,0.0083378222347177,0.0135387618002251,0.0219839264886224,0.03569698846826,0.0579639395338487,0.0941204967268052,0.1528306732658747,0.2481628922836794,0.4029611320200355,0.6543189129712902,1.0624678308940323,1.7252105499420285,2.80135676119885,4.548777947003754,7.386199822079336,11.993539462092318,19.47483039908755,31.6227766016838,100.0,316.227766016838,1000.0,3162.27766016838,10000.000000000002,31622.7766016838,100000.00000000004,316227.766016838,1000000.0000000003,3162277.6601683805,266.68762551279593,267.385553393531,268.49555721151864,270.237648413092,272.9174479443187,276.90863408420483,282.5668700369062,290.0231007765768,298.9066833891212,308.2385659604721,316.7853390630956,323.67830808402834,328.7057981978521,332.12851441185927,334.36134526605935,335.7819135484426,336.67410480848093,337.2291804310338,337.57346137218906,337.7861905285623,338.020259768346,338.0943261819117,338.11767511350945,338.12518761955005,338.1276126624856,338.12842705262415,338.12869721401137,338.1285698408634,338.1285816922783,338.1286136481959,266.86560967350016,267.67835394287704,268.96985810529844,270.99029136548614,274.0746027183682,278.61063972880163,284.9300239524203,293.1036201671401,302.7222159249303,312.8659019355101,322.4051080421822,330.45756903150675,336.6548366193666,341.09144395399744,344.1041509247241,346.0764125330453,347.3367092816823,348.1295744035542,348.62338274460944,348.9291277157968,349.2642405517619,349.36979443541696,349.4026593377984,349.413087287234,349.41665892456,349.4173530759273,349.4178157290127,349.41783459580336,349.41771355237444,349.41779027651427,8.621523951815167,-7.4791529101094705,
0,15.0,0.0,0.0031622776601683,0.0099999999999999,0.0316227766016837,0.1,0.3162277660168379,1.0,3.1622776601683795,10.0,31.6227766016838,1.010300568899529,0.173158122634801,-199.5,9.996,0.0368213832166099,1.0,1.0,0.0031622776601683,0.0051348329074374,0.0083378222347177,0.0135387618002251,0.0219839264886224,0.03569698846826,0.0579639395338487,0.0941204967268052,0.1528306732658747,0.2481628922836794,0.4029611320200355,0.6543189129712902,1.0624678308940323,1.7252105499420285,2.80135676119885,4.548777947003754,7.386199822079336,11.993539462092318,19.47483039908755,31.6227766016838,100.0,316.227766016838,1000.0,3162.27766016838,10000.000000000002,31622.7766016838,100000.00000000004,316227.766016838,1000000.0000000003,3162277.6601683805,266.7393013389803,267.4680794894064,268.62493032114645,270.43794515585114,273.2176611809459,277.3392982007945,283.14216117206416,290.71945809827014,299.6483468803606,308.9258856751546,317.3499292272298,324.1090880225034,329.028913374958,332.3776205080861,334.5633632051358,335.95524409885,336.8292329012059,337.3739597674838,337.71148473715607,337.92021125192736,338.1500427599266,338.222814543532,338.2457764352441,338.2529721927808,338.2553066522361,338.2559337338279,338.25638687841183,338.25637467883286,338.2563543691491,338.25635757685177,266.8654420877641,267.67790339454285,268.9696904966651,270.9907949471342,274.0763291746803,278.6147841978636,284.9380572386338,293.11600606753404,302.7393755811957,312.8859093119303,322.42584415834085,330.4759567449713,336.6701321672456,341.1032076475912,344.1125449822475,346.08252853968514,347.3408680362041,348.1323452881093,348.6250553070228,348.9301740438507,349.2646565081046,349.3699116749964,349.4027997396351,349.4129401396854,349.4162560920971,349.4173985570354,349.4177103923868,349.41776099939403,349.41792590333307,349.4177680961136,8.450763232943851,-7.227921436256357,
0,16.0,0.0,0.0031622776601683,0.0099999999999999,0.0316227766016837,0.1,0.3162277660168379,1.0,3.1622776601683795,10.0,31.6227766016838,1.010315935729429,0.1731368587466969,-199.5,9.996,0.0612326756348836,1.0,1.0,0.0031622776601683,0.0051348329074374,0.0083378222347177,0.0135387618002251,0.0219839264886224,0.03569698846826,0.0579639395338487,0.0941204967268052,0.1528306732658747,0.2481628922836794,0.4029611320200355,0.6543189129712902,1.0624678308940323,1.7252105499420285,2.80135676119885,4.548777947003754,7.386199822079336,11.993539462092318,19.47483039908755,31.622776601683796,100.0,316.227766016838,1000.0,3162.27766016838,10000.000000000002,31622.7766016838,100000.00000000004,316227.766016838,1000000.0000000003,3162277.6601683805,266.78236922803103,267.53610944353653,268.7319864876383,270.60223100208066,273.4620845061685,277.6830908582632,283.5891868324189,291.2397984947767,300.17574387377385,309.3889511542848,317.71353631796933,324.3779324849955,329.2271461333735,332.5291539156028,334.6857325897567,336.06001046302254,336.9231632314086,337.4613489179133,337.7950407949855,338.00118900918426,338.2283157042475,338.3000856576248,338.3230312639906,338.33041112771383,338.3326790801372,338.33336209446,338.3334414388262,338.3336167901747,338.3335843495805,338.3336451574051,266.86547886232995,267.67801129493586,268.97007038686456,270.9911121184659,274.07682848453976,278.615490486139,284.93922637562326,293.11780301588954,302.7410043203542,312.88795355156805,322.42774125344323,330.4776712811356,336.6715244341401,341.10424838696065,344.1134087904252,346.08274267186823,347.34097229423844,348.13247640309913,348.625463964187,348.9301383651966,349.2649691528342,349.37010473863813,349.40277255031424,349.41304323822766,349.4163429762356,349.41733330660423,349.41766161703856,349.41785012893246,349.4178154368014,349.4178270780795,8.34585071263413,-7.05323695205885,
0,17.0,0.0,0.0031622776601683,0.0099999999999999,0.0316227766016837,0.1,0.3162277660168379,1.0,3.1622776601683795,10.0,31.6227766016838,1.0103096234104296,0.1731328830630475,-199.5,9.996,0.1018278032454662,1.0,1.0,0.0031622776601683,0.0051348329074374,0.0083378222347177,0.0135387618002251,0.0219839264886224,0.03569698846826,0.0579639395338487,0.0941204967268052,0.1528306732658747,0.2481628922836794,0.4029611320200355,0.6543189129712902,1.0624678308940323,1.7252105499420285,2.80135676119885,4.548777947003754,7.386199822079336,11.993539462092318,19.47483039908755,31.622776601683796,100.0,316.227766016838,1000.0,3162.27766016838,10000.000000000002,31622.7766016838,100000.00000000004,316227.766016838,1000000.0000000003,3162277.6601683805,266.8173301599741,267.5917140061966,268.8183770679815,270.7337849534752,273.65451743045537,277.94803220746,283.9237534230796,291.6136366518595,300.53806426098413,309.6942919107139,317.9453892133311,324.5458931970059,329.34952869127653,332.6222226892999,334.76088051009407,336.1243155643862,336.9810420960552,337.5150253328697,337.8462367976568,338.0512564626463,338.27645431280064,338.3480000021349,338.3704881890431,338.3776310976694,338.3800973622394,338.3806322580697,338.3808303241067,338.3807798852724,338.38086144892867,338.3810411118121,266.8654867569508,267.6781906410868,268.9699478116196,270.9911807366701,274.07737586929227,278.6161930771453,284.9397434114134,293.11865372657155,302.74197582518104,312.8885797167276,322.4282236100593,330.47823645365577,336.6719713815249,341.1042435196624,344.1133707551634,346.08311269268734,347.3413894799029,348.13258078370865,348.62528001371885,348.93045709161214,349.2648222141994,349.3700301118579,349.40284305282336,349.4131172060011,349.41639579943103,349.41720581280833,349.4175283600952,349.4175432500155,349.417673946431,349.4176497456808,8.28203122638584,-6.933963141160637,
0,18.0,0.0,0.0031622776601683,0.0099999999999999,0.0316227766016837,0.1,0.3162277660168379,1.0,3.1622776601683795,10.0,31.6227766016838,1.010298321973356,0.173134676081298,-199.5,9.996,0.1693360841460653,1.0,1.0,0.0031622776601683,0.0051348329074374,0.0083378222347177,0.0135387618002251,0.0219839264886224,0.03569698846826,0.0579639395338487,0.0941204967268052,0.1528306732658747,0.2481628922836794,0.4029611320200355,0.6543189129712902,1.0624678308940323,1.7252105499420285,2.80135676119885,4.548777947003754,7.386199822079336,11.993539462092318,19.47483039908755,31.622776601683796,100.0,316.227766016838,1000.0,3162.27766016838,10000.000000000002,31622.7766016838,100000.00000000004,316227.766016838,1000000.0000000003,3162277.6601683805,266.844029390069,267.63350936377225,268.8832858005236,270.8313554912747,273.7952499286531,278.138048577124,284.1569224519084,291.86635358440765,300.7752914054993,309.888959950553,318.09010131406546,324.64954434764905,329.42471783427754,332.6792294042758,334.8066097651493,336.1633133804397,337.0162460979877,337.5478840369873,337.8776648821099,338.08164617874303,338.3058472910842,338.37719809514965,338.3996884892473,338.406520112441,338.4088238543523,338.40959299553026,338.40990833146566,338.4097736556683,338.40988626326595,338.4098294559743,266.86547278470675,267.67825149916183,268.9702606628129,270.9913385331073,274.07758095027344,278.6163770334913,284.9403062796189,293.1187847206611,302.74216736285496,312.8887567913416,322.4283324632636,330.47812000674423,336.67146276590285,341.10421083405936,344.11332790351935,346.08263892336043,347.34112672170727,348.1324869042822,348.625327347377,348.9304041633696,349.26479822511106,349.36999062120697,349.4028077835916,349.4130384022825,349.4163896758634,349.417255220218,349.4176136780142,349.4178685785595,349.4177646082096,349.41779211472146,8.243620594287824,-6.855167394324853,
0,19.0,0.0,0.0031622776601683,0.0099999999999999,0.0316227766016837,0.1,0.3162277660168379,1.0,3.1622776601683795,10.0,31.6227766016838,1.010297536233772,0.1731325075005783,-199.5,9.996,0.2816,1.0,1.0,0.0031622776601683,0.0051348329074374,0.0083378222347177,0.0135387618002251,0.0219839264886224,0.03569698846826,0.0579639395338487,0.0941204967268052,0.1528306732658747,0.2481628922836794,0.4029611320200355,0.6543189129712902,1.0624678308940323,1.7252105499420285,2.80135676119885,4.548777947003754,7.386199822079336,11.993539462092318,19.47483039908755,31.622776601683796,100.0,316.227766016838,1000.0,3162.27766016838,10000.000000000002,31622.7766016838,100000.00000000004,316227.766016838,1000000.0000000003,3162277.6601683805,266.86262496041167,267.66293678126306,268.92844561934385,270.8987263754903,273.8911252255838,278.26544272989,284.31011051945865,292.02902844675504,300.92490772752944,310.00980646155625,318.1793114610284,324.71291494003947,329.47039226637554,332.71386231718424,334.8347677143243,336.1875650225074,337.0378395525149,337.5680150101486,337.8965676848564,338.10005955931905,338.323849797086,338.3949649021476,338.4172238980525,338.4244157345783,338.4266189875086,338.4272385342976,338.4275875289374,338.42756050718725,338.4275620222062,338.42754567890825,266.86549785812866,267.6782160886611,268.9702041663005,270.9917047444148,274.0775408430373,278.61668451599854,284.9402732691792,293.11911182595804,302.7422646840961,312.8890030164569,322.42846944833144,330.47825643830106,336.6716639279414,341.1043770625854,344.1133815772565,346.08288272677294,347.34122993248394,348.1324113769385,348.6252857195458,348.930203519255,349.26480185567664,349.36993409031,349.4026878656564,349.41308255843546,349.4162526169017,349.41738782239906,349.4176135711387,349.41778706331286,349.4176484246596,349.4176740909181,8.220595428913407,-6.804817157818718,
0,20.0,0.0,0.0009999999999999,0.0031622776601683,0.0099999999999999,0.0316227766016837,0.1,0.3162277660168379,1.0,3.1622776601683795,10.0,1.0293565436788548,0.0788821151304667,-199.5,23.34836344267733,1.7900000000000005e-05,1.0,1.0,0.0009999999999998,0.0017252105499418,0.002976351441631,0.0051348329074371,0.0088586679041001,0.0152830673265865,0.0263665089873017,0.0454877794700348,0.0784759970351415,0.1353876180022472,0.2335721469090011,0.4029611320200231,0.6951927961775349,1.1993539462091962,2.069138081114735,3.5696988468259896,6.158482110660167,10.6246783089403,18.329807108324264,31.622776601683796,100.0,316.227766016838,1000.0,3162.27766016838,10000.000000000002,31622.7766016838,100000.00000000004,316227.766016838,1000000.0000000003,3162277.6601683805,266.0893799459,266.47950334990423,267.1431981607035,268.2619681188864,270.1170972376209,273.11081387780234,277.73235797178614,284.3908348689964,293.072840283943,303.01396370661456,312.8310156394772,321.2144735182954,327.54012782774373,331.8861524991735,334.6853299125283,336.41478896250743,337.456008140266,338.07302819068195,338.4354867063698,338.64719527128165,338.8477209698944,338.9114281815105,338.93153703287146,338.9379311767421,338.9400137694857,338.94061182636,338.9408513244194,338.94088939448187,338.9407312126007,338.94085192742534,266.3442847818614,266.93586251602824,267.9523836859565,269.6742296739774,272.5208375299158,277.04298894990313,283.7913032794591,292.9827857023903,304.0667577843921,315.64101049659183,326.0534856052373,334.2365983605417,340.00698954726704,343.76890125770376,346.095913641027,347.48886303007833,348.30604121487096,348.7798293070412,349.05263627920965,349.2090843660131,349.353894828163,349.3979349412131,349.41169121459154,349.41576718483395,349.4172209449428,349.4178442209982,349.41775908618024,349.4178929299195,349.4177444669244,349.41769062229747,9.770845368939424,-8.93893654810854,31.6227766016838
0,21.0,0.0,0.0009999999999999,0.0031622776601683,0.0099999999999999,0.0316227766016837,0.1,0.3162277660168379,1.0,3.1622776601683795,10.0,1.017042819123493,0.0806883871761858,-199.5,23.34836344267733,2.9767075490254447e-05,1.0,1.0,0.0009999999999998,0.0017252105499418,0.002976351441631,0.0051348329074371,0.0088586679041001,0.0152830673265865,0.0263665089873017,0.0454877794700348,0.0784759970351415,0.1353876180022472,0.2335721469090011,0.4029611320200231,0.6951927961775349,1.1993539462091962,2.069138081114735,3.5696988468259896,6.158482110660167,10.6246783089403,18.329807108324264,31.622776601683796,100.0,316.227766016838,1000.0,3162.27766016838,10000.000000000002,31622.7766016838,100000.00000000004,316227.766016838,1000000.0000000003,3162277.6601683805,266.08590844939306,266.4733612757394,267.13258467481035,268.2444489935961,270.08823106028404,273.0647864933521,277.6618892080461,284.2918764201079,292.949583493137,302.8809500063781,312.70882863700257,321.1177228475195,327.4717867507184,331.84230513346444,334.6592183635348,336.40051759996874,337.4487799918944,338.07045051210696,338.43551073660467,338.6488243743245,338.85099043885214,338.9150214861781,338.9351704690477,338.94146694604217,338.9436583559295,338.94450919330524,338.9445458085981,338.9447145015466,338.9445631449033,338.9447210295946,266.39499330068776,267.0139933185442,268.06944654423137,269.84347980987263,272.75146307558657,277.33137241362226,284.10794926655785,293.266603089183,304.2468122715866,315.68035606566343,325.9740850998534,334.09447156985283,339.8547958314276,343.63663881252745,345.993828815434,347.41542988219953,348.25578304277263,348.74625882950573,349.03073504523053,349.19513647043874,349.34866906258435,349.3962541922139,349.41101425703204,349.4156116855993,349.41732475703435,349.4175369895589,349.41775247554096,349.41774539065017,349.41772061462467,349.4180117456058,9.79994213156744,-8.9998115776414,31.6227766016838
0,22.0,0.0,0.0009999999999999,0.0031622776601683,0.0099999999999999,0.0316227766016837,0.1,0.3162277660168379,1.0,3.1622776601683795,10.0,0.9858734772516824,0.0903502882480553,-199.5,23.34836344267733,4.950160800237468e-05,1.0,1.0,0.0009999999999998,0.0017252105499418,0.002976351441631,0.0051348329074371,0.0088586679041001,0.0152830673265865,0.0263665089873017,0.0454877794700348,0.0784759970351415,0.1353876180022472,0.2335721469090011,0.4029611320200231,0.6951927961775349,1.1993539462091962,2.069138081114735,3.5696988468259896,6.158482110660167,10.6246783089403,18.329807108324264,31.622776601683796,100.0,316.227766016838,1000.0,3162.27766016838,10000.000000000002,31622.7766016838,100000.00000000004,316227.766016838,1000000.0000000003,3162277.6601683805,266.08244101507785,266.4674240256642,267.1227396246281,268.22778982231114,270.06096770036856,273.02114094510443,277.5965376318216,284.20189457892894,292.84017797066525,302.76897550796764,312.6148878054771,321.05565950063914,327.44391125808784,331.8422417089159,334.67965868966525,336.433985810544,337.49076912740173,338.1173914194306,338.4854881637179,338.7001898558615,338.90409782251675,338.96887067735,338.98933492363994,338.9958212560488,338.9978297108632,338.9985850211553,338.9986505281948,338.9985844490949,338.99864556411194,338.99878896648573,266.48554121947484,267.1421735042142,268.2417866850019,270.0566573481512,272.9796083995197,277.50641521194007,284.1112608692668,292.9576990131613,303.5483299209631,314.6593626746257,324.82029611131753,333.0100816506514,338.9615999563717,342.9655311700463,345.5200650936879,347.0944246882211,348.04438834376225,348.609693422715,348.9438340022019,349.140277063147,349.328431092557,349.3890171427519,349.40841130565724,349.414756581324,349.4167254673013,349.4174984540035,349.4178471946192,349.4180112570915,349.4177452501133,349.4178034047304,9.51134199245062,-8.791393080561681,31.6227766016838
0,23.0,0.0,0.0009999999999999,0.0031622776601683,0.0099999999999999,0.0316227766016837,0.1,0.3162277660168379,1.0,3.1622776601683795,10.0,0.93471762192502,0.1146080233779731,-199.5,23.34836344267733,8.231944705562404e-05,1.0,1.0,0.0009999999999998,0.0017252105499418,0.002976351441631,0.0051348329074371,0.0088586679041001,0.0152830673265865,0.0263665089873017,0.0454877794700348,0.0784759970351415,0.1353876180022472,0.2335721469090011,0.4029611320200231,0.6951927961775349,1.1993539462091962,2.069138081114735,3.5696988468259896,6.158482110660167,10.6246783089403,18.329807108324264,31.622776601683796,100.0,316.227766016838,1000.0,3162.27766016838,10000.000000000002,31622.7766016838,100000.00000000004,316227.766016838,1000000.0000000003,3162277.6601683805,266.07975459065784,266.4628725188092,267.1150826536557,268.2151906885311,270.0396898905503,272.98820384683125,277.54823496074573,284.1380227155555,292.76925105772057,302.70845962486004,312.5851161349674,321.0679015390987,327.4968712603514,331.9284536030469,334.7890298566383,336.55880340042773,337.6249155489666,338.2573394591517,338.62877379727547,338.84574824509406,339.0514362072794,339.1168187787388,339.1373705528584,339.1439771015284,339.14601307596723,339.146564676404,339.14669303681825,339.1469294607056,339.14690168898653,339.1471136679244,266.59909894073326,267.2854595361048,268.4020011615893,270.19438416344343,273.00635171030643,277.2636937996944,283.3752789542465,291.5145783311734,301.3393416713496,311.8928682310802,321.90758796783336,330.35402659639857,336.79484664614347,341.3365115414581,344.36303563073574,346.30400307666747,347.5184794888908,348.2661208561101,348.72229252237736,348.99852747902673,349.274259523152,349.36885690508825,349.40111476503097,349.4121393088085,349.41587124913457,349.41702132387354,349.41740512176415,349.4177829549279,349.4178051982849,349.4177714050151,8.70022589518649,-8.074032747343216,31.6227766016838
0,24.0,0.0,0.0031622776601683,0.0099999999999999,0.0316227766016837,0.1,0.3162277660168379,1.0,3.1622776601683795,10.0,31.6227766016838,0.8705657486896784,0.1652874446194437,-199.5,23.34836344267733,0.0001368943684257,1.0,1.0,0.0031622776601683018,0.0054555947811683915,0.009412049672680459,0.016237767391886884,0.02801356761198814,0.04832930238571666,0.08337822234717755,0.1438449888287641,0.24816289228367908,0.42813323987193386,0.7386199822079276,1.2742749857031204,2.198392648862271,3.792690190732223,6.543189129712928,11.288378916846836,19.47483039908749,33.59818286283774,57.96393953384961,100.0,316.22776601683796,1000.0000000000001,3162.27766016838,10000.000000000002,31622.7766016838,100000.00000000003,316227.766016838,1000000.0000000003,3162277.6601683805,10000000.000000004,267.20642621610546,268.3680996209638,270.29160541267555,273.38884186341846,278.1527250471671,284.9813167408816,293.82394321359214,303.86635721176947,313.6992036370553,322.0310211632387,328.27820860967836,332.55108097117636,335.2948224811868,336.9867570935239,338.0036978992207,338.6060853947262,338.9596401714364,339.1662071021222,339.2861915090951,339.3560987413589,339.4218871032821,339.4426944267916,339.4495022582418,339.4515754133684,339.45249965029103,339.45227662724983,339.4524251087518,339.4525566118273,339.452455065739,339.4525414531588,268.5715772621623,270.3042646940111,272.93748693304696,276.81627006163563,282.2792321112615,289.5058159662098,298.3162375922599,308.0550640765255,317.7266213778328,326.36517708594863,333.3788710826419,338.6428132250479,342.3624642594553,344.8801446306644,346.53412440171866,347.5995547133339,348.27708807567683,348.7044358437785,348.97274897542354,349.1402815613281,349.3156569226723,349.3801108274331,349.40403131718523,349.41270295620234,349.4159428254674,349.4170607231792,349.4174113895039,349.4176850195911,349.4176541659373,349.4178209161305,7.7925519188556205,-7.220253572472382,100.0
0,25.0,0.0,0.0031622776601683,0.0099999999999999,0.0316227766016837,0.1,0.3162277660168379,1.0,3.1622776601683795,10.0,31.6227766016838,0.8443918960420704,0.2223689192978735,-199.5,23.34836344267733,0.00022765055861,1.0,1.0,0.0031622776601683018,0.0054555947811683915,0.009412049672680459,0.016237767391886884,0.02801356761198814,0.04832930238571666,0.08337822234717755,0.1438449888287641,0.24816289228367908,0.42813323987193386,0.7386199822079276,1.2742749857031204,2.198392648862271,3.792690190732223,6.543189129712928,11.288378916846836,19.47483039908749,33.59818286283774,57.96393953384961,100.0,316.22776601683796,1000.0000000000001,3162.27766016838,10000.000000000002,31622.7766016838,100000.00000000003,316227.766016838,1000000.0000000003,3162277.6601683805,10000000.000000004,267.2065073392371,268.36873474649286,270.29390682365477,273.39488158493805,278.16993199714824,285.022689166223,293.912483518495,304.0288517966355,313.953916688526,322.37737837011133,328.7003442612147,333.02638363818375,335.80275392534446,337.5124115485993,338.5389382060374,339.1463511768153,339.5023398749083,339.7100205564749,339.83099550817724,339.90101125855364,339.96774536977017,339.9886429767892,339.99510071945184,339.9973485866734,339.9978974914311,339.9981412068369,339.9981298502844,339.99822238983097,339.99824913458036,339.9983124871529,268.17364155539167,269.63451522898856,271.84391586057643,275.1014459444439,279.73133441440245,285.97944533513345,293.85026139875015,302.95210940896663,312.49818013055494,321.54277193880574,329.3236408575029,335.47939920632786,340.03202653963746,343.2324008539979,345.4019673558216,346.83660074805215,347.7697494736293,348.3699890325931,348.75361782475653,348.99726235208715,349.25818835122635,349.3577177057682,349.3947416026141,349.40912131476733,349.41451032572274,349.4165782545208,349.41734764592,349.4174913890145,349.41769467321575,349.41766403575105,6.7513884407654565,-5.3695569520122906,100.0
0,26.0,0.0,0.0031622776601683,0.0099999999999999,0.0316227766016837,0.1,0.3162277660168379,1.0,3.1622776601683795,10.0,31.6227766016838,0.851022139591062,0.2572400998724494,-199.5,23.34836344267733,0.0003785749365108,1.0,1.0,0.0031622776601683018,0.0054555947811683915,0.009412049672680459,0.016237767391886884,0.02801356761198814,0.04832930238571666,0.08337822234717755,0.1438449888287641,0.24816289228367908,0.42813323987193386,0.7386199822079276,1.2742749857031204,2.198392648862271,3.792690190732223,6.543189129712928,11.288378916846836,19.47483039908749,33.59818286283774,57.96393953384961,100.0,316.22776601683796,1000.0000000000001,3162.27766016838,10000.000000000002,31622.7766016838,100000.00000000003,316227.766016838,1000000.0000000003,3162277.6601683805,10000000.000000004,267.21351843592254,268.3810362765985,270.31609616345935,273.4358529408484,278.2450688531991,285.15934932128226,294.1490789855393,304.4038078552219,314.4859002845209,323.0532417476125,329.4797982323579,333.8633608710916,336.66093460626274,338.37234541566903,339.39319107414263,339.9942823919855,340.3454151728667,340.54983045212145,340.66866465000254,340.73759308539604,340.80252985776735,340.823194452315,340.8297756586981,340.8318792932003,340.8324429924766,340.8327084829463,340.832934987234,340.832735428931,340.83275347825645,340.83299291086996,267.7439654339469,268.9882527791288,270.89006600281766,273.73382117724833,277.84999824458987,283.5364729744293,290.90893783793945,299.7221588610475,309.2962217154418,318.68040194981694,326.9968461735828,333.7331374301446,338.80102832781665,342.40357628639464,344.86193272001583,346.4923816666238,347.55355821207985,348.2356047157798,348.67050168099354,348.9465292538242,349.2401464147693,349.3510719705449,349.39276762300784,349.40826613326414,349.4143290413052,349.41662752289886,349.4174075740862,349.4175187279645,349.41766204218476,349.4177319652513,6.209773280165397,-3.8248869366714455,100.0
0,27.0,0.0,0.0031622776601683,0.0099999999999999,0.0316227766016837,0.1,0.3162277660168379,1.0,3.1622776601683795,10.0,31.6227766016838,0.8664823545776622,0.2542224680653208,-199.5,23.34836344267733,0.0006295569113874,1.0,1.0,0.0031622776601683018,0.0054555947811683915,0.009412049672680459,0.016237767391886884,0.02801356761198814,0.04832930238571666,0.08337822234717755,0.1438449888287641,0.24816289228367908,0.42813323987193386,0.7386199822079276,1.2742749857031204,2.198392648862271,3.792690190732223,6.543189129712928,11.288378916846836,19.47483039908749,33.59818286283774,57.96393953384961,100.0,316.22776601683796,1000.0000000000001,3162.27766016838,10000.000000000002,31622.7766016838,100000.00000000003,316227.766016838,1000000.0000000003,3162277.6601683805,10000000.000000004,267.2315406286423,268.4123685961808,270.3713553235982,273.53344798610823,278.4163476532942,285.4547957190764,294.6331013198821,305.13185089276476,315.4659787883211,324.22731384062007,330.74667990131553,335.12812432109024,337.8724634832353,339.52065382411,340.48996566636293,341.055027368471,341.38288175581823,341.5732085359586,341.68358380910973,341.7474080678006,341.807628709488,341.8267751493947,341.832918143027,341.83477438342493,341.8352458592127,341.8355400813309,341.8355876889769,341.8355313400076,341.8354928940469,341.83549595772007,267.58466040386674,268.768455919156,270.5962027003624,273.35877174542986,277.40144540552166,283.04789158136833,290.44305069277743,299.35684381793175,309.0939008932696,318.6550388257106,327.1128658396186,333.9294433545828,339.0202858600892,342.60846919553046,345.0343289824948,346.62837078785765,347.655894963317,348.31047772409823,348.7237217475515,348.98352558229396,349.2571943160772,349.35869245862153,349.3959329291555,349.40970753173804,349.41490905526365,349.4166864869409,349.4174252423827,349.4178359384279,349.4176932837667,349.4178278113205,5.672379877995052,-2.9281487796044416,100.0
0,28.0,0.0,0.0031622776601683,0.0099999999999999,0.0316227766016837,0.1,0.3162277660168379,1.0,3.1622776601683795,10.0,31.6227766016838,0.8807373645007535,0.2252149212355093,-199.5,23.34836344267733,0.0010469311791442,1.0,1.0,0.0031622776601683018,0.0054555947811683915,0.009412049672680459,0.016237767391886884,0.02801356761198814,0.04832930238571666,0.08337822234717755,0.1438449888287641,0.24816289228367908,0.42813323987193386,0.7386199822079276,1.2742749857031204,2.198392648862271,3.792690190732223,6.543189129712928,11.288378916846836,19.47483039908749,33.59818286283774,57.96393953384961,100.0,316.22776601683796,1000.0000000000001,3162.27766016838,10000.000000000002,31622.7766016838,100000.00000000003,316227.766016838,1000000.0000000003,3162277.6601683805,10000000.000000004,267.2698125614115,268.47866462585586,270.4860664186569,273.7321174413051,278.75757112132214,286.023962645294,295.5281398275037,306.40851583170144,317.06776633562146,325.9744802085853,332.4313425016178,336.6310559358307,339.18312990382066,340.68258043760153,341.5523208326793,342.05520028073647,342.3459230872157,342.5138045288977,342.6112904148686,342.66767611888935,342.7208411031894,342.73769337093876,342.74296858374504,342.74452472529816,342.7451263847474,342.7452736929051,342.745359790013,342.7453528085686,342.7455553933586,342.7454382964148,267.66398813685504,268.91692021148475,270.8617975789096,273.8116970058416,278.13229259149557,284.14831159550425,291.9618994578236,301.247898956714,311.1935546506123,320.7322385692574,328.96125180198396,335.4342980999007,340.1633218636953,343.4334144319742,345.6088297200261,347.0184542819143,347.91666541345825,348.4824443228788,348.83678893343335,349.0572684870906,349.2865746291157,349.3702772208404,349.4005319793045,349.411393080208,349.41538565957615,349.4170392634119,349.4173615864384,349.41777067444366,349.4178535275277,349.417670568014,5.026675360079446,-2.5911879697046647,100.0
0,29.0,0.0,0.0031622776601683,0.0099999999999999,0.0316227766016837,0.1,0.3162277660168379,1.0,3.1622776601683795,10.0,31.6227766016838,0.8967147441026213,0.1870268463948193,-199.5,23.34836344267733,0.0017410100247312,1.0,1.0,0.0031622776601683018,0.0054555947811683915,0.009412049672680459,0.016237767391886884,0.02801356761198814,0.04832930238571666,0.08337822234717755,0.1438449888287641,0.24816289228367908,0.42813323987193386,0.7386199822079276,1.2742749857031204,2.198392648862271,3.792690190732223,6.543189129712928,11.288378916846836,19.47483039908749,33.59818286283774,57.96393953384961,100.0,316.22776601683796,1000.0000000000001,3162.27766016838,10000.000000000002,31622.7766016838,100000.00000000003,316227.766016838,1000000.0000000003,3162277.6601683805,10000000.000000004,267.3429267507946,268.6046484961937,270.70241658119176,274.1002148767666,279.37243376543853,287.00949440769523,296.9905644209444,308.3290136489495,319.21940578881595,328.02063919879225,334.1519380441755,338.00516661154387,340.295167808595,341.6246400682104,342.3907753562164,342.8326827935547,343.0875038222235,343.23487623938524,343.3201401680114,343.3695885488398,343.41614181904384,343.43077809341133,343.4354284133288,343.4369014192645,343.4373654013541,343.437574814871,343.43746455917477,343.43738766166416,343.43763814376416,343.4375315995981,267.86646092328164,269.26457687094285,271.4427555388119,274.7482266845599,279.5679287383306,286.20444471752995,294.65953327676544,304.43167301970794,314.5397612651512,323.86828127640587,331.6140660235509,337.4978324082546,341.67022846849756,344.4848037407835,346.31975210358263,347.4895942539414,348.22424716508385,348.68169371612004,348.9647746266725,349.13936131806366,349.318522331319,349.38235005821656,349.4051480552136,349.4132049983228,349.4162232751702,349.4175219137405,349.417533762363,349.4176522311482,349.41760600678015,349.4177692887496,4.44745245405186,-2.6118359578416137,100.0
0,30.0,0.0,0.0031622776601683,0.0099999999999999,0.0316227766016837,0.1,0.3162277660168379,1.0,3.1622776601683795,10.0,31.6227766016838,0.9259428619257368,0.1458680932856556,-199.5,23.34836344267733,0.0028952389293555,1.0,1.0,0.0031622776601683018,0.005134832907437434,0.008337822234717712,0.013538761800225162,0.021983926488622463,0.035696988468260006,0.05796393953384872,0.09412049672680521,0.15283067326587477,0.24816289228367946,0.4029611320200355,0.6543189129712902,1.0624678308940323,1.7252105499420285,2.80135676119885,4.548777947003754,7.386199822079336,11.993539462092318,19.47483039908755,31.622776601683793,100.0,316.22776601683796,1000.0000000000001,3162.27766016838,10000.000000000002,31622.7766016838,100000.00000000003,316227.766016838,1000000.0000000003,3162277.6601683805,267.4665442550356,268.6292676426107,270.46020074103416,273.29074305262174,277.5365182194744,283.6145678608246,291.72495760496525,301.522004162097,311.9340481715501,321.5024000957868,329.1349125905187,334.5566583857407,338.11674786705527,340.35480267606266,341.73472229550424,342.5795347410564,343.09694617341034,343.41415167152877,343.6087702031922,343.7281828644246,343.8592346539865,343.90018909529107,343.913618381958,343.91760792597256,343.91884261486405,343.9193446035639,343.919346364293,343.91957097408954,343.9196150573558,343.9195294998828,268.05467367838986,269.4097118838559,271.44281969008017,274.42426251037284,278.6566833652975,284.39257670215824,291.6996999032685,300.31313548329297,309.5881156870323,318.65707431859397,326.7271018425349,333.32695288980835,338.3597455259783,341.9943549969298,344.5170759479559,346.2194604303659,347.34663417576746,348.08316344323237,348.5606553828987,348.8685122544226,349.2278977469076,349.35231251819914,349.39516848820784,349.41002693285634,349.4151650096079,349.4167648162745,349.417463559935,349.4176393073855,349.41783827922615,349.41778291366904,3.838795867178677,-2.58056297462514,
0,31.0,0.0,0.0031622776601683,0.0099999999999999,0.0316227766016837,0.1,0.3162277660168379,1.0,3.1622776601683795,10.0,31.6227766016838,0.9557989163347976,0.115472256446472,-199.5,23.34836344267733,0.0048146813280697,1.0,1.0,0.0031622776601683018,0.005134832907437434,0.008337822234717712,0.013538761800225162,0.021983926488622463,0.035696988468260006,0.05796393953384872,0.09412049672680521,0.15283067326587477,0.24816289228367946,0.4029611320200355,0.6543189129712902,1.0624678308940323,1.7252105499420285,2.80135676119885,4.548777947003754,7.386199822079336,11.993539462092318,19.47483039908755,31.622776601683793,100.0,316.22776601683796,1000.0000000000001,3162.27766016838,10000.000000000002,31622.7766016838,100000.00000000003,316227.766016838,1000000.0000000003,3162277.6601683805,267.64192281622,268.90863690379587,270.9001784214244,273.97038118773617,278.554063815211,285.063803506928,293.6351255187979,303.7770485829579,314.25132338353893,323.55937663454347,330.7509265728892,335.7398965810846,338.97345019904805,340.99575709145995,342.2428690318359,343.0078467145855,343.47718315035473,343.765616630904,343.9424778462851,344.05143113143276,344.17054421919113,344.2081672389159,344.22007174299296,344.2239702261699,344.2253523729917,344.2255146088717,344.225681895866,344.2256533326018,344.2254711298541,344.2255615214369,268.20947296620847,269.7003913189703,271.9593675612676,275.29336603427976,280.03178935004235,286.4165605428751,294.4319195342551,303.6507728914107,313.2499830093715,322.2689562758741,329.96060601136253,335.99477499589204,340.4238706111587,343.51689605226807,345.60212372862395,346.974323121363,347.86309431621106,348.432496996886,348.7950872373707,349.0248400446161,349.286607212415,349.37406015829896,349.4034399049713,349.4130031097701,349.416144623178,349.4173410353935,349.41759634895624,349.4177135305566,349.4176670590217,349.4178609639586,3.6742558354679042,-2.8798940845633845,
