,drug_conc_ikr,drug_conc_ikr,drug_conc_ikr,drug_conc_ikr,drug_conc_ikr,drug_conc_ikr,drug_conc_ikr,drug_conc_ikr,drug_conc_ikr,drug_conc_ikr,drug_conc_ikr,drug_conc_ikr,drug_conc_ikr,drug_conc_ikr,drug_conc_ikr,drug_conc_ikr,drug_conc_ikr,drug_conc_ikr,drug_conc_ikr,drug_conc_ikr,drug_conc_ikr,drug_conc_ikr,drug_conc_ikr,drug_conc_ikr,drug_conc_ikr,drug_conc_ikr,drug_conc_ikr,Hill_curve,Hill_curve,param_values,param_values,param_values,param_values,param_values,drug_conc_AP,drug_conc_AP,drug_conc_AP,drug_conc_AP,drug_conc_AP,drug_conc_AP,drug_conc_AP,drug_conc_AP,drug_conc_AP,drug_conc_AP,drug_conc_AP,drug_conc_AP,drug_conc_AP,drug_conc_AP,drug_conc_AP,drug_conc_AP,drug_conc_AP,drug_conc_AP,drug_conc_AP,drug_conc_AP,drug_conc_AP,drug_conc_AP,drug_conc_AP,drug_conc_AP,drug_conc_AP,drug_conc_AP,drug_conc_AP,drug_conc_AP,drug_conc_AP,drug_conc_AP,APD_trapping,APD_trapping,APD_trapping,APD_trapping,APD_trapping,APD_trapping,APD_trapping,APD_trapping,APD_trapping,APD_trapping,APD_trapping,APD_trapping,APD_trapping,APD_trapping,APD_trapping,APD_trapping,APD_trapping,APD_trapping,APD_trapping,APD_trapping,APD_trapping,APD_trapping,APD_trapping,APD_trapping,APD_trapping,APD_trapping,APD_trapping,APD_trapping,APD_trapping,APD_trapping,APD_conductance,APD_conductance,APD_conductance,APD_conductance,APD_conductance,APD_conductance,APD_conductance,APD_conductance,APD_conductance,APD_conductance,APD_conductance,APD_conductance,APD_conductance,APD_conductance,APD_conductance,APD_conductance,APD_conductance,APD_conductance,APD_conductance,APD_conductance,APD_conductance,APD_conductance,APD_conductance,APD_conductance,APD_conductance,APD_conductance,APD_conductance,APD_conductance,APD_conductance,APD_conductance,RMSE,ME,peak_current,peak_current,peak_current,peak_current,peak_current,peak_current,peak_current,peak_current,peak_current,peak_current,peak_current,peak_current,peak_current,peak_current,peak_current,peak_current,peak_current,peak_current,peak_current,peak_current,peak_current,peak_current,peak_current,peak_current,peak_current,peak_current,peak_current
,conc_0,conc_1,conc_2,conc_3,conc_4,conc_5,conc_6,conc_7,conc_8,conc_9,conc_10,conc_11,conc_12,conc_13,conc_14,conc_15,conc_16,conc_17,conc_18,conc_19,conc_20,conc_21,conc_22,conc_23,conc_24,conc_25,conc_26,Hill_coef,IC50,Kmax,Ku,halfmax,n,Vhalf,conc_0,conc_1,conc_2,conc_3,conc_4,conc_5,conc_6,conc_7,conc_8,conc_9,conc_10,conc_11,conc_12,conc_13,conc_14,conc_15,conc_16,conc_17,conc_18,conc_19,conc_20,conc_21,conc_22,conc_23,conc_24,conc_25,conc_26,conc_27,conc_28,conc_29,conc_0,conc_1,conc_2,conc_3,conc_4,conc_5,conc_6,conc_7,conc_8,conc_9,conc_10,conc_11,conc_12,conc_13,conc_14,conc_15,conc_16,conc_17,conc_18,conc_19,conc_20,conc_21,conc_22,conc_23,conc_24,conc_25,conc_26,conc_27,conc_28,conc_29,conc_0,conc_1,conc_2,conc_3,conc_4,conc_5,conc_6,conc_7,conc_8,conc_9,conc_10,conc_11,conc_12,conc_13,conc_14,conc_15,conc_16,conc_17,conc_18,conc_19,conc_20,conc_21,conc_22,conc_23,conc_24,conc_25,conc_26,conc_27,conc_28,conc_29,RMSE,ME,conc_0,conc_1,conc_2,conc_3,conc_4,conc_5,conc_6,conc_7,conc_8,conc_9,conc_10,conc_11,conc_12,conc_13,conc_14,conc_15,conc_16,conc_17,conc_18,conc_19,conc_20,conc_21,conc_22,conc_23,conc_24,conc_25,conc_26
mexiletine,0.0,1.6233286540792925e-11,5.1334159379061495e-11,1.6233286540792923e-10,5.13341593790615e-10,1.6233286540792923e-09,5.133415937906149e-09,1.6233286540792926e-08,5.13341593790615e-08,1.6233286540792928e-07,5.133415937906151e-07,1.623328654079293e-06,5.133415937906151e-06,1.623328654079293e-05,5.133415937906151e-05,0.0001623328654079,0.0005133415937906,0.0016233286540792,0.0051334159379061,0.0162332865407929,0.0513341593790615,0.1623328654079293,0.5133415937906154,1.623328654079294,5.133415937906155,16.233286540792943,51.33415937906155,0.6672808955304255,0.1611501167731107,9.996,0.09967,2308000.0,0.65,-86.26,1.6233286540792918e-11,7.384161582415191e-11,3.358891136320281e-10,1.5278849927280183e-09,6.9500095604792235e-09,3.1614050220173314e-08,1.4380529445699425e-07,6.5413835208836e-07,2.975530110268925e-06,1.3535025746237002e-05,6.156782662661123e-05,0.000280058372004,0.0012739233464459,0.0057947944244865,0.0263592330855249,0.1199022981593679,0.5454089296624055,2.4809441113472896,11.285263861445411,51.33415937906155,162.33286540792943,513.3415937906155,1623.3286540792944,5133.415937906156,16233.286540792946,51334.159379061566,162332.8654079295,513341.5937906157,1623328.654079295,5133415.937906158,300.91704640168274,300.917039115382,300.9173223585873,300.9175113959738,300.9184714876809,300.920688073287,300.9268731768252,300.94357540697786,300.98793085852515,301.1063789859312,301.4207424253668,302.24253423737576,304.306668974904,309.01208938395763,317.6467057829507,328.4246794125661,336.6955085478247,340.94177119038017,342.711810189964,343.39667560007814,343.61434232182864,343.71783660710554,343.766810611666,343.7900503953177,343.8008253780813,343.80595323135225,343.8084936142221,343.8098166951776,343.8102436135342,343.81040996756184,300.9170108638994,300.91700359259715,300.91715503439605,300.9173367450928,300.9180421197285,300.9198885767961,300.9248971768018,300.9384317065904,300.9755729573333,301.0770324275141,301.35440107315264,302.09982715416146,304.03353368360195,308.6077720432916,317.4361092786218,329.31965176867305,339.43796226952065,345.19876695562215,347.75388263051923,348.7594577836867,349.07675340712353,349.2254265605953,349.2945519192993,349.3269398282349,349.3417288075205,349.3487532693441,349.3519797336984,349.35349633579267,349.3541689293611,349.35439762774234,3.590155656203877,-2.414837560608161,1.0,0.9999992444999324,0.9999993689449014,0.999997501724646,0.9999955693247432,0.9999890734677068,0.9999757720660516,0.9999496533433296,0.9998933098370706,0.9997757592521236,0.9995247611297482,0.9989976390302386,0.9978845773592564,0.9955416667106236,0.9906305476994,0.9804101183707,0.9594999817008444,0.9181159728167304,0.8413675527389085,0.7147762124793833,0.5414190344062981,0.3558713483675852,0.2029804567832521,0.1019418264011661,0.0445653826275653,0.0147632127010473,0.0
mexiletine,0.0,5.043671876963523e-11,1.594949090174127e-10,5.043671876963521e-10,1.5949490901741267e-09,5.043671876963523e-09,1.5949490901741267e-08,5.043671876963523e-08,1.594949090174127e-07,5.043671876963524e-07,1.5949490901741273e-06,5.043671876963525e-06,1.5949490901741274e-05,5.043671876963525e-05,0.0001594949090174,0.0005043671876963,0.0015949490901741,0.0050436718769635,0.0159494909017412,0.0504367187696352,0.1594949090174128,0.5043671876963528,1.5949490901741283,5.043671876963528,15.949490901741283,50.43671876963529,,0.7005447936942079,0.1627520835874318,9.996,0.09967,2308000.0,0.6844210526315789,-86.26,5.043671876963527e-11,2.1593635815353807e-10,9.244953262242179e-10,3.958071792628402e-09,1.6945821002237296e-08,7.255069247977814e-08,3.106136302632011e-07,1.3298401987296902e-06,5.693487927940862e-06,2.437571432761097e-05,0.0001043605354927,0.0004468021417527,0.0019129084853031,0.0081897970739136,0.0350632435514839,0.150117400621157,0.6427024908908987,2.751622996988862,11.780612686069778,50.43671876963529,159.49490901741288,504.36718769635297,1594.949090174129,5043.67187696353,15949.49090174129,50436.71876963531,159494.90901741292,504367.1876963531,1594949.0901741297,5043671.876963532,300.91716833013675,300.9169976977392,300.9173399276394,300.9176463618,300.9184474676467,300.92052423747805,300.9267686358769,300.9434092517787,300.9881886387285,301.1095247242053,301.43478126168606,302.29222245815515,304.4638610005496,309.41788095138287,318.3941030716059,329.2524615720727,337.2450208682745,341.20986439873684,342.8277456116135,343.4446236893564,343.6439980498668,343.7349512154989,343.7762591801807,343.7952139569084,343.80371545669584,343.80751255202136,343.8094187639142,343.8102334665335,343.8104475497397,343.810605092997,300.9170220216989,300.9169828172476,300.91712635434686,300.9175056415755,300.9179370708295,300.91983208316407,300.9246768749832,300.9385162618157,300.9765687181272,301.0819160512107,301.370904881177,302.1533312368561,304.19175581191894,309.0108589983075,318.1936022237897,330.21492919017174,340.08936845380134,345.5379604479492,347.9026132778529,348.8200011519982,349.11464259183447,349.247290162208,349.3065231761695,349.3334152215078,349.34508438712106,349.3503816692068,349.3528742486292,349.3537349099822,349.3543489584837,349.3547204248977,3.5992318672825685,-2.4255163292680986,1.0,0.9999999332644816,0.9999989480691308,0.999997788956346,0.999995109911067,0.9999882805156258,0.9999736661205524,0.9999411919742728,0.999870811349298,0.9997152472288756,0.9993738310811364,0.9986273211751476,0.99698553480425,0.99340138567873,0.9856118920630538,0.968911868630807,0.9341225856094952,0.8657542515142614,0.7455748933417912,0.5705365588965023,0.3745132742588592,0.2102339076567758,0.1028765345196001,0.0436839513461745,0.0140814860193381,0.0,
mexiletine,0.0,1.4058426656189287e-10,4.445664855198303e-10,1.4058426656189283e-09,4.445664855198303e-09,1.4058426656189288e-08,4.445664855198304e-08,1.4058426656189288e-07,4.445664855198304e-07,1.4058426656189291e-06,4.4456648551983045e-06,1.4058426656189292e-05,4.445664855198305e-05,0.0001405842665618,0.0004445664855198,0.0014058426656189,0.0044456648551983,0.0140584266561892,0.044456648551983,0.140584266561893,0.4445664855198308,1.4058426656189302,4.4456648551983085,14.058426656189305,44.456648551983086,,,0.7350665119296403,0.1632798665456016,9.996,0.09967,2308000.0,0.718842105263158,-86.26,1.4058426656189259e-10,5.664999519798725e-10,2.282774619391084e-09,9.198694447764465e-09,3.706716327777628e-08,1.49366260751844e-07,6.018879751816347e-07,2.425374598284415e-06,9.773316936973386e-06,3.9382668565134295e-05,0.0001586968470697,0.0006394866114324,0.0025768824885447,0.0103838348466661,0.0418428184452171,0.1686102948759376,0.6794339529344053,2.7378547480729822,11.032490485899338,44.45664855198309,140.5842665618931,444.566485519831,1405.842665618931,4445.664855198311,14058.426656189313,44456.64855198312,140584.26656189316,444566.4855198312,1405842.6656189316,4445664.855198313,300.9169488141517,300.9170615121641,300.9172222637168,300.91747006559945,300.9181605133237,300.920562436832,300.92643358972043,300.9427520407331,300.98627689311894,301.1056776495238,301.42745336013354,302.28194704756226,304.4594355513743,309.45428936856405,318.5203441196785,329.4362628681757,337.38716264876285,341.28687354933345,342.8635918920907,343.4604842825394,343.6573955744037,343.74380328649056,343.7814849205177,343.79794488682285,343.805093537876,343.8082692181361,343.80993157246445,343.8104398967271,343.8106200455896,343.81074744096685,300.91706904744217,300.9170787183922,300.91704635870065,300.9172738880644,300.917991767082,300.9196651146386,300.9245248612422,300.9380198461621,300.97535344991184,301.0791029897386,301.3657869548041,302.1461925985142,304.1907671478939,309.0470994498892,318.315956281167,330.40715862886015,340.2555561598755,345.6353683787315,347.94946049508127,348.84061908490685,349.13275478193145,349.25917209773223,349.31374784883127,349.3370883619484,349.3471569354177,349.35150653471766,349.3533919753282,349.354160308972,349.3545576616554,349.3546833985087,3.6021131926416143,-2.4284390093015946,1.0,0.9999996661196436,0.9999994902611176,0.9999981040999386,0.9999951005048,0.9999872404964552,0.999969553466835,0.9999310740605256,0.9998432618945794,0.9996386715860154,0.9991750803528836,0.9981162861716272,0.9957036588248902,0.9902302897607624,0.977940592803778,0.9509510007804238,0.8944786520473872,0.7874062647461206,0.6176393695119414,0.4121104744971804,0.2310546894064864,0.1111562166323913,0.0460490659764488,0.0144728552680424,0.0,,
mexiletine,0.0,3.56812360565457e-10,1.128339756688089e-09,3.5681236056545684e-09,1.1283397566880896e-08,3.56812360565457e-08,1.1283397566880897e-07,3.568123605654571e-07,1.1283397566880896e-06,3.5681236056545707e-06,1.1283397566880896e-05,3.568123605654571e-05,0.0001128339756688,0.0003568123605654,0.001128339756688,0.0035681236056545,0.0112833975668809,0.0356812360565457,0.112833975668809,0.3568123605654572,1.1283397566880902,3.5681236056545726,11.283397566880904,35.68123605654573,112.83397566880905,,,0.7602276853524665,0.170352876334213,9.996,0.09967,2308000.0,0.7532631578947369,-86.26,3.5681236056545705e-10,1.4378151273219911e-09,5.793836113412091e-09,2.3346907589991228e-08,9.407896311630121e-08,3.791016547661636e-07,1.527632319552438e-06,6.155764487972493e-06,2.48053382652216e-05,9.99558718749372e-05,0.0004027833128277,0.0016230601969585,0.0065403017430307,0.0263548739412429,0.106199898376087,0.4279443127004135,1.7244492468729642,6.948860206310344,28.00120574983833,112.83397566880907,356.8123605654574,1128.3397566880908,3568.1236056545745,11283.397566880907,35681.23605654575,112833.97566880911,356812.36056545755,1128339.7566880912,3568123.605654576,11283397.566880912,300.9170679968438,300.91717744459294,300.9172245518436,300.9176278049701,300.91850663118686,300.92108977566267,300.9286828736232,300.95008302795867,301.0109864966655,301.1850745736597,301.6750563536877,303.0205485539352,306.4687607305979,313.89708566909627,325.0865997415588,335.03752113920655,340.4040119505094,342.58002900134073,343.37575836645215,343.6578397740911,343.7466155953088,343.7837629085216,343.7994799876428,343.80593205357985,343.8087251744882,343.8099209722526,343.8103702534433,343.8106271415521,343.8107016376971,343.8107513965371,300.91691081639954,300.91702080043615,300.91703393716784,300.91747154789635,300.91814464616965,300.9204302873205,300.9273214126525,300.94633350598195,301.00179319947654,301.1610495946435,301.6136358353189,302.8736272577164,306.15887278482995,313.46126677938804,325.19862532475054,336.9042073203695,344.15813518248785,347.41580568409665,348.6643362669482,349.1131743256174,349.25371312456457,349.3124508243516,349.3372272698342,349.3474990748807,349.35172493169466,349.3535885986294,349.35419715906363,349.35453840998866,349.35462964560617,349.3547996735486,3.6773395241576936,-2.523198188110801,1.0,0.9999999582093708,0.99999899789182,0.9999981163143864,0.9999939869091166,0.9999862275652062,0.9999657546856652,0.9999196401702878,0.999809311256628,0.9995454720863898,0.9989192258840172,0.9974323371851368,0.9939146042029336,0.9856457194705794,0.9665207905479896,0.9238819544007442,0.8361401037186642,0.6819828417960169,0.4736390736919819,0.2731632369756914,0.1343357838060185,0.0586799506802453,0.0227694423918367,0.0068463595491361,0.0,,
mexiletine,0.0,8.348150160237184e-10,2.639916875544912e-09,8.348150160237183e-09,2.639916875544912e-08,8.348150160237183e-08,2.639916875544912e-07,8.348150160237184e-07,2.6399168755449126e-06,8.348150160237186e-06,2.639916875544913e-05,8.348150160237187e-05,0.0002639916875544,0.0008348150160237,0.0026399168755449,0.0083481501602371,0.0263991687554491,0.0834815016023719,0.2639916875544915,0.8348150160237192,2.639916875544915,8.348150160237193,26.39916875544916,83.48150160237194,,,,0.7956273784318446,0.1699081555048209,9.996,0.09967,2308000.0,0.7876842105263158,-86.26,8.348150160237193e-10,3.16619472234915e-09,1.2008395665401829e-08,4.5544124446601146e-08,1.7273475403411317e-07,6.551294072237296e-07,2.4847028764376704e-06,9.423708226349348e-06,3.574120575039802e-05,0.0001355553204544,0.0005141193341892,0.0019498953556454,0.0073953489883107,0.0280482675650078,0.1063783892608385,0.4034602734554796,1.53019982148475,5.8035738528054575,22.01115762272545,83.48150160237195,263.9916875544916,834.8150160237196,2639.9168755449164,8348.150160237197,26399.168755449165,83481.50160237198,263991.6875544917,834815.0160237199,2639916.8755449173,8348150.160237201,300.91696948670966,300.91705282159865,300.9172309928871,300.9176243142484,300.9182000204568,300.9208216348096,300.9277684399488,300.9475213772416,301.0040806807569,301.1652954098566,301.61967196821206,302.8719270176114,306.1054378116787,313.19979255388745,324.2447108951041,334.47066955143424,340.15232893908893,342.4856209407295,343.3421878430019,343.64611305494714,343.7444480805264,343.7838264334407,343.7999057389741,343.8063519897302,343.80891141709907,343.81012424877366,343.81047281815177,343.8109452218206,343.81084496454366,343.81075067349366,300.9169793527772,300.91713089601257,300.9171435226228,300.9173238613486,300.91829910529657,300.9203778023152,300.92629114487835,300.94412424389424,300.99499047881216,301.14191453543566,301.56105196730874,302.7308257260956,305.80701278413653,312.7642518974502,324.2885822884357,336.2068426515713,343.80926732367664,347.2772503728013,348.6142046097836,349.09566451696526,349.25098415666264,349.3130320676542,349.3381000424029,349.3481047742854,349.3521676437485,349.3538380945342,349.3544351474489,349.35444899511907,349.3547276600904,349.35470255610625,3.668863423338306,-2.511882095963574,0.9999997185129328,1.0,0.9999990868113412,0.999997240533449,0.9999941580695773,0.99998426983855,0.9999614818886808,0.9999054042205728,0.9997667337423904,0.9994227650600565,0.998573429548963,0.9964769135930318,0.9913277904708688,0.9788110342143764,0.9491585303745778,0.8829560347795317,0.7529475299577157,0.5515504601825687,0.3308477689986457,0.1643892278544751,0.0708836928378267,0.02686725781465,0.0078799581623589,0.0,,,
mexiletine,0.0,1.8189820225218919e-09,5.7521262140688745e-09,1.818982022521892e-08,5.7521262140688745e-08,1.818982022521892e-07,5.752126214068875e-07,1.818982022521892e-06,5.752126214068876e-06,1.8189820225218923e-05,5.752126214068876e-05,0.0001818982022521,0.0005752126214068,0.0018189820225218,0.0057521262140688,0.0181898202252189,0.0575212621406887,0.1818982022521893,0.575212621406888,1.8189820225218936,5.7521262140688805,18.18982022521893,57.52126214068881,,,,,0.8319710286823934,0.168891309210122,9.996,0.09967,2308000.0,0.8221052631578948,-86.26,1.8189820225218935e-09,6.4932180281937446e-09,2.3178832907433465e-08,8.274145310043922e-08,2.953620697173512e-07,1.0543536396661877e-06,3.763724971663252e-06,1.3435364691116764e-05,4.7960205844567216e-05,0.0001712034914968,0.000611144906169,0.0021816032667952,0.0077876666657111,0.0277996247160548,0.0992362882910981,0.3542436638760325,1.2645431984337123,4.514038397210564,16.11375766105112,57.52126214068882,181.89820225218944,575.2126214068883,1818.9820225218944,5752.126214068883,18189.820225218948,57521.26214068884,181898.2022521895,575212.6214068885,1818982.0225218951,5752126.214068885,300.9171206324877,300.9169609345911,300.9170768885853,300.9173922025777,300.9181392614217,300.9203965899448,300.92670146155183,300.94447589781913,300.99503125059164,301.13853712652985,301.5421725021355,302.6546564999732,305.5499563835046,312.06185701406935,322.7447668129174,333.3665337250931,339.6305188850476,342.2815759572832,343.26683711171773,343.6187792118289,343.736393898255,343.7818518903261,343.79955003384384,343.8064578761583,343.80890965162115,343.8102188696623,343.8107233830424,343.810471860931,343.810782258193,343.810877965326,300.91707433493144,300.9170734761853,300.9170805957269,300.9172262886775,300.918068878654,300.9199153253438,300.9252286544041,300.94102799585625,300.9860480249716,301.1160816686513,301.4859169871578,302.52129768043955,305.26743103030776,311.63111098513474,322.68802508227304,334.87602849834326,343.1001872054211,346.9825488179365,348.5040694326189,349.05613967499784,349.2397188793765,349.3103061924057,349.3378292104832,349.34826823053896,349.3521731429804,349.35383164123084,349.3542935267656,349.3546738122723,349.35475736606054,349.3547835555036,3.653007157541814,-2.491083071954,0.9999998675866256,1.0,0.9999987419949606,0.9999973873888202,0.9999930748922792,0.999982892440586,0.999956710671706,0.9998889946328982,0.999714732945796,0.9992674638034712,0.9981167762935697,0.9951665587629168,0.9876512416837168,0.9688120753088576,0.923459709098874,0.8241123731287023,0.6451393806039282,0.4128995841172071,0.21235015757123,0.0916548387956925,0.0341360604535875,0.0097864047114061,0.0,,,,
mexiletine,0.0,3.7228980431357904e-09,1.1772837312892884e-08,3.72289804313579e-08,1.1772837312892885e-07,3.7228980431357926e-07,1.1772837312892883e-06,3.722898043135792e-06,1.1772837312892886e-05,3.722898043135791e-05,0.0001177283731289,0.0003722898043135,0.0011772837312892,0.0037228980431357,0.0117728373128928,0.0372289804313579,0.1177283731289289,0.3722898043135793,1.1772837312892894,3.7228980431357934,11.772837312892896,37.22898043135794,,,,,,0.8697723622741645,0.1670539657953494,9.996,0.09967,2308000.0,0.8565263157894737,-86.26,3.722898043135794e-09,1.2508260923297748e-08,4.202548377970462e-08,1.4119798889297432e-07,4.743995850691085e-07,1.5938964009206316e-06,5.355202274255043e-06,1.7992506527790584e-05,6.045155244815111e-05,0.0002031062313495,0.0006824000301463,0.0022927400998463,0.00770319011316,0.0258813190049154,0.0869565288658587,0.2921581357952757,0.9815982471315474,3.297991740496686,11.080652957733616,37.22898043135795,117.728373128929,372.2898043135795,1177.28373128929,3722.898043135795,11772.837312892902,37228.98043135796,117728.37312892904,372289.8043135796,1177283.7312892906,3722898.043135797,300.91721370062544,300.9170040428891,300.9172590696175,300.9172618280291,300.9181687056192,300.91999198968006,300.9257257790078,300.9409130354059,300.9844484796322,301.1072783835503,301.45066669965814,302.39364847233344,304.8632536335344,310.5753537876312,320.59454139437065,331.6099684865456,338.73927224441667,341.9204166763978,343.1306327927425,343.56867862024575,343.72044022923257,343.77709965605544,343.79819230954035,343.8060495045498,343.80908841136045,343.81015938698937,343.8104779206149,343.8106924306204,343.8107548543608,343.8107953126769,300.9170050173114,300.916872327562,300.9173212343064,300.9171840551597,300.9179071939354,300.9194946974448,300.9242701096278,300.937504647999,300.975736002228,301.08510409158555,301.396549115564,302.26777680318963,304.5989173234811,310.15736259894004,320.4310001925653,332.8194089266331,341.9269467611578,346.4747962206938,348.3099620977858,348.9853311049023,349.2181965193028,349.3044605085358,349.33631309246834,349.3480335133549,349.35232724767934,349.35384152883483,349.35473758969187,349.35459905940127,349.3548424293073,349.35482825914767,3.630385186130666,-2.461772747728774,1.0,0.9999999965260064,0.99999950703964,0.999997797898587,0.9999935782080056,0.999982324336909,0.9999518419625276,0.9998701088059412,0.9996531022423802,0.999069747082553,0.99751307466564,0.9933673074116476,0.9824271485543088,0.9542765691555783,0.8862362995476477,0.743978275976192,0.5195593448139458,0.2853589415814344,0.1260278412031058,0.0465934420719129,0.0131062679769823,0.0,,,,,
mexiletine,0.0,7.209403308804863e-09,2.279813502657761e-08,7.209403308804866e-08,2.2798135026577618e-07,7.209403308804863e-07,2.2798135026577616e-06,7.209403308804864e-06,2.2798135026577617e-05,7.209403308804865e-05,0.0002279813502657,0.0007209403308804,0.0022798135026577,0.0072094033088048,0.0227981350265776,0.0720940330880486,0.2279813502657762,0.7209403308804867,2.279813502657763,7.209403308804868,22.79813502657763,72.09403308804868,,,,,,0.8970681163879738,0.1716261662248277,9.996,0.09967,2308000.0,0.8909473684210527,-86.26,7.209403308804861e-09,2.4222285070117372e-08,8.138247631415893e-08,2.734303321033685e-07,9.186762298255426e-07,3.0865851961421058e-06,1.037036538417106e-05,3.484254325318225e-05,0.0001170646139626,0.0003933158306685,0.001321469720165,0.0044398981305809,0.0149172509283631,0.050119252450198,0.1683915808770487,0.5657651126869424,1.9008679713469927,6.386570969942795,21.457717931462906,72.09403308804868,227.98135026577629,720.9403308804868,2279.813502657764,7209.40330880487,22798.13502657764,72094.03308804872,227981.3502657764,720940.3308804872,2279813.5026577646,7209403.308804873,300.9170831621741,300.9170421355275,300.91714950558145,300.9173274377287,300.9181784549453,300.9202911340822,300.92708570077946,300.94685008092347,301.0040165533677,301.1727094358933,301.6617763061543,303.04509029524354,306.67825854925024,314.5779051635725,326.2050361475788,335.9630790883587,340.8908351362395,342.79215637276934,343.4619334222095,343.6919169757202,343.76818098683003,343.7953233844252,343.8052053696805,343.8088175265413,343.8100979602225,343.81050829452505,343.81087150520216,343.81061558193625,343.8107433532781,343.81083973945823,300.916860028747,300.91718313625614,300.91712014222503,300.91748599307874,300.9179949808846,300.92012130996466,300.9262418850626,300.9439579147336,300.99622363882213,301.1517529491229,301.6058111496426,302.9043122940517,306.3676989326378,314.13630781386195,326.395078583533,338.0384182929956,344.8315364612428,347.72754258015726,348.7934160856884,349.16393274745445,349.28666141731026,349.3304576651233,349.34625083120625,349.3516124084695,349.3537111626825,349.35451018183204,349.35464425425243,349.3547130382739,349.35484265573484,349.3547455239201,3.696123894605881,-2.5454740432922978,0.9999997342949328,1.0,0.9999990394869356,0.9999975410684736,0.9999939991788748,0.9999800403395755,0.9999454566113568,0.9998480339907476,0.9995779372576076,0.998825563038666,0.9967351277512826,0.9909535812967356,0.9751922267111678,0.9338061726606384,0.835059666053524,0.6449348688275336,0.3940387964948577,0.1877014440676465,0.0744430056370606,0.0256767025822112,0.0069077985381964,0.0,,,,,
mexiletine,0.0,1.3291224493332673e-08,4.2030542291548695e-08,1.329122449333267e-07,4.2030542291548697e-07,1.3291224493332671e-06,4.203054229154869e-06,1.3291224493332673e-05,4.20305422915487e-05,0.0001329122449333,0.0004203054229154,0.0013291224493332,0.0042030542291548,0.0132912244933326,0.0420305422915487,0.1329122449333268,0.4203054229154873,1.3291224493332685,4.203054229154874,13.291224493332686,42.03054229154874,,,,,,,0.935015300751786,0.1697343702986265,9.996,0.09967,2308000.0,0.9253684210526316,-86.26,1.3291224493332681e-08,4.203054229154872e-08,1.329122449333268e-07,4.203054229154872e-07,1.329122449333268e-06,4.203054229154872e-06,1.329122449333268e-05,4.203054229154872e-05,0.0001329122449333,0.0004203054229154,0.0013291224493332,0.0042030542291548,0.0132912244933326,0.0420305422915487,0.1329122449333268,0.4203054229154871,1.329122449333268,4.203054229154872,13.29122449333268,42.03054229154874,132.91224493332686,420.3054229154874,1329.1224493332688,4203.0542291548745,13291.22449333269,42030.54229154875,132912.2449333269,420305.4229154876,1329122.4493332691,4203054.229154876,300.9168823457501,300.91709652960674,300.91727242027434,300.91731648483164,300.91799694430125,300.91994277506285,300.92553445339706,300.94204224936635,300.9887322220074,301.1245959922455,301.5147449779132,302.611622573226,305.5220787403871,312.16833605925285,323.10054140260775,333.78484954685104,339.8965990778815,342.41005633427966,343.3224971353968,343.64193311351323,343.7526829212231,343.79082133460963,343.80380810906007,343.8083425376424,343.809801599286,343.8105061972936,343.8108285935982,343.81069216618715,343.8108518544336,343.8108489380981,300.9169711288559,300.91702393992244,300.91696802206945,300.91723740985174,300.9177992110423,300.9194590200944,300.92444423833626,300.9389426490415,300.9811067434653,301.1045599362596,301.4633610002244,302.48555168267177,305.24614263765307,311.7344344048346,323.0490318643661,335.3569553951216,343.44924852438817,347.16388380740136,348.5847160423485,349.089531666579,349.26390065309084,349.3236915197953,349.3441290844947,349.35104465394875,349.353523345966,349.3542442706451,349.35459793349463,349.35476067740126,349.35475634978553,349.35470013755645,3.661297832329135,-2.5002287440373947,1.0,0.999999864418872,0.9999991805162316,0.9999978031746166,0.999993572960906,0.9999789552103144,0.9999387444680272,0.9998223407087726,0.9994856677578654,0.9985085585448448,0.9956897785899188,0.9876036037399658,0.9648879131582244,0.9045597858189558,0.7657084594771587,0.5294674166918766,0.2779958127309269,0.1144578300739947,0.0393382992885679,0.0103876002561665,0.0,,,,,,
mexiletine,0.0,2.345176110026001e-08,7.416098021895806e-08,2.3451761100260013e-07,7.416098021895805e-07,2.3451761100260013e-06,7.416098021895805e-06,2.345176110026001e-05,7.416098021895807e-05,0.0002345176110026,0.0007416098021895,0.002345176110026,0.0074160980218958,0.02345176110026,0.074160980218958,0.2345176110026002,0.741609802189581,2.345176110026003,7.41609802189581,23.451761100260036,74.16098021895812,,,,,,,0.9641283503761338,0.1728806003999465,9.996,0.09967,2308000.0,0.9597894736842104,-86.26,2.345176110026001e-08,7.416098021895806e-08,2.345176110026001e-07,7.416098021895805e-07,2.345176110026001e-06,7.416098021895805e-06,2.345176110026001e-05,7.416098021895804e-05,0.0002345176110026,0.0007416098021895,0.002345176110026,0.0074160980218958,0.02345176110026,0.074160980218958,0.2345176110026001,0.7416098021895805,2.345176110026001,7.416098021895804,23.45176110026001,74.16098021895812,234.51761100260035,741.6098021895813,2345.176110026004,7416.098021895813,23451.76110026004,74160.98021895814,234517.61100260043,741609.8021895816,2345176.1100260047,7416098.021895817,300.91707006297565,300.9171437163762,300.91727242027434,300.9173002777628,300.9180583472819,300.9204903970424,300.92699674871494,300.94738691643084,301.0080292799453,301.1907065486676,301.73426105941854,303.30152324939667,307.45078560702086,316.25996026044004,328.2876023044217,337.3351902777887,341.50616207941306,343.03174432326733,343.55124669211136,343.7244778064689,343.78229468702074,343.80120918610595,343.80751843441635,343.8096779847035,343.8103914332665,343.81063901101663,343.81077939619803,343.81086906808963,343.8107832604233,343.8107281287483,300.917124464753,300.9168884007637,300.9171899520347,300.91726185506263,300.9179063693894,300.9199500772229,300.92614425714294,300.9445638139468,301.00087086436986,301.1705975042876,301.6782852501839,303.1548883056159,307.11881131577826,315.8249020901229,328.6948821662059,339.7950838778765,345.7178041308408,348.09166025451003,348.9309528287141,349.2141716674445,349.3083617465044,349.33951026923575,349.3497960078649,349.35319354396376,349.35428417114605,349.35452835778096,349.3546740069121,349.354671495072,349.3547206330005,349.35471667220736,3.723917342403203,-2.5806699128248662,0.9999997841338412,0.9999999052351698,1.0,0.9999975932524864,0.9999925195595396,0.9999771564044172,0.9999310114414306,0.9997924473472678,0.999373729313004,0.9981151308513164,0.9943362971590816,0.9831093997855594,0.9507306349852128,0.864841210395497,0.67967737806452,0.412690758869745,0.1878586305903137,0.0695947360714706,0.022383714684739,0.005665092029797,0.0,,,,,,
mexiletine,0.0,3.978413173851438e-08,1.258084710258998e-07,3.978413173851438e-07,1.2580847102589982e-06,3.978413173851438e-06,1.258084710258998e-05,3.978413173851438e-05,0.0001258084710258,0.0003978413173851,0.0012580847102589,0.0039784131738514,0.0125808471025899,0.0397841317385143,0.1258084710258998,0.397841317385144,1.258084710258999,3.978413173851441,12.580847102589992,39.78413173851442,,,,,,,,1.002414364038169,0.1708930761982155,9.996,0.09967,2308000.0,0.9942105263157895,-86.26,3.97841317385144e-08,1.1841155785397765e-07,3.524344109244968e-07,1.0489686670356084e-06,3.1220994043575166e-06,9.292465063075778e-06,2.7657641786794258e-05,8.23188620042477e-05,0.0002450098635997,0.0007292354607391,0.0021704610148595,0.0064600547705819,0.0192273933294388,0.0572274798548877,0.1703290921670219,0.5069592390230696,1.5088888619146297,4.490983539421049,13.366745331898336,39.78413173851442,125.80847102589992,397.8413173851442,1258.0847102589996,3978.413173851443,12580.847102589998,39784.13173851444,125808.4710259,397841.3173851444,1258084.710259,3978413.173851445,300.9169947964876,300.9169144151543,300.91718693520096,300.917250329963,300.9180004000362,300.91971005875314,300.9251277354745,300.94120314470223,300.98830547752226,301.127374537383,301.53377536228373,302.6962522861583,305.8197373459412,312.93968039764854,324.302866207484,334.7705688563056,340.39948367767664,342.6193958234259,343.4038897154057,343.67309176205777,343.7670649348189,343.7967175463159,343.8061648385322,343.8094250035178,343.81026304325906,343.8105360941741,343.8108338148716,343.8108162623195,343.81083417007704,343.81076627024083,300.91676546418233,300.917174899716,300.91705772156706,300.9172803383859,300.917844738406,300.91949451268954,300.92432561636986,300.9388237505546,300.98165279658696,301.1085608811109,301.4843725020417,302.57154771338446,305.5386248524519,312.4987276476819,324.32142494814894,336.5424769216376,344.1345789917441,347.4686411813663,348.70552631833675,349.1351881159851,349.2852418496245,349.33271487275886,349.34768613719257,349.35256355636534,349.35404539679047,349.35454932715794,349.3546202049184,349.35471986576664,349.3548738597815,349.3547228037734,3.67778050865943,-2.5205198847762045,1.0,0.9999995918829496,0.9999997470765656,0.999997790778751,0.9999923027215672,0.9999752114350984,0.9999226654664044,0.9997562641295544,0.999236158231358,0.997607314371671,0.9925280280530832,0.9769186335905312,0.9309777468811576,0.8112533125280302,0.5777904146195693,0.3024929221720862,0.1190988571543807,0.0384545571127389,0.0095665374365895,0.0,,,,,,,
mexiletine,0.0,6.514521277502851e-08,2.060072510253884e-07,6.514521277502851e-07,2.060072510253884e-06,6.514521277502851e-06,2.060072510253884e-05,6.514521277502853e-05,0.0002060072510253,0.0006514521277502,0.0020600725102538,0.0065145212775028,0.0206007251025388,0.0651452127750285,0.2060072510253885,0.6514521277502855,2.0600725102538853,6.5145212775028565,20.600725102538856,65.14521277502857,,,,,,,,1.0323192043583858,0.1733833242475531,9.996,0.09967,2308000.0,1.0286315789473686,-86.26,6.514521277502848e-08,1.9389504795833505e-07,5.770998055159643e-07,1.7176518381125909e-06,5.112335524587095e-06,1.5216107208707806e-05,4.528848262665419e-05,0.0001347944405551,0.0004011956274701,0.001194099184197,0.0035540588283355,0.0105781281173591,0.0314842268718625,0.0937081240387157,0.2789083100751975,0.8301291507752692,2.4707560946501554,7.353838464231358,21.8876077145388,65.14521277502858,206.00725102538863,651.452127750286,2060.072510253887,6514.521277502861,20600.725102538872,65145.21277502862,206007.25102538877,651452.1277502864,2060072.510253888,6514521.277502865,300.9170224384673,300.9169003073389,300.91712817944773,300.9174116267055,300.91790853510696,300.9200929210792,300.9263514262582,300.9462775826595,301.0058982708612,301.1889831551614,301.7428569129301,303.3650160496114,307.7056375620155,316.89263369654407,329.0947494308811,337.86349024261443,341.74401308371404,343.125553158415,343.58641293907885,343.73758463799305,343.7883904721882,343.804112505845,343.8087561505585,343.81003650842865,343.8107160144956,343.8108428348189,343.8108558573812,343.8107528726626,343.8108222059931,343.81073948294227,300.9172217626295,300.91698649364594,300.91707895002287,300.9173192773265,300.91776361178813,300.91986744626814,300.9257840326909,300.94378108973467,300.99913853286023,301.1700383843938,301.688302340862,303.2179795144791,307.3672587049996,316.46207385849834,329.6005971454866,340.48792084840363,346.06783510680174,348.2368739236172,348.9863296359108,349.23464601155496,349.3180027398108,349.3435699894334,349.35133962872544,349.3536563978256,349.3543548202961,349.3547920671736,349.3546431076887,349.3547480796861,349.35474538694547,349.3548016004244,3.7362586253303887,-2.5960501142595565,0.99999997931828,0.9999994814068932,1.0,0.9999981005361396,0.9999916043303012,0.9999734456331656,0.9999131130851718,0.9997156815927908,0.9990710987385064,0.9969728406622036,0.9901851296634472,0.9686550814199822,0.9044630950717802,0.7436427492961649,0.4704161602931477,0.2130644544840702,0.0751642035028722,0.0226863157483664,0.00540987731246,0.0,,,,,,,
mexiletine,0.0,1.0332027389962469e-07,3.267273939952612e-07,1.0332027389962468e-06,3.2672739399526123e-06,1.0332027389962469e-05,3.267273939952612e-05,0.0001033202738996,0.0003267273939952,0.0010332027389962,0.0032672739399526,0.0103320273899624,0.0326727393995261,0.1033202738996247,0.3267273939952613,1.0332027389962473,3.267273939952614,10.332027389962477,32.672739399526144,,,,,,,,,1.0713688832483883,0.171119484135486,9.996,0.09967,2308000.0,1.0630526315789477,-86.26,1.0332027389962461e-07,2.894369478576325e-07,8.108161508217419e-07,2.2713853061937294e-06,6.36296058479357e-06,1.7824922655453383e-05,4.9933967598701145e-05,0.0001398828577461,0.0003918617893228,0.0010977446729751,0.0030751744617089,0.0086146607701743,0.0241327381939624,0.067604409305899,0.189384069095936,0.5305323424252533,1.4862103644876574,4.163405453121336,11.663184015713677,32.672739399526144,103.32027389962477,326.7273939952615,1033.2027389962475,3267.273939952616,10332.02738996248,32672.73939952616,103320.2738996248,326727.39399526163,1033202.7389962482,3267273.9399526166,300.9170200091003,300.91706209848434,300.91699736245846,300.91712094733214,300.9178215069728,300.91953767601376,300.9244008932112,300.9393694271048,300.9834925450105,301.11457479464536,301.5030747746082,302.62731521153006,305.68745355143136,312.7644781754485,324.2013150205219,334.7820573477732,340.43878638739307,342.6461797717115,343.4173985134746,343.6788508372511,343.77207107522565,343.79934828432863,343.8074310332582,343.80986462486965,343.8106844033996,343.8106420303007,343.8108760385814,343.8107114300026,343.81080067330686,343.810790352117,300.91705306567206,300.91709763018395,300.9170354580099,300.9172390421056,300.9176932021243,300.91924703639967,300.9236552022989,300.9372034079437,300.97695143049526,301.0971872991975,301.4564481564391,302.5079825407662,305.4132530646097,312.3234413720492,324.2036062855312,336.5473341094564,344.18476121397254,347.50630093216995,348.72560671071244,349.14423529865786,349.29305093275514,349.33683399022283,349.34952350792554,349.35322079487986,349.3544925001063,349.3546484080131,349.35482832094,349.3547847583482,349.35481243719687,349.35459656625017,3.679237493391928,-2.5215532626188635,0.9999992782895172,1.0,0.9999989101602764,0.9999970841194824,0.9999912773732852,0.9999698805571712,0.9999007778529998,0.9996651427619212,0.9988646399192392,0.9961570611749034,0.9870655041392616,0.957388913485588,0.8686810061632216,0.66065720732814,0.3635035155958103,0.1418009899396447,0.043595572038044,0.0102549813087104,0.0,,,,,,,,
mexiletine,0.0,1.5919302025874785e-07,5.034125316189705e-07,1.5919302025874784e-06,5.0341253161897055e-06,1.5919302025874784e-05,5.0341253161897056e-05,0.0001591930202587,0.0005034125316189,0.0015919302025874,0.0050341253161897,0.0159193020258747,0.050341253161897,0.1591930202587479,0.5034125316189707,1.591930202587479,5.034125316189708,15.919302025874792,50.34125316189708,,,,,,,,,1.1013840934811292,0.1733935942843663,9.996,0.09967,2308000.0,1.0974736842105264,-86.26,1.5919302025874798e-07,4.4595644363751227e-07,1.2492830985841452e-06,3.4996876548701697e-06,9.803873674054768e-06,2.746414780275293e-05,7.693687613780685e-05,0.0002155276381541,0.0006037698063683,0.0016913746292778,0.0047381437534476,0.0132732310392528,0.0371830555147656,0.1041630039683216,0.2917977354334424,0.8174295590589914,2.2899118220737167,6.41485996531543,17.97031133598029,50.341253161897086,159.19302025874796,503.41253161897095,1591.93020258748,5034.12531618971,15919.3020258748,50341.253161897104,159193.020258748,503412.5316189711,1591930.2025874802,5034125.316189711,300.91707601767433,300.91701713026566,300.9170647217276,300.91729827082344,300.917942116836,300.91974733239704,300.92556646342314,300.9434490963087,300.9981515534284,301.16779770723053,301.6859733958865,303.22039651046566,307.3897747108478,316.40956431107884,328.70305335303607,337.7029722844622,341.7008572922311,343.1165749082446,343.585385295479,343.7378016404548,343.79016111213025,343.8051129771632,343.8091274083205,343.8102353228351,343.8106373583006,343.8106292879067,343.81077093698485,343.81077551776355,343.8108175369463,343.8106835248384,300.9169385379942,300.9171337742648,300.9170859671173,300.9172894594717,300.917828032882,300.9195184107502,300.9248972278601,300.94122392257765,300.99245430738983,301.1504392941452,301.6349563705651,303.08130839021425,307.06288798341666,315.97080475251363,329.15033717693507,340.2699693186137,346.001883937029,348.2227578242933,348.9847490795468,349.2351709682425,349.320950445583,349.3452064144173,349.35220992750374,349.3540295345716,349.3545189166473,349.3546432117794,349.35480586581224,349.3547731992745,349.3547867243436,349.35485344141983,3.733699537545209,-2.591933244056152,1.0,0.9999999634467968,0.9999993067245048,0.999998121238196,0.9999917983153188,0.9999690834168374,0.9998894928753022,0.9996088529239696,0.9986203918804768,0.9951410495074084,0.983037333912896,0.942538017625507,0.8227866091423218,0.567874899589695,0.2704750177028965,0.093580119444466,0.0267492878074159,0.0060210977454191,0.0,,,,,,,,
mexiletine,0.0,2.389154293035029e-07,7.555169247560048e-07,2.389154293035028e-06,7.555169247560049e-06,2.3891542930350284e-05,7.555169247560048e-05,0.0002389154293035,0.000755516924756,0.002389154293035,0.00755516924756,0.0238915429303502,0.0755516924756005,0.2389154293035029,0.7555169247560053,2.38915429303503,7.555169247560054,23.8915429303503,75.55169247560055,,,,,,,,,1.1332017774613148,0.1746823161391765,9.996,0.09967,2308000.0,1.1318947368421053,-86.26,2.389154293035028e-07,6.692873532340982e-07,1.8749126521672333e-06,5.252299234805984e-06,1.4713563973263396e-05,4.121794191783344e-05,0.0001154661602742,0.0003234619087738,0.0009061322051339,0.0025383995793921,0.0071109628243544,0.0199203437866391,0.0558039897521074,0.1563268839939386,0.4379273734335715,1.2267908084821957,3.436678725918226,9.62736318491934,26.96967895059083,75.55169247560053,238.915429303503,755.5169247560053,2389.15429303503,7555.169247560054,23891.542930350304,75551.69247560055,238915.42930350307,755516.9247560056,2389154.2930350318,7555169.247560058,300.9171299307583,300.91704734786657,300.9169757956516,300.9172777439188,300.91781519675175,300.9200536125428,300.92671393353305,300.9483459161907,301.01680491109823,301.2357517370223,301.92429912168336,304.0054739573822,309.5716955200148,320.4988167125791,332.6752774057664,339.7776858693296,342.50139505609866,343.3981574364713,343.6819506493233,343.77058248249267,343.8000017018006,343.8078729280793,343.81000225110034,343.81041528779565,343.81075118070913,343.81085928923244,343.8107402481662,343.8107334506485,343.81066959070694,343.8108723233955,300.9169118149352,300.9169769034374,300.9171796454214,300.917274094153,300.91797428340794,300.91986460711,300.9260445193413,300.9463438839541,301.0103782107038,301.2160604763809,301.86472681212194,303.8344370394607,309.1801600188732,320.1602753500258,333.7811932719476,343.1145023906481,347.22106469292805,348.6696429653977,349.1393547029496,349.28752082805994,349.3363989167088,349.34981707171454,349.3533616440938,349.3544409841843,349.35470440483107,349.35470353994657,349.3546764879459,349.35468160987483,349.35483797241454,349.3546317690694,3.786746323282121,-2.6615990774643743,0.9999995742189384,1.0,0.999999469070269,0.999997386635263,0.99999110996635,0.9999656080420158,0.9998755360354804,0.9995423862092696,0.9983207165219434,0.9938526968562106,0.9777660651749378,0.9228623783067564,0.7650452954986798,0.4698417900905718,0.1938095272522083,0.060522653103923,0.016277658259003,0.0035228279123004,0.0,,,,,,,,
mexiletine,0.0,3.500717187622892e-07,1.1070239756987346e-06,3.5007171876228915e-06,1.1070239756987347e-05,3.500717187622891e-05,0.0001107023975698,0.0003500717187622,0.0011070239756987,0.0035007171876228,0.0110702397569873,0.0350071718762289,0.1107023975698734,0.3500717187622892,1.107023975698735,3.5007171876228926,11.070239756987352,35.00717187622893,,,,,,,,,,1.1714801924531335,0.1729280880711117,9.996,0.09967,2308000.0,1.1663157894736842,-86.26,3.500717187622892e-07,9.230169118946718e-07,2.433673370290404e-06,6.416747078992326e-06,1.6918721952750535e-05,4.460876344208878e-05,0.0001176177362208,0.0003101169099132,0.0008176700292343,0.0021559104174456,0.0056843831397402,0.0149877339141237,0.0395174220946057,0.1041936464812491,0.2747222716367789,0.7243467244123595,1.909849441914237,5.03560624746284,13.277135738025116,35.00717187622893,110.70239756987353,350.0717187622894,1107.0239756987355,3500.7171876228945,11070.239756987356,35007.17187622895,110702.3975698736,350071.7187622896,1107023.975698736,3500717.187622896,300.9170488295182,300.9170064038472,300.9171498392195,300.91725372613865,300.9177234838054,300.9193749091692,300.92425763986586,300.9394353604614,300.9866112557703,301.1317887373507,301.5762597367128,302.90180533050176,306.56938974653514,314.8604332201649,327.0728972592907,336.80599841062383,341.3603453181978,343.00194783218194,343.5479932920409,343.72587924767265,343.7885898695058,343.8049960174775,343.80919968345034,343.8105702416969,343.81066286049133,343.8108031318583,343.8108114261595,343.81073633246336,343.8108886632883,343.81081296623097,300.91702712876685,300.9170360879864,300.9171423445924,300.9172457338003,300.9176362078351,300.9191830552744,300.92376536318164,300.9376221735224,300.9811852474999,301.1158764186053,301.5305748135643,302.7773208429423,306.27058036446255,314.4103262899313,327.3195825173992,339.08872103448266,345.4965170944216,348.0437095227325,348.9256629843362,349.2161396481348,349.31858567627484,349.3452417140175,349.3523970513669,349.3541778271361,349.3546342169975,349.3545708529765,349.3546861145053,349.35469138783543,349.3547613043985,349.35475291299707,3.716241618353141,-2.56842277200955,0.9999992569216268,1.0,0.9999985729963162,0.9999973774149116,0.9999894720184576,0.9999625229705488,0.999858865908772,0.9994631996591604,0.9979496462465312,0.9922045395061828,0.9708305840729804,0.8969339768863399,0.6947298478330536,0.3726549540818377,0.1329823059606811,0.0366313017130498,0.0078130899483294,0.0,,,,,,,,,
mexiletine,0.0,5.018310624650659e-07,1.5869291580118404e-06,5.018310624650659e-06,1.5869291580118404e-05,5.0183106246506585e-05,0.00015869291580118404,0.0005018310624650659,0.0015869291580118405,0.00501831062465066,0.01586929158011841,0.050183106246506605,0.1586929158011841,0.5018310624650661,1.5869291580118412,5.0183106246506615,15.869291580118412,50.18310624650662,,,,,,,,,,1.2028803622647781,0.17434094004356387,9.996,0.09967,2308000.0,1.2007368421052633,-86.26,5.01831062465066e-07,1.3231533218593254e-06,3.4886933952384525e-06,9.19846657595014e-06,2.4253145164420072e-05,6.394707699480596e-05,0.0001686061180295347,0.00044455547263400953,0.0011721375864559604,0.003090517620764741,0.008148616062331361,0.02148505586415464,0.056648591853495224,0.14936256062232728,0.3938169297015272,1.038357761632763,2.737786925412665,7.2185883574215195,19.032897480159967,50.183106246506625,158.69291580118417,501.83106246506634,1586.929158011842,5018.310624650664,15869.29158011842,50183.10624650664,158692.91580118422,501831.0624650665,1586929.1580118423,5018310.624650666,300.9170264559469,300.91705002684904,300.9170482711755,300.9171964739096,300.91785320553555,300.91956786543756,300.9252822905707,300.9432939136247,301.00079465745216,301.184599420364,301.76407653214284,303.5275857409036,308.36979275623617,318.50333022968647,331.00420259432826,339.0161427175313,342.236268263031,343.31235839666914,343.65466802922197,343.76199102303553,343.79845877634733,343.8077873679752,343.81017803218344,343.8107350000028,343.8107876187683,343.8108265297385,343.8108343287381,343.8108686467744,343.8109653774376,343.8108637090779,300.9172276631018,300.91716124815986,300.9169810489161,300.91722025011615,300.9176797812465,300.91944879092875,300.92459525126156,300.94148162385187,300.995494599433,301.16765051583224,301.7118821445408,303.3785824556719,308.0137282748014,318.0974581721702,331.7909082076301,342.04395652467133,346.8093817806966,348.53146775487954,349.09507931177933,349.27349509584775,349.3344223351151,349.34953238927716,349.3535004525289,349.35438657564566,349.3547050378725,349.35479635957034,349.35488510617057,349.35481532193324,349.3547678828048,349.354788149643,3.7659004240991134,-2.6333015285134214,0.9999996321978123,1.0,0.9999994441898913,0.9999977549176914,0.9999898661623791,0.999960250864423,0.9998415815674583,0.9993719220773507,0.9975062247813298,0.9901482378751194,0.9619158261379377,0.8639286937419811,0.6148811260389342,0.28608528379533776,0.09052939791662488,0.023243156265901458,0.004751835389567778,0.0,,,,,,,,,
mexiletine,0.0,7.050842228224864e-07,2.2296720863687327e-06,7.050842228224864e-06,2.2296720863687327e-05,7.050842228224863e-05,0.00022296720863687323,0.0007050842228224864,0.0022296720863687327,0.007050842228224865,0.02229672086368733,0.07050842228224866,0.2229672086368733,0.7050842228224866,2.2296720863687334,7.050842228224867,22.296720863687334,70.50842228224867,,,,,,,,,,1.2354807022656114,0.17516259833591036,9.996,0.09967,2308000.0,1.235157894736842,-86.26,7.050842228224858e-07,1.8590609497855013e-06,4.9016947240464605e-06,1.2924057799458967e-05,3.4076228612186545e-05,8.984711879566271e-05,0.0002368954865209176,0.0006246106974405428,0.0016468803567632028,0.004342248572761072,0.011448993601881095,0.03018699926995794,0.07959257875510718,0.20985784430691995,0.5533218737974567,1.4589166158352314,3.8466538063146114,10.142283215523962,26.74166015538911,70.50842228224869,222.9672086368734,705.0842228224869,2229.672086368734,7050.842228224869,22296.720863687344,70508.4222822487,222967.20863687346,705084.2228224871,2229672.086368735,7050842.228224873,300.9169390196937,300.91688161205786,300.9170615510746,300.91718035590213,300.9177024452618,300.9198604899966,300.9261202461409,300.9476692332382,301.01809581571257,301.2505333470154,302.00361145967,304.3358878445651,310.60561507990786,322.41749863854676,334.3470381132455,340.58080373168445,342.80398280672375,343.5041301369791,343.7178617141297,343.78283620178775,343.804022093613,343.8091428438711,343.81051486250607,343.81072565130194,343.8106935336269,343.81082033049597,343.8106594793227,343.81078753778047,343.81073031082923,343.8107729770964,300.9168816897289,300.91718655320165,300.91707248173714,300.91732211162383,300.91765761631893,300.919725787878,300.92571222751064,300.94594849782953,301.012103494772,301.2308941161952,301.94167600622217,304.15155084112496,310.1884236164845,322.1710807172643,335.8264539502825,344.2704837521694,347.69694591701074,348.8418480472958,349.1986617768724,349.30751110782427,349.34330061514765,349.3520680905834,349.3541401189339,349.35455477465365,349.3546547050128,349.3547612612838,349.35464753418324,349.3546710060379,349.3546344434941,349.35474389490685,3.8138087424780727,-2.6967045763268915,0.9999996134896503,1.0,0.9999997507173267,0.9999977374886087,0.9999897428863013,0.9999569116877907,0.9998226599865715,0.9992642848865431,0.9969632468325451,0.9875481477899893,0.9503918492858914,0.822380347869538,0.5281973127297006,0.21267909889767095,0.060631832661792576,0.014659270059578598,0.0028832295567452625,0.0,,,,,,,,,
mexiletine,0.0,9.725600208895765e-07,3.0755048272319996e-06,9.725600208895764e-06,3.075504827232e-05,9.725600208895763e-05,0.0003075504827232,0.0009725600208895764,0.003075504827232,0.009725600208895766,0.030755048272320007,0.09725600208895767,0.30755048272320007,0.9725600208895767,3.075504827232001,9.725600208895768,30.755048272320014,,,,,,,,,,,1.273791402602547,0.17353165757198993,9.996,0.09967,2308000.0,1.2695789473684211,-86.26,9.725600208895773e-07,2.4135330770343606e-06,5.989493490191838e-06,1.4863700278402938e-05,3.6886188511262554e-05,9.153783226276053e-05,0.00022716293207705225,0.0005637341024388303,0.0013989788534016596,0.003471746385038659,0.008615586241866133,0.02138068800501001,0.05305893374338319,0.1316725845924627,0.3267624942693338,0.8109032566770823,2.0123609753924203,4.993933199721952,12.393089067145064,30.75504827232001,97.25600208895769,307.55048272320016,972.560020889577,3075.504827232002,9725.60020889577,30755.04827232002,97256.00208895771,307550.4827232002,972560.0208895772,3075504.8272320027,300.91691441000637,300.91719644702636,300.9171403028184,300.9171543126228,300.9176020807219,300.9191327718422,300.92354453432574,300.9377866249698,300.9829433806098,301.1257008659543,301.572382749429,302.935140685336,306.7732726292952,315.4847324635702,327.993464132654,337.4538662489843,341.65660586955556,343.1180420106174,343.5911085066257,343.7414022285877,343.7945517081896,343.80734515516286,343.80995680327413,343.81068774188077,343.81067644315937,343.81075008592035,343.8106742964278,343.81082077441357,343.810816102531,343.8108551648106,300.9170192907763,300.91709780556613,300.917204394432,300.91747201295317,300.9175066669317,300.9189067209315,300.92319661518724,300.93628050509784,300.9780325365892,301.11086640521256,301.52913978098286,302.8121334714438,306.4701820685461,315.03327038361704,328.33638199946046,339.9280893825108,345.9310887215708,348.22330949340716,348.993327479086,349.240790746622,349.3283159546703,349.3486568815781,349.35345746763005,349.35455296081807,349.3546578927009,349.35477730805803,349.3548198582006,349.3546820404914,349.35475212261,349.3547782743396,3.730604308888961,-2.5860826570232955,1.0,0.999999818033006,0.9999990464428407,0.9999978103222801,0.9999892739716089,0.99995355201212,0.9997993905247284,0.9991375683156878,0.996296728673675,0.9842409379426714,0.9354858956879288,0.7710535159552774,0.4387183595992176,0.15249681952412503,0.0384704752640094,0.007475862078292827,0.0,,,,,,,,,,
mexiletine,0.0,1.3189184433707026e-06,4.170786329055226e-06,1.3189184433707026e-05,4.1707863290552263e-05,0.00013189184433707026,0.0004170786329055227,0.0013189184433707027,0.004170786329055227,0.013189184433707028,0.041707863290552274,0.1318918443370703,0.4170786329055228,1.318918443370703,4.170786329055228,13.189184433707032,41.70786329055229,,,,,,,,,,,1.305572131230393,0.1746455116536713,9.996,0.09967,2308000.0,1.304,-86.26,1.3189184433707017e-06,3.273066155931655e-06,8.122535638918353e-06,2.0157119368312666e-05,5.002249042547914e-05,0.00012413725903219713,0.0003080626124159871,0.0007644970890161849,0.0018971980875271243,0.004708141646358024,0.011683860482414666,0.02899500610355044,0.07195484576440102,0.17856522638720065,0.4431326304153823,1.0996907522915758,2.72902437706296,6.772425825246187,16.806647805698017,41.70786329055228,131.89184433707032,417.0786329055229,1318.9184433707035,4170.7863290552295,13189.184433707036,41707.8632905523,131891.84433707036,417078.632905523,1318918.4433707038,4170786.3290552306,300.9171278290683,300.91694564916554,300.9173062998036,300.91713897810763,300.91756398160487,300.9191264707473,300.9243040296487,300.9410164536309,300.9952419817897,301.17215551430996,301.7419806752967,303.5138013215146,308.46706344654456,318.89791894632583,331.5421644687483,339.35292892391743,342.3829787622811,343.3691012043737,343.6750872451661,343.7692793988223,343.80154405551673,343.80868914921905,343.810313861231,343.8106088601067,343.8107036641845,343.810846064653,343.8108786488749,343.8107971445172,343.8108163648948,343.8108773240785,300.9169604169668,300.91699036011147,300.91712006715323,300.91708867165954,300.9176535278054,300.91929234818656,300.9238900731015,300.9396790162178,300.9902333913111,301.1565926380432,301.692286648132,303.3673704436689,308.1092074631233,318.49911143803905,332.4174012589674,342.50846305441826,347.03450476774884,348.62154491994085,349.1285798425787,349.28544087802806,349.33925788742476,349.351226524769,349.3540272665196,349.35470176730314,349.35495358695783,349.3546462098949,349.3548365990323,349.3547098553423,349.3547657366181,349.3547492734911,3.775785472016372,-2.64536597381372,0.9999992235468276,1.0,0.9999989250699506,0.9999970358746528,0.9999883312868088,0.9999496718419083,0.999773908517919,0.998990373843398,0.9954927260667543,0.9801173630278405,0.9166811013339116,0.7107273918871408,0.3541363554648854,0.10825057954445526,0.025351956848275355,0.004718386280708988,0.0,,,,,,,,,,
