,drug_conc_Hill,drug_conc_Hill,drug_conc_Hill,drug_conc_Hill,drug_conc_Hill,drug_conc_Hill,drug_conc_Hill,drug_conc_Hill,drug_conc_Hill,drug_conc_Hill,drug_conc_Hill,drug_conc_Hill,drug_conc_Hill,drug_conc_Hill,drug_conc_Hill,drug_conc_Hill,drug_conc_Hill,drug_conc_Hill,drug_conc_Hill,drug_conc_Hill,drug_conc_Hill,drug_conc_Hill,drug_conc_Hill,drug_conc_Hill,drug_conc_Hill,drug_conc_Hill,drug_conc_Hill,drug_conc_Hill,drug_conc_Hill,drug_conc_Hill,drug_conc_Hill,drug_conc_Hill,peak_current,peak_current,peak_current,peak_current,peak_current,peak_current,peak_current,peak_current,peak_current,peak_current,peak_current,peak_current,peak_current,peak_current,peak_current,peak_current,peak_current,peak_current,peak_current,peak_current,peak_current,peak_current,peak_current,peak_current,peak_current,peak_current,peak_current,peak_current,peak_current,peak_current,peak_current,peak_current,Hill_curve,Hill_curve,param_values,param_values,param_values,param_values,param_values,drug_conc_AP,drug_conc_AP,drug_conc_AP,drug_conc_AP,drug_conc_AP,drug_conc_AP,drug_conc_AP,drug_conc_AP,drug_conc_AP,drug_conc_AP,drug_conc_AP,drug_conc_AP,drug_conc_AP,drug_conc_AP,drug_conc_AP,drug_conc_AP,drug_conc_AP,drug_conc_AP,drug_conc_AP,drug_conc_AP,drug_conc_AP,drug_conc_AP,drug_conc_AP,drug_conc_AP,drug_conc_AP,drug_conc_AP,drug_conc_AP,drug_conc_AP,drug_conc_AP,drug_conc_AP,APD_trapping,APD_trapping,APD_trapping,APD_trapping,APD_trapping,APD_trapping,APD_trapping,APD_trapping,APD_trapping,APD_trapping,APD_trapping,APD_trapping,APD_trapping,APD_trapping,APD_trapping,APD_trapping,APD_trapping,APD_trapping,APD_trapping,APD_trapping,APD_trapping,APD_trapping,APD_trapping,APD_trapping,APD_trapping,APD_trapping,APD_trapping,APD_trapping,APD_trapping,APD_trapping,APD_conductance,APD_conductance,APD_conductance,APD_conductance,APD_conductance,APD_conductance,APD_conductance,APD_conductance,APD_conductance,APD_conductance,APD_conductance,APD_conductance,APD_conductance,APD_conductance,APD_conductance,APD_conductance,APD_conductance,APD_conductance,APD_conductance,APD_conductance,APD_conductance,APD_conductance,APD_conductance,APD_conductance,APD_conductance,APD_conductance,APD_conductance,APD_conductance,APD_conductance,APD_conductance,RMSE,ME
,conc_0,conc_1,conc_2,conc_3,conc_4,conc_5,conc_6,conc_7,conc_8,conc_9,conc_10,conc_11,conc_12,conc_13,conc_14,conc_15,conc_16,conc_17,conc_18,conc_19,conc_20,conc_21,conc_22,conc_23,conc_24,conc_25,conc_26,conc_27,conc_28,conc_29,conc_30,conc_31,conc_0,conc_1,conc_2,conc_3,conc_4,conc_5,conc_6,conc_7,conc_8,conc_9,conc_10,conc_11,conc_12,conc_13,conc_14,conc_15,conc_16,conc_17,conc_18,conc_19,conc_20,conc_21,conc_22,conc_23,conc_24,conc_25,conc_26,conc_27,conc_28,conc_29,conc_30,conc_31,Hill_coef,IC50,Vhalf,Kmax,Ku,N,EC50,conc_0,conc_1,conc_2,conc_3,conc_4,conc_5,conc_6,conc_7,conc_8,conc_9,conc_10,conc_11,conc_12,conc_13,conc_14,conc_15,conc_16,conc_17,conc_18,conc_19,conc_20,conc_21,conc_22,conc_23,conc_24,conc_25,conc_26,conc_27,conc_28,conc_29,conc_0,conc_1,conc_2,conc_3,conc_4,conc_5,conc_6,conc_7,conc_8,conc_9,conc_10,conc_11,conc_12,conc_13,conc_14,conc_15,conc_16,conc_17,conc_18,conc_19,conc_20,conc_21,conc_22,conc_23,conc_24,conc_25,conc_26,conc_27,conc_28,conc_29,conc_0,conc_1,conc_2,conc_3,conc_4,conc_5,conc_6,conc_7,conc_8,conc_9,conc_10,conc_11,conc_12,conc_13,conc_14,conc_15,conc_16,conc_17,conc_18,conc_19,conc_20,conc_21,conc_22,conc_23,conc_24,conc_25,conc_26,conc_27,conc_28,conc_29,RMSE,ME
0,0.0,5.133415937906148e-14,1.6233286540792922e-13,5.133415937906149e-13,1.6233286540792922e-12,5.133415937906149e-12,1.6233286540792925e-11,5.1334159379061495e-11,1.6233286540792923e-10,5.13341593790615e-10,1.6233286540792923e-09,5.133415937906149e-09,1.6233286540792926e-08,5.13341593790615e-08,1.6233286540792928e-07,5.133415937906151e-07,1.623328654079293e-06,5.133415937906151e-06,1.623328654079293e-05,5.133415937906151e-05,0.0001623328654079,0.0005133415937906,0.0016233286540792,0.0051334159379061,0.0162332865407929,0.0513341593790615,0.1623328654079293,0.5133415937906154,1.623328654079294,5.133415937906155,16.233286540792943,51.33415937906155,0.9999993084847296,0.9999996548895826,0.9999975982245092,0.9999980829918712,1.0,0.999998216937976,0.99999605690357,0.9999975215425096,0.999995752316015,0.9999929250193276,0.9999883711658648,0.9999730473540144,0.999946587498638,0.9998895188647352,0.9997679054218908,0.9995136098447346,0.9989769662472944,0.9978427481031156,0.9954566467302948,0.990451192703252,0.9800465901508306,0.9587648651378494,0.9167024233027014,0.83889080316644,0.7110752024939269,0.5370652000821954,0.3520088652961018,0.2003476756950097,0.1004865061023665,0.0438970418519853,0.0145363240059304,0.0,0.6665690054612755,0.1586736047221936,-86.26,9.996,0.09967,0.65,2308000.0,5.1334159379061476e-14,3.1614050220173254e-13,1.946945627264526e-12,1.199022981593679e-11,7.384161582415191e-11,4.547522700752885e-10,2.800583720040805e-09,1.7247344739277683e-08,1.0621746403323209e-07,6.5413835208836e-07,4.0284993392329526e-06,2.4809441113472795e-05,0.0001527884992728,0.0009409452394861,0.0057947944244865,0.0356871377981543,0.219778599710601,1.3535025746236975,8.335521392552671,51.33415937906155,162.33286540792943,513.3415937906155,1623.3286540792944,5133.415937906156,16233.286540792946,51334.159379061566,162332.8654079295,513341.5937906157,1623328.654079295,5133415.937906158,265.54533507077525,265.54523937647974,265.54520413694223,265.5453432561476,265.54538744816114,265.5456885519443,265.5464530860122,265.5492095366001,265.55817218356066,265.58727680370185,265.681784083492,265.98814866090817,266.97213511468266,270.0278517013428,278.58495972979864,296.6858298258351,318.5521703145708,331.86651117881644,336.9854014136325,338.6498503949619,339.0435855307977,339.2305582297711,339.31931446197814,339.3612566992624,339.38096790643294,339.39043631111,339.39481037951964,339.3971944634763,339.39800276431663,339.39844820793246,265.5453179673819,265.5452412077152,265.5453458748792,265.5453217086261,265.5455063140216,265.5456429105456,265.54619364407154,265.5484625699345,265.55637262373665,265.5823195373099,265.6698157116561,265.9615361391721,266.9269431555978,270.01013260769747,278.84768340982765,297.95955282927247,322.3473794964028,338.9347776330622,345.9863765943964,348.36504354652106,348.925705662862,349.1885305101001,349.3111341388682,349.36816960237445,349.3947686900471,349.406979429744,349.4127793503672,349.41555721837005,349.41669588821736,349.4171390636884,6.429972673645012,-4.364996607116793
0,0.0,5.043671876963523e-11,1.594949090174127e-10,5.043671876963521e-10,1.5949490901741267e-09,5.043671876963523e-09,1.5949490901741267e-08,5.043671876963523e-08,1.594949090174127e-07,5.043671876963524e-07,1.5949490901741273e-06,5.043671876963525e-06,1.5949490901741274e-05,5.043671876963525e-05,0.0001594949090174,0.0005043671876963,0.0015949490901741,0.0050436718769635,0.0159494909017412,0.0504367187696352,0.1594949090174128,0.5043671876963528,1.5949490901741283,5.043671876963528,15.949490901741283,50.43671876963529,,,,,,,1.0,0.999999364276615,0.9999997703902604,0.9999968228289438,0.9999926605260104,0.9999883380893008,0.9999697937188282,0.9999398594269724,0.9998685844706472,0.999708988120479,0.999361552102328,0.9985998381969656,0.996928536451627,0.993275904672823,0.9853416852275896,0.9683420494320064,0.9329612767819784,0.863582234237622,0.7421086378666113,0.5662096310572043,0.3705458216105466,0.2075247260209344,0.1014075929858656,0.0430277538664915,0.0138646839279653,0.0,,,,,,,0.6998245226189572,0.1602360004867935,-86.26,9.996,0.09967,0.6844210526315789,2308000.0,5.043671876963527e-11,2.1593635815353807e-10,9.244953262242179e-10,3.958071792628402e-09,1.6945821002237296e-08,7.255069247977814e-08,3.106136302632011e-07,1.3298401987296902e-06,5.693487927940862e-06,2.437571432761097e-05,0.0001043605354927,0.0004468021417527,0.0019129084853031,0.0081897970739136,0.0350632435514839,0.150117400621157,0.6427024908908987,2.751622996988862,11.780612686069778,50.43671876963529,159.49490901741288,504.36718769635297,1594.949090174129,5043.67187696353,15949.49090174129,50436.71876963531,159494.90901741292,504367.1876963531,1594949.0901741297,5043671.876963532,265.5451006733488,265.54551792853886,265.5456870318202,265.54625460078955,265.54734343009085,265.550989631968,265.56076375162087,265.5869139238995,265.65798050434586,265.8494817398362,266.3634529605695,267.7237017784193,271.19328208595186,279.2518380859816,294.32219739444565,313.2488405090698,327.5381881317068,334.6939213342729,337.619992544463,338.7365549123893,339.09698902009296,339.2615131524291,339.33639327670863,339.3705359590071,339.3859641347931,339.3931049730239,339.3961365759874,339.3977597577174,339.39841464725896,339.39871674761935,265.5453885380928,265.54516362710666,265.5455269317338,265.5460786254497,265.54718185803745,265.5502930463172,265.5588605130028,265.58285753962906,265.64914388595747,265.83194933273023,266.3333886221097,267.6895475388958,271.2177618616788,279.5428527545671,295.3731175826296,316.0908694169866,333.18986399290543,342.7004428929424,346.85449207564784,348.4721908210841,348.9926036089949,349.22732094671744,349.3325069588396,349.3796647504187,349.40065213292326,349.4101006762678,349.41423029644983,349.41634211588155,349.41697847222645,349.4175109517644,6.544298880175957,-4.557045038994077
0,0.0,4.445664855198303e-11,1.4058426656189287e-10,4.445664855198303e-10,1.4058426656189283e-09,4.445664855198303e-09,1.4058426656189288e-08,4.445664855198304e-08,1.4058426656189288e-07,4.445664855198304e-07,1.4058426656189291e-06,4.4456648551983045e-06,1.4058426656189292e-05,4.445664855198305e-05,0.0001405842665618,0.0004445664855198,0.0014058426656189,0.0044456648551983,0.0140584266561892,0.044456648551983,0.140584266561893,0.4445664855198308,1.4058426656189302,4.4456648551983085,14.058426656189305,44.456648551983086,,,,,,,1.0,0.9999992566161734,0.9999971460657392,0.9999987177835096,0.9999975172957196,0.9999935425468346,0.9999840435876706,0.9999688683183322,0.9999291568036904,0.9998383032709832,0.9996312005381504,0.9991584535974166,0.998078668168952,0.995622010494844,0.9900466087385223,0.9775315178067776,0.9500699399046172,0.8927089081349101,0.7843226607599345,0.6134274313098255,0.4079714535321118,0.2281417185236081,0.1095802305974129,0.0453586539190239,0.0142500836222664,0.0,,,,,,,0.7343223955156977,0.1607502377104653,-86.26,9.996,0.09967,0.718842105263158,2308000.0,4.445664855198295e-11,1.9033368978408632e-10,8.148817926404155e-10,3.488779819957952e-09,1.49366260751844e-08,6.39486611432439e-08,2.737854748072977e-07,1.1721666235912564e-06,5.0184349422787696e-06,2.1485588109243595e-05,9.19869444776448e-05,0.0003938266856513,0.0016861029487593,0.0072187671820998,0.0309059418155361,0.1323186100077916,0.5664999519798748,2.42537459828442,10.383834846666126,44.45664855198309,140.5842665618931,444.566485519831,1405.842665618931,4445.664855198311,14058.426656189313,44456.64855198312,140584.26656189316,444566.4855198312,1405842.6656189316,4445664.855198313,265.5453489321704,265.54531651693765,265.54528822706243,265.54559334480064,265.5463552440799,265.54811137354613,265.55352411510535,265.56909834326643,265.613204289086,265.7385425900964,266.09198562233865,267.08223840628887,269.7779861402217,276.565381749774,290.64673323048095,310.3923273928947,326.3873287167241,334.43455639606384,337.6097642045859,338.7650142653273,339.1212538967808,339.27727530785444,339.3458231311482,339.37577239515747,339.38911863272546,339.39467863472544,339.3970845593444,339.3981463948269,339.3984043435377,339.3987046582092,265.5453431671857,265.5453983475037,265.5454517953011,265.54575990208605,265.54613776015105,265.54772960616515,265.55258969825314,265.5668690707625,265.60744907351847,265.7260124836964,266.0688946619611,267.0500609120055,269.7760021101328,276.7574365033639,291.4634653766445,312.8281737403938,331.694512816726,342.3151905526219,346.8276148011082,348.5081175570046,349.0247633027877,349.2488056672421,349.3452685216204,349.38650627679226,349.40433662643267,349.4119836867922,349.41526003044254,349.4166882200148,349.41730300277,349.4175770180345,6.523453187608108,-4.516891374478447
0,0.0,3.568123605654569e-13,1.1283397566880891e-12,3.568123605654569e-12,1.1283397566880892e-11,3.5681236056545694e-11,1.1283397566880894e-10,3.56812360565457e-10,1.128339756688089e-09,3.5681236056545684e-09,1.1283397566880896e-08,3.56812360565457e-08,1.1283397566880897e-07,3.568123605654571e-07,1.1283397566880896e-06,3.5681236056545707e-06,1.1283397566880896e-05,3.568123605654571e-05,0.0001128339756688,0.0003568123605654,0.001128339756688,0.0035681236056545,0.0112833975668809,0.0356812360565457,0.112833975668809,0.3568123605654572,1.1283397566880902,3.5681236056545726,11.283397566880904,35.68123605654573,112.83397566880905,,0.9999985080763022,0.9999984525623106,0.99999795397032,0.9999973320947614,0.999997356200016,0.9999976785182144,0.9999965810280076,1.0,0.9999976438803944,0.9999960411224108,0.9999911039274156,0.999983755301073,0.9999637194376936,0.9999165256790664,0.999800686306266,0.9995349076739184,0.9988958869083548,0.9973808892816064,0.9937971615938028,0.9853748970466666,0.9659040472312346,0.9225517934920144,0.8335816616390898,0.6780450530246745,0.4693028600619959,0.2698616506714914,0.132463557039685,0.0578060269350599,0.0224201858995701,0.0067402488343501,0.0,,0.7595997196048735,0.1676428972294234,-86.26,9.996,0.09967,0.7532631578947369,2308000.0,3.56812360565457e-13,2.068225009274634e-12,1.1988246937999068e-11,6.948860206310373e-11,4.0278331282774726e-10,2.3346907589991222e-09,1.3532787398486289e-08,7.844136704903013e-08,4.546770656582495e-07,2.6354873941243e-06,1.527632319552438e-05,8.854758740049213e-05,0.000513256700195,0.0029750380335448,0.0172444924687296,0.0999558718749372,0.5793836113412092,3.358335661468534,19.466236521573336,112.83397566880907,356.8123605654574,1128.3397566880908,3568.1236056545745,11283.397566880907,35681.23605654575,112833.97566880911,356812.36056545755,1128339.7566880912,3568123.605654576,11283397.566880912,265.5453199490974,265.54541694542394,265.5453243533425,265.54536006857705,265.5452866314224,265.54546350677987,265.5459034001222,265.54720431642727,265.5526464507733,265.5729340441141,265.64852973763624,265.9319878122307,266.9799509392344,270.69694257350005,282.086938425402,305.024097261264,326.35759508563706,335.5940639921172,338.36548011204155,339.12255018648005,339.282805071408,339.35013437494035,339.3785143060403,339.3902981982846,339.3953058502982,339.3973317618004,339.39838403716305,339.3986996879632,339.398734684718,339.39871920740904,265.54537326063866,265.54536081918474,265.5453116103527,265.5452955832608,265.5455318622256,265.5454223432476,265.54572514918146,265.5472230936695,265.5522357147136,265.5721561120365,265.64735255030126,265.9316710624358,266.99363600572696,270.7903870930993,282.46712536315465,306.4836006128565,331.1426270328939,343.65860357846293,347.8180925119707,348.99033118377235,349.23905060469,349.34315161659566,349.3867194113254,349.404619953424,349.4122933668207,349.4154541510712,349.41676815886007,349.41736425903514,349.41758349108136,349.41769329483765,6.528352530742802,-4.473194595975948
0,0.0,2.639916875544912e-10,8.348150160237184e-10,2.639916875544912e-09,8.348150160237183e-09,2.639916875544912e-08,8.348150160237183e-08,2.639916875544912e-07,8.348150160237184e-07,2.6399168755449126e-06,8.348150160237186e-06,2.639916875544913e-05,8.348150160237187e-05,0.0002639916875544,0.0008348150160237,0.0026399168755449,0.0083481501602371,0.0263991687554491,0.0834815016023719,0.2639916875544915,0.8348150160237192,2.639916875544915,8.348150160237193,26.39916875544916,83.48150160237194,,,,,,,,1.0,0.9999987305039214,0.99999954856903,0.9999980897039537,0.9999964722696928,0.9999938912437872,0.999984245506332,0.9999601593877052,0.9999034454470422,0.9997621484672108,0.999411344676594,0.9985444355384988,0.99640938524936,0.9911642267012106,0.9784168500766138,0.9482398758522036,0.8810116487207491,0.7495254357623765,0.5471782174695274,0.327118292226862,0.162162979486028,0.0698390167497196,0.0264564573336233,0.0077576084139954,0.0,,,,,,,,0.7949593728816214,0.1672100471640658,-86.26,9.996,0.09967,0.7876842105263158,2308000.0,2.6399168755449156e-10,1.063783892608385e-09,4.286635615901609e-09,1.7273475403411317e-08,6.960539202478937e-08,2.8048267565007804e-07,1.1302361649196526e-06,4.554412444660114e-06,1.835251194386399e-05,7.395348988310746e-05,0.0002980038200012,0.0012008395665401,0.0048389167110748,0.0194989535564541,0.0785732039831494,0.316619472234915,1.2758534095136884,5.14119334189263,20.71701088982953,83.48150160237195,263.9916875544916,834.8150160237196,2639.9168755449164,8348.150160237197,26399.168755449165,83481.50160237198,263991.6875544917,834815.0160237199,2639916.8755449173,8348150.160237201,265.54509397233824,265.54528611934984,265.54561158055463,265.5455876306724,265.5463120544511,265.54819966322725,265.5545456842913,265.572382532131,265.6268667125673,265.7888855070268,266.2714918723616,267.6861587712332,271.6568628158353,281.5264004774716,299.798848268868,319.7813656690513,331.83247733522995,336.7656399470355,338.5094392248426,339.10110852884867,339.2785496166587,339.35040374094524,339.37920474519007,339.3908078719121,339.39565640257,339.39761618068053,339.3983444367782,339.39865002077414,339.39874241172566,339.3987267122376,265.545209264226,265.5452389953036,265.54536133271233,265.5457023714804,265.5462440598212,265.548318731602,265.55404084822067,265.57165972036955,265.62528927364826,265.7869015242638,266.27284720880147,267.7094653714473,271.76769512014374,281.89147054471846,300.9105123354584,323.12940975917365,338.3692886606421,345.4039522301303,348.04682885522067,348.95979944021497,349.2336718772692,349.3440254472397,349.38817730500494,349.40613470529604,349.4129617555024,349.4159933222708,349.41702074060635,349.4174078936952,349.41767577539895,349.41777886007924,6.632708289635989,-4.653693894103387
0,0.0,5.752126214068872e-10,1.8189820225218919e-09,5.7521262140688745e-09,1.818982022521892e-08,5.7521262140688745e-08,1.818982022521892e-07,5.752126214068875e-07,1.818982022521892e-06,5.752126214068876e-06,1.8189820225218923e-05,5.752126214068876e-05,0.0001818982022521,0.0005752126214068,0.0018189820225218,0.0057521262140688,0.0181898202252189,0.0575212621406887,0.1818982022521893,0.575212621406888,1.8189820225218936,5.7521262140688805,18.18982022521893,57.52126214068881,,,,,,,,,1.0,0.9999986572464992,0.9999998170595268,0.9999981434128836,0.9999964691618723,0.9999944468336462,0.999982096657982,0.999956258938449,0.9998852067493154,0.9997098231416912,0.999252766466056,0.9980792927030384,0.9950750275037128,0.9874183393068092,0.9682362481171004,0.9221236626559928,0.8214103802377717,0.6410177876151767,0.4087428486503431,0.2096104070029899,0.0903290179115048,0.0336177673679166,0.0096348199539581,0.0,,,,,,,,,0.8312475362589898,0.1662199199165097,-86.26,9.996,0.09967,0.8221052631578948,2308000.0,5.75212621406888e-10,2.18160326679529e-09,8.274145310043938e-09,3.1381269754096795e-08,1.190194339690857e-07,4.514038397210565e-07,1.7120349149689215e-06,6.493218028193745e-06,2.462676432181624e-05,9.340168747282752e-05,0.000354243663876,0.0013435364691116,0.0050956175872909,0.0193260988390409,0.0732979054919523,0.2779962471605475,1.0543536396661877,3.998836706724799,15.166348751935216,57.52126214068882,181.89820225218944,575.2126214068883,1818.9820225218944,5752.126214068883,18189.820225218948,57521.26214068884,181898.2022521895,575212.6214068885,1818982.0225218951,5752126.214068885,265.5453728048319,265.54531912752134,265.5454473822641,265.5458983880692,265.54624556248166,265.54800896123226,265.5532273348457,265.56911559076167,265.61648541742903,265.7583968383413,266.179014343102,267.41403898451574,270.90356001424925,279.76583301756983,297.0279029725596,317.46334676265,330.717677457659,336.34869279438544,338.36457321279084,339.05161283814124,339.26404162460415,339.34652616820324,339.3785019957083,339.3911466242664,339.3957783543599,339.3977034425047,339.39853988514346,339.3989259619753,339.3987776042778,339.3987891768309,265.5453243496084,265.5453346184024,265.5454652799363,265.54555852651134,265.54614728962423,265.54773488868125,265.552862364906,265.568362321464,265.61439017840246,265.7545226359654,266.1753449241946,267.4244397707316,270.9853154127295,280.0806037364867,298.01806613178496,320.4839364653772,336.92277740114383,344.81959400430657,347.839661402596,348.8897015325353,349.2143438199992,349.33971752289267,349.3876113279196,349.40639270750194,349.4134402610868,349.41611566550966,349.4170910143263,349.4174343042218,349.4175367253072,349.41776610188094,6.604579883942825,-4.615803068091958
0,0.0,1.1772837312892883e-09,3.7228980431357904e-09,1.1772837312892884e-08,3.72289804313579e-08,1.1772837312892885e-07,3.7228980431357926e-07,1.1772837312892883e-06,3.722898043135792e-06,1.1772837312892886e-05,3.722898043135791e-05,0.0001177283731289,0.0003722898043135,0.0011772837312892,0.0037228980431357,0.0117728373128928,0.0372289804313579,0.1177283731289289,0.3722898043135793,1.1772837312892894,3.7228980431357934,11.772837312892896,37.22898043135794,,,,,,,,,,1.0,0.9999993020015012,0.9999979507463512,0.9999984793854836,0.9999968354799394,0.9999905358284726,0.9999810053737638,0.9999502895421736,0.9998668939695148,0.9996443490723494,0.9990524527711984,0.997466128458443,0.9932406135775836,0.9820994901988048,0.9534508593411458,0.8843421775072493,0.7404884102790822,0.5151859721417233,0.2819653743531814,0.1242612700154181,0.0458942719115773,0.0129041079272516,0.0,,,,,,,,,,0.8689769998084833,0.1644293174309646,-86.26,9.996,0.09967,0.8565263157894737,2308000.0,1.1772837312892902e-09,4.202548377970463e-09,1.500183209857193e-08,5.355202274255044e-08,1.9116459382928574e-07,6.82400030146374e-07,2.435962600687581e-06,8.695652886585877e-06,3.104086208164539e-05,0.0001108065295773,0.000395545940853,0.0014119798889297,0.005040342981254,0.0179925065277906,0.0642278298037645,0.2292740099846395,0.8184391690493549,2.921581357952763,10.429165604392502,37.22898043135795,117.728373128929,372.2898043135795,1177.28373128929,3722.898043135795,11772.837312892902,37228.98043135796,117728.37312892904,372289.8043135796,1177283.7312892906,3722898.043135797,265.545321848142,265.5452751498585,265.5453120789678,265.54565912386806,265.5460664710165,265.547568538929,265.55204570702546,265.56565666274014,265.6056759943118,265.7244304783841,266.0757117205002,267.1041259240661,270.02098077456304,277.59128489883153,293.26111058422134,313.89661112967684,328.8425115035982,335.61527423434586,338.1030917017261,338.9607481197702,339.23524185065,339.3378904429873,339.3763157043628,339.39035279953947,339.39574386976324,339.397721971485,339.3984546336278,339.39866317573245,339.3988058347866,339.3988689062958,265.5452205360958,265.5453949010435,265.5453825873724,265.5455975251896,265.5459244527292,265.54739376839666,265.55148870677044,265.5644934081575,265.6024941175467,265.7183013770764,266.0654827007634,267.0970090981923,270.062302896396,277.8353288540229,294.1123040063586,316.5167546302421,334.5673460479891,343.8212250781248,347.475696894915,348.7645701725436,349.1762560785029,349.3288773542342,349.3850148747913,349.4059951041215,349.4133174039807,349.4160768135299,349.4171289481476,349.4176369664463,349.4177615581212,349.4177509690461,6.565272920247457,-4.563433533235811
0,0.0,7.20940330880486e-14,2.2798135026577613e-13,7.209403308804861e-13,2.279813502657761e-12,7.209403308804862e-12,2.2798135026577608e-11,7.209403308804862e-11,2.2798135026577607e-10,7.209403308804861e-10,2.2798135026577616e-09,7.209403308804863e-09,2.279813502657761e-08,7.209403308804866e-08,2.2798135026577618e-07,7.209403308804863e-07,2.2798135026577616e-06,7.209403308804864e-06,2.2798135026577617e-05,7.209403308804865e-05,0.0002279813502657,0.0007209403308804,0.0022798135026577,0.0072094033088048,0.0227981350265776,0.0720940330880486,0.2279813502657762,0.7209403308804867,2.279813502657763,7.209403308804868,22.79813502657763,72.09403308804868,0.9999974993422646,0.9999978589859274,0.9999961133443428,0.9999980495238028,0.9999974942620924,0.9999950843569864,0.9999958998114286,0.9999967500201732,0.999996393921388,0.9999973877094338,1.0,0.9999955204229464,0.9999958339800488,0.9999943473838566,0.9999900615624212,0.9999781285995022,0.9999427166188922,0.9998443809935182,0.9995676495477114,0.998799336856567,0.9966695539947256,0.9907783960250156,0.9747281088079556,0.9326287874430838,0.8324837164300953,0.6408037137077538,0.3899559972612175,0.1852141066873887,0.0733482175411191,0.0252834916759828,0.0068002423634329,0.0,0.8963506585876543,0.1688853336926446,-86.26,9.996,0.09967,0.8909473684210527,2308000.0,7.20940330880486e-14,4.4398981305809574e-13,2.7343033210336844e-12,1.6839158087704867e-11,1.0370365384171036e-10,6.386570969942793e-10,3.933158306685481e-09,2.4222285070117372e-08,1.4917250928363105e-07,9.186762298255444e-07,5.657651126869436e-06,3.484254325318225e-05,0.0002145771793146,0.001321469720165,0.0081382476314158,0.0501192524501981,0.3086585196142106,1.9008679713469927,11.706461396267557,72.09403308804868,227.98135026577629,720.9403308804868,2279.813502657764,7209.40330880487,22798.13502657764,72094.03308804872,227981.3502657764,720940.3308804872,2279813.5026577646,7209403.308804873,265.54533485583323,265.54536575265246,265.54526190137545,265.545240853164,265.5453727824317,265.54535075206906,265.54537304145896,265.5453825996545,265.5456196791601,265.5469858840443,265.5545467998483,265.5920068737731,265.7809223403448,266.7229504777015,271.17984081807595,287.8447437534853,317.5466966276795,334.117273676911,338.31881144625976,339.18393776013585,339.3217713752263,339.3713362253785,339.3891043770583,339.39531395974524,339.39762175219954,339.3982930490887,339.3988492108716,339.39877867304,339.39897628476274,339.39899390093547,265.5452728327219,265.54537420013867,265.5452255940813,265.5454595142101,265.5454389257009,265.54525736371875,265.54533036094347,265.5453251069588,265.54562544050043,265.5470559745064,265.5544358903792,265.5918039547724,265.78223727892856,266.7401385992705,271.2985413285021,288.3801947071969,320.3808876822534,341.4674720523845,347.7258221833875,349.0806391226155,349.2970750979875,349.3747791859516,349.40238042857203,349.4124034531919,349.415754208259,349.41709244375073,349.41762715812723,349.41767025068,349.417763762315,349.4178175626,6.4581353932261845,-4.342728139341365
0,0.0,4.2030542291548695e-09,1.3291224493332673e-08,4.2030542291548695e-08,1.329122449333267e-07,4.2030542291548697e-07,1.3291224493332671e-06,4.203054229154869e-06,1.3291224493332673e-05,4.20305422915487e-05,0.0001329122449333,0.0004203054229154,0.0013291224493332,0.0042030542291548,0.0132912244933326,0.0420305422915487,0.1329122449333268,0.4203054229154873,1.3291224493332685,4.203054229154874,13.291224493332686,42.03054229154874,,,,,,,,,,,1.0,0.9999978853732736,0.999999190361352,0.9999965502545556,0.9999968429430176,0.9999926929272148,0.9999785736353882,0.9999390111366214,0.9998188598666562,0.9994735591527392,0.9984797294194137,0.9956072471102562,0.987369425166572,0.964241928799782,0.9029304228903458,0.7624018190791344,0.5250857861973086,0.2746561819752945,0.1128340909370702,0.0387428780649161,0.0102266907724584,0.0,,,,,,,,,,,0.9342263894926728,0.1670411985311521,-86.26,9.996,0.09967,0.9253684210526316,2308000.0,4.203054229154872e-09,1.4121498457356922e-08,4.744566874675599e-08,1.5940882546031396e-07,5.355846867765813e-07,1.7994672244855328e-06,6.045882886394815e-06,2.031306787843947e-05,6.824821690850461e-05,0.0002293016071754,0.0007704117328623,0.0025884434280385,0.0086966995625349,0.0292193302205209,0.0981716399878706,0.3298388712257158,1.1081986710713614,3.7233461599009527,12.50976651419969,42.03054229154874,132.91224493332686,420.3054229154874,1329.1224493332688,4203.0542291548745,13291.22449333269,42030.54229154875,132912.2449333269,420305.4229154876,1329122.4493332691,4203054.229154876,265.54518699020207,265.54557056697183,265.5454854372262,265.5455528230555,265.5459376237335,265.54734134070173,265.5517419601616,265.56526671798275,265.6064155291695,265.7330336048317,266.1182360559506,267.2801069493148,270.65570432958026,279.4741612251614,297.03781329423475,317.8868016676499,331.1206726687094,336.5700092088774,338.4648214276152,339.093391492333,339.29380763214823,339.362700000346,339.3862533710228,339.3946498719648,339.3973526264206,339.3984698260228,339.3987724710334,339.39874809373873,339.398801092548,339.39884035549375,265.5452244369235,265.54542998726873,265.5453820611288,265.54550240615544,265.54585498606804,265.54746498441574,265.55140717172515,265.56463109509895,265.60503596543685,265.730541233321,266.1172182426375,267.294480516603,270.7409543271962,279.7818878073454,297.99679503468,320.91494880404787,337.4128351920339,345.118598485042,347.98013940497754,348.94867847840806,349.2572858572716,349.36301157112,349.39908984127374,349.4114452217715,349.41571427952863,349.416948576113,349.4175107013183,349.41766781766967,349.41775236022136,349.41760213688946,6.614745362458046,-4.623513090982952
0,0.0,7.416098021895805e-09,2.345176110026001e-08,7.416098021895806e-08,2.3451761100260013e-07,7.416098021895805e-07,2.3451761100260013e-06,7.416098021895805e-06,2.345176110026001e-05,7.416098021895807e-05,0.0002345176110026,0.0007416098021895,0.002345176110026,0.0074160980218958,0.02345176110026,0.074160980218958,0.2345176110026002,0.741609802189581,2.345176110026003,7.41609802189581,23.451761100260036,74.16098021895812,,,,,,,,,,,1.0,0.9999991940953268,0.9999964304565429,0.9999995357194144,0.9999968513516732,0.9999899356408296,0.999976237276814,0.9999292614405134,0.9997869014462776,0.9993621856369792,0.9980779962074242,0.9942277575513586,0.9827903661851536,0.9498390860059344,0.8626427123661704,0.6757221965451423,0.4085257324647967,0.18536934715175,0.0685668551632159,0.0220399406242852,0.0055768481355762,0.0,,,,,,,,,,,0.9633967958336876,0.1701067546450031,-86.26,9.996,0.09967,0.9597894736842104,2308000.0,7.416098021895805e-09,2.49167417468385e-08,8.371572455563847e-08,2.812696222115309e-07,9.450148200824304e-07,3.1750780733221333e-06,1.0667685371126378e-05,3.584148438223239e-05,0.0001204208746349,0.0004045922566488,0.0013593564623777,0.0045671906998748,0.0153449308303846,0.0515561792056862,0.1732193936661881,0.5819856863786478,1.9553661514503984,6.569674952023403,22.072914038748703,74.16098021895812,234.51761100260035,741.6098021895813,2345.176110026004,7416.098021895813,23451.76110026004,74160.98021895814,234517.61100260043,741609.8021895816,2345176.1100260047,7416098.021895817,265.54525333154334,265.54532168525753,265.54525992524174,265.54549465458183,265.54601589116265,265.5475306255107,265.55266715042546,265.5690614915629,265.6210111559293,265.787553861942,266.3154698817794,267.9630553943318,272.82680862761123,285.07011262743055,306.0336681258928,325.08539162233296,334.46629395696857,337.81705271599907,338.90085194980804,339.2432093532322,339.34736107032546,339.3818337053258,339.39323821789435,339.3969489224505,339.3982706089749,339.3987181109148,339.3988125764533,339.39905328821885,339.3988532033337,339.39884431062586,265.54533314460474,265.5452552321956,265.5455888335997,265.5455601173496,265.5460433839258,265.54755601181813,265.5527026295665,265.5691054558469,265.62207151647857,265.79118211129844,266.3309609429968,268.0181062232277,272.9983313705921,285.5156892971169,307.43621783645415,329.35790481084246,341.90864517208064,346.92238530574065,348.62457701628216,349.1694644319439,349.3356481790825,349.3907392778852,349.4087103737605,349.4148299704514,349.4168677511313,349.41751719801,349.4176941276239,349.41773685488147,349.4176956995937,349.41765770215096,6.719860991438103,-4.756958664515694
0,0.0,3.978413173851438e-08,1.258084710258998e-07,3.978413173851438e-07,1.2580847102589982e-06,3.978413173851438e-06,1.258084710258998e-05,3.978413173851438e-05,0.0001258084710258,0.0003978413173851,0.0012580847102589,0.0039784131738514,0.0125808471025899,0.0397841317385143,0.1258084710258998,0.397841317385144,1.258084710258999,3.978413173851441,12.580847102589992,39.78413173851442,,,,,,,,,,,,,1.0,0.9999980310365462,0.9999991817298308,0.999997944433092,0.99999185445343,0.9999721653602938,0.9999204438228606,0.9997515639179452,0.9992196633075452,0.997560675009155,0.9923854314903542,0.9764894828039098,0.9297601666965388,0.80840214317669,0.573452227142016,0.298960414338386,0.1174153059299937,0.0378722127365993,0.0094184996312701,0.0,,,,,,,,,,,,,1.0015974546836186,0.168170147883617,-86.26,9.996,0.09967,0.9942105263157895,2308000.0,3.97841317385144e-08,1.1841155785397765e-07,3.524344109244968e-07,1.0489686670356084e-06,3.1220994043575166e-06,9.292465063075778e-06,2.7657641786794258e-05,8.23188620042477e-05,0.0002450098635997,0.0007292354607391,0.0021704610148595,0.0064600547705819,0.0192273933294388,0.0572274798548877,0.1703290921670219,0.5069592390230696,1.5088888619146297,4.490983539421049,13.366745331898336,39.78413173851442,125.80847102589992,397.8413173851442,1258.0847102589996,3978.413173851443,12580.847102589998,39784.13173851444,125808.4710259,397841.3173851444,1258084.710259,3978413.173851445,265.54526569203364,265.5453590468727,265.54538957724463,265.5457984352306,265.5468416033438,265.5493945129832,265.5582545985561,265.58346302039666,265.6578704600992,265.877385882999,266.5203262694212,268.3665184442883,273.3804154456668,285.0951102618756,304.53863599159723,323.0907421795309,333.22920382357177,337.2436694952332,338.6629439498567,339.14947174788733,339.3194021227821,339.373740820164,339.3907560469329,339.3962928965447,339.3980546550707,339.3986748666735,339.3988281850793,339.3988239763097,339.3988464025727,339.39897535092587,265.54517941438394,265.54528028319686,265.54540150123154,265.54575991393455,265.5466922839243,265.54947438590546,265.558063034356,265.5828376533062,265.6573192146447,265.87804447270105,266.52939528581527,268.4123403976551,273.5431208366016,285.55668435266534,305.9300703203323,327.03706220101105,340.2477194276697,346.09259628774714,348.27137860918754,349.02948654128045,349.294889162686,349.3789667093002,349.40542177658523,349.4138874617683,349.4165275372083,349.4174529851544,349.41766822252805,349.417673244311,349.41776505622704,349.41772901756394,6.677739131264173,-4.71658106097128
0,0.0,6.514521277502851e-08,2.060072510253884e-07,6.514521277502851e-07,2.060072510253884e-06,6.514521277502851e-06,2.060072510253884e-05,6.514521277502853e-05,0.0002060072510253,0.0006514521277502,0.0020600725102538,0.0065145212775028,0.0206007251025388,0.0651452127750285,0.2060072510253885,0.6514521277502855,2.0600725102538853,6.5145212775028565,20.600725102538856,65.14521277502857,,,,,,,,,,,,,1.0,0.9999997163937075,0.999999309979787,0.9999975393630972,0.999990986564576,0.9999721184092868,0.9999129653063784,0.99970714936512,0.9990523585550212,0.9969141858630276,0.989999809615186,0.968075092619384,0.9028274729727346,0.7401336827730045,0.4660790252756134,0.2103104020635321,0.0740584962193434,0.022337430877076,0.0053253154621393,0.0,,,,,,,,,,,,,1.0315526824299612,0.1705949640687859,-86.26,9.996,0.09967,1.0286315789473686,2308000.0,6.514521277502848e-08,1.9389504795833505e-07,5.770998055159643e-07,1.7176518381125909e-06,5.112335524587095e-06,1.5216107208707806e-05,4.528848262665419e-05,0.0001347944405551,0.0004011956274701,0.001194099184197,0.0035540588283355,0.0105781281173591,0.0314842268718625,0.0937081240387157,0.2789083100751975,0.8301291507752692,2.4707560946501554,7.353838464231358,21.8876077145388,65.14521277502858,206.00725102538863,651.452127750286,2060.072510253887,6514.521277502861,20600.725102538872,65145.21277502862,206007.25102538877,651452.1277502864,2060072.510253888,6514521.277502865,265.5453507824184,265.54532595382267,265.5454367473604,265.5457824818538,265.54686955094314,265.55021271668465,265.5600765617283,265.59095678726135,265.6856077926886,265.97486325427235,266.8512862075486,269.43348729969506,276.4452076590139,291.7618004947608,312.9698183795594,328.6528719867911,335.6597524904396,338.1585394262265,338.99274277538865,339.2665662677188,339.3584501610956,339.3864721375906,339.3950491224784,339.3976859395052,339.39853361473814,339.39883132946386,339.3988134973308,339.398955300169,339.3988133777407,339.39882669984326,265.54524775331424,265.5453548584007,265.54537484081993,265.54577988062,265.54683346020187,265.550042179194,265.56035021779365,265.59177086517377,265.6882731227329,265.98407789699473,266.8824112328724,269.5300631630712,276.7011644854805,292.38779101095884,315.0346242321788,333.88984326238125,343.6339026992722,347.4453704303084,348.7667544404729,349.2053384112748,349.3528261492985,349.39787723897064,349.4117210472257,349.4159232378923,349.4171398807485,349.41748902092235,349.4176743169615,349.41784737710424,349.41780080385763,349.41777488691616,6.78079545381418,-4.848381853576103
0,0.0,1.0332027389962469e-07,3.267273939952612e-07,1.0332027389962468e-06,3.2672739399526123e-06,1.0332027389962469e-05,3.267273939952612e-05,0.0001033202738996,0.0003267273939952,0.0010332027389962,0.0032672739399526,0.0103320273899624,0.0326727393995261,0.1033202738996247,0.3267273939952613,1.0332027389962473,3.267273939952614,10.332027389962477,32.672739399526144,,,,,,,,,,,,,,0.9999996461892652,1.0,0.9999979510620078,0.9999964928868496,0.9999919565952242,0.999968989820644,0.999898069813744,0.9996565832967288,0.9988429046698089,0.9960832401263924,0.986821430850728,0.9566138980550508,0.8665358560827066,0.6566034802756996,0.35957510512577,0.1398375704875913,0.042937637867008,0.0100957374570934,0.0,,,,,,,,,,,,,,1.0705039662232774,0.1683907036500799,-86.26,9.996,0.09967,1.0630526315789477,2308000.0,1.0332027389962461e-07,2.894369478576325e-07,8.108161508217419e-07,2.2713853061937294e-06,6.36296058479357e-06,1.7824922655453383e-05,4.9933967598701145e-05,0.0001398828577461,0.0003918617893228,0.0010977446729751,0.0030751744617089,0.0086146607701743,0.0241327381939624,0.067604409305899,0.189384069095936,0.5305323424252533,1.4862103644876574,4.163405453121336,11.663184015713677,32.672739399526144,103.32027389962477,326.7273939952615,1033.2027389962475,3267.273939952616,10332.02738996248,32672.73939952616,103320.2738996248,326727.39399526163,1033202.7389962482,3267273.9399526166,265.54534308400326,265.5453003995127,265.54544561293943,265.54574605138106,265.5466605264015,265.54908949942103,265.55700100375657,265.5803034631872,265.650014255795,265.8574809731237,266.47169229882115,268.25634978652533,273.166706753043,284.8026453919789,304.3612797364706,323.11138334072047,333.30024573313244,337.29155130413824,338.6871047059328,339.16015381274724,339.3285564834567,339.3782007908823,339.3927752609835,339.39714225118905,339.39839169842486,339.39886133312723,339.39874425636503,339.3988129152319,339.3988195171792,339.3988174538744,265.54523988727345,265.5453870006197,265.5453464735988,265.5457073137805,265.5464335990989,265.5489587555832,265.55698096984975,265.580222421906,265.6496097563644,265.85857735093015,266.48136505563025,268.30169889552224,273.32655070233363,285.25424087871306,305.72706667977644,327.0458147897082,340.33568061279686,346.1595299589744,348.30617575292945,349.04550751951894,349.3087473281472,349.38595250704003,349.40848138415384,349.415145110936,349.4168728895546,349.4176510670193,349.41774425969334,349.41784751166614,349.4178233875596,349.4177343626992,6.679976589740905,-4.716982482987733
0,0.0,1.5919302025874785e-07,5.034125316189705e-07,1.5919302025874784e-06,5.0341253161897055e-06,1.5919302025874784e-05,5.0341253161897056e-05,0.0001591930202587,0.0005034125316189,0.0015919302025874,0.0050341253161897,0.0159193020258747,0.050341253161897,0.1591930202587479,0.5034125316189707,1.591930202587479,5.034125316189708,15.919302025874792,50.34125316189708,,,,,,,,,,,,,,0.9999996102412064,1.0,0.9999978916804702,0.9999971496319072,0.999989767727028,0.9999671843534654,0.999888109030722,0.9996002907951728,0.9985934729250208,0.9950485021731936,0.9827192482669104,0.941506598375046,0.8200671811962312,0.5635142337854803,0.2671903039072102,0.092225101029545,0.0263396395891419,0.005927357861129,0.0,,,,,,,,,,,,,,1.1005723854699343,0.1706041915863984,-86.26,9.996,0.09967,1.0974736842105264,2308000.0,1.5919302025874798e-07,4.4595644363751227e-07,1.2492830985841452e-06,3.4996876548701697e-06,9.803873674054768e-06,2.746414780275293e-05,7.693687613780685e-05,0.0002155276381541,0.0006037698063683,0.0016913746292778,0.0047381437534476,0.0132732310392528,0.0371830555147656,0.1041630039683216,0.2917977354334424,0.8174295590589914,2.2899118220737167,6.41485996531543,17.97031133598029,50.341253161897086,159.19302025874796,503.41253161897095,1591.93020258748,5034.12531618971,15919.3020258748,50341.253161897104,159193.020258748,503412.5316189711,1591930.2025874802,5034125.316189711,265.54558725833147,265.5453514045231,265.54543495482733,265.54567666097967,265.5469622455132,265.5495497174076,265.55875217631177,265.5867387036249,265.67360708988565,265.94183327753655,266.7612054378748,269.20222376325523,275.9299658511508,290.9410764785523,312.276102059377,328.3633633359344,335.58202961436706,338.1429067279564,338.9910377516694,339.26715119405594,339.3617023790793,339.38832563598305,339.3960599135551,339.39797768432004,339.39871489008226,339.3989174719653,339.3989001049049,339.3989192205704,339.39874490546947,339.3988891891012,265.54521917814395,265.5454434789892,265.545358613042,265.5458432320248,265.5466565239259,265.54962193618104,265.55882567769834,265.5874416969365,265.6759506813152,265.9500498391694,266.7899274091678,269.2934149048567,276.1749465760977,291.54082743592977,314.25760793693576,333.5103696328768,343.518663472587,347.4205955979893,348.7640795433363,349.2061297973356,349.3581539864655,349.4009685150658,349.41299089637585,349.4164845782539,349.41750665118263,349.4177474385372,349.4179198516147,349.4177716263264,349.41770203912,349.4178457463351,6.775864087234858,-4.839611913188348
0,0.0,2.389154293035029e-07,7.555169247560048e-07,2.389154293035028e-06,7.555169247560049e-06,2.3891542930350284e-05,7.555169247560048e-05,0.0002389154293035,0.000755516924756,0.002389154293035,0.00755516924756,0.0238915429303502,0.0755516924756005,0.2389154293035029,0.7555169247560053,2.38915429303503,7.555169247560054,23.8915429303503,75.55169247560055,,,,,,,,,,,,,,1.0,0.999997533266518,0.999997788765338,0.999996856015762,0.9999911386662024,0.9999643489678348,0.9998736877695102,0.9995327526469476,0.9982876002029296,0.9937353968162213,0.9773506312133586,0.921511379358192,0.761721344810096,0.4655031302409145,0.1912534651757191,0.0596207346889939,0.0160259190741174,0.003467825718027,0.0,,,,,,,,,,,,,,1.1324052113403056,0.1718599063870499,-86.26,9.996,0.09967,1.1318947368421053,2308000.0,2.389154293035028e-07,6.692873532340982e-07,1.8749126521672333e-06,5.252299234805984e-06,1.4713563973263396e-05,4.121794191783344e-05,0.0001154661602742,0.0003234619087738,0.0009061322051339,0.0025383995793921,0.0071109628243544,0.0199203437866391,0.0558039897521074,0.1563268839939386,0.4379273734335715,1.2267908084821957,3.436678725918226,9.62736318491934,26.96967895059083,75.55169247560053,238.915429303503,755.5169247560053,2389.15429303503,7555.169247560054,23891.542930350304,75551.69247560055,238915.42930350307,755516.9247560056,2389154.2930350318,7555169.247560058,265.54532809068525,265.5453803680765,265.5454787630237,265.5456132406095,265.5468845666148,265.54998288433654,265.5606050346597,265.59445397902147,265.7026321585428,266.0484586977096,267.1392809421713,270.45854624961817,279.5053474118032,297.93639077471335,319.3396958971333,332.10617527914394,337.029839810813,338.6524344928613,339.16567463718684,339.3260732862568,339.3792164137949,339.3936260792583,339.3976663229451,339.39852349213214,339.39890803660506,339.39885720185964,339.398818857613,339.39892271023723,339.398852750519,339.3988250113947,265.54533042421554,265.5453355191618,265.54531390307653,265.5458579118361,265.5468033156353,265.55013850678586,265.561147826489,265.595824171368,265.7075602675752,266.06389279826163,267.18729441114067,270.59533008157103,279.8301546638588,298.7594546944675,322.2576229309068,338.46807984336215,345.6591285223363,348.2084594405188,349.037239255685,349.29878582161325,349.3853708929237,349.4090679373062,349.41565180930985,349.4171890011577,349.41758898686703,349.4177875280753,349.41781694443137,349.4177425110303,349.417589921718,349.4178328379421,6.870004547413073,-4.961196641309558
0,0.0,3.500717187622892e-07,1.1070239756987346e-06,3.5007171876228915e-06,1.1070239756987347e-05,3.500717187622891e-05,0.0001107023975698,0.0003500717187622,0.0011070239756987,0.0035007171876228,0.0110702397569873,0.0350071718762289,0.1107023975698734,0.3500717187622892,1.107023975698735,3.5007171876228926,11.070239756987352,35.00717187622893,,,,,,,,,,,,,,,1.0,0.9999975720800772,0.9999978503596708,0.9999975384278764,0.999988557487069,0.999962146514268,0.9998556659216729,0.99945178779373,0.99791035681243,0.992058086759381,0.970290280953606,0.8951893440578499,0.690864813435705,0.3686732085854557,0.1311242844999094,0.0360751698872889,0.0076916241546008,0.0,,,,,,,,,,,,,,,1.170597524302666,0.1701519622608081,-86.26,9.996,0.09967,1.1663157894736842,2308000.0,3.500717187622892e-07,9.230169118946718e-07,2.433673370290404e-06,6.416747078992326e-06,1.6918721952750535e-05,4.460876344208878e-05,0.0001176177362208,0.0003101169099132,0.0008176700292343,0.0021559104174456,0.0056843831397402,0.0149877339141237,0.0395174220946057,0.1041936464812491,0.2747222716367789,0.7243467244123595,1.909849441914237,5.03560624746284,13.277135738025116,35.00717187622893,110.70239756987353,350.0717187622894,1107.0239756987355,3500.7171876228945,11070.239756987356,35007.17187622895,110702.3975698736,350071.7187622896,1107023.975698736,3500717.187622896,265.5453874082871,265.5452690904248,265.54540268692733,265.5456074073703,265.54659180512084,265.5489891925964,265.556810374579,265.5806695517009,265.6549460805165,265.8845092032784,266.5874810080783,268.6937691414851,274.59493001808414,288.32075557989776,309.3978237432346,326.7484076583446,334.966033468423,337.9354511660037,338.92343518432466,339.24507645387257,339.3587871344008,339.3884009373978,339.39612368939265,339.39813953399937,339.3986032373604,339.3987732938191,339.3988267962154,339.3987840792242,339.3987186557312,339.398896821873,265.5452443092694,265.5454275220507,265.54548442330145,265.54569397257285,265.54647489558823,265.5490401968399,265.5567468840465,265.58111543043486,265.6564918946147,265.8902049789973,266.60921852998547,268.7677830390739,274.8068341887968,288.8513529546044,311.09876860743043,331.45661745436126,342.6325514301747,347.1053041283019,348.65985711428027,349.1725046758123,349.3541206948602,349.4010669765044,349.4134381250608,349.4165917569577,349.417423586469,349.41781170151904,349.4177406361224,349.41761375293635,349.41767559534327,349.41796004769657,6.744768510357148,-4.797091970068103
0,0.0,5.018310624650659e-07,1.5869291580118404e-06,5.018310624650659e-06,1.5869291580118404e-05,5.0183106246506585e-05,0.00015869291580118404,0.0005018310624650659,0.0015869291580118405,0.00501831062465066,0.01586929158011841,0.050183106246506605,0.1586929158011841,0.5018310624650661,1.5869291580118412,5.0183106246506615,15.869291580118412,50.18310624650662,,,,,,,,,,,,,,,1.0,0.9999987396589644,0.999998336689371,0.9999975412994987,0.9999901080326742,0.999958109680189,0.9998379628566619,0.999359672205096,0.9974575882190235,0.9899608012663038,0.9612181630462358,0.8617141024319042,0.6106297304316675,0.28267182542772784,0.08921464191660426,0.022886125589111815,0.004677995317286646,0.0,,,,,,,,,,,,,,,1.2020163476199117,0.17152831971838073,-86.26,9.996,0.09967,1.2007368421052633,2308000.0,5.01831062465066e-07,1.3231533218593254e-06,3.4886933952384525e-06,9.19846657595014e-06,2.4253145164420072e-05,6.394707699480596e-05,0.0001686061180295347,0.00044455547263400953,0.0011721375864559604,0.003090517620764741,0.008148616062331361,0.02148505586415464,0.056648591853495224,0.14936256062232728,0.3938169297015272,1.038357761632763,2.737786925412665,7.2185883574215195,19.032897480159967,50.183106246506625,158.69291580118417,501.83106246506634,1586.929158011842,5018.310624650664,15869.29158011842,50183.10624650664,158692.91580118422,501831.0624650665,1586929.1580118423,5018310.624650666,265.54528524284194,265.54532143085737,265.54540335142104,265.5457219418295,265.54677863835354,265.5493387724711,265.5582567218932,265.5866850180996,265.6777969064516,265.968054694578,266.88473030485244,269.6931511388332,277.5315715143219,294.5091428549172,316.3600864686511,330.7310499455906,336.550298224749,338.49700143733764,339.11628954587525,339.31036077535305,339.3769072902536,339.3932073147742,339.3975173142262,339.3986203511838,339.3989068921994,339.3987365031436,339.3988544701202,339.39893507076107,339.3988377461754,339.398905626852,265.54542127659363,265.5454988948783,265.5454192536534,265.5458073639031,265.54665310775397,265.54936707634886,265.5586533920495,265.58772520788546,265.68144290283874,265.9798261465594,266.92323650786125,269.80738768041243,277.8169917315644,295.2058488012337,318.8171954491676,336.5997376604861,344.9357115597554,347.96489801957983,348.9591340838645,349.27410819627517,349.3817301438863,349.4088574460305,349.41537401222064,349.41720803229884,349.417595519608,349.4177506453418,349.4180340169915,349.41775224822123,349.41768453922595,349.4176357476591,6.832718956873473,-4.9102644385060294
0,0.0,7.050842228224864e-07,2.2296720863687327e-06,7.050842228224864e-06,2.2296720863687327e-05,7.050842228224863e-05,0.00022296720863687323,0.0007050842228224864,0.0022296720863687327,0.007050842228224865,0.02229672086368733,0.07050842228224866,0.2229672086368733,0.7050842228224866,2.2296720863687334,7.050842228224867,22.296720863687334,70.50842228224867,,,,,,,,,,,,,,,1.0,0.9999993675969492,0.9999986659431267,0.9999975429481145,0.99998701752704,0.9999539582239979,0.9998188764103139,0.999248359690293,0.9969055001618949,0.9873134198672924,0.9494951418556408,0.8196469766348117,0.523800978850213,0.20992763316076948,0.05972822543153385,0.014432354967238933,0.00283803980773475,0.0,,,,,,,,,,,,,,,1.234626941355513,0.17232751061783103,-86.26,9.996,0.09967,1.235157894736842,2308000.0,7.050842228224858e-07,1.8590609497855013e-06,4.9016947240464605e-06,1.2924057799458967e-05,3.4076228612186545e-05,8.984711879566271e-05,0.0002368954865209176,0.0006246106974405428,0.0016468803567632028,0.004342248572761072,0.011448993601881095,0.03018699926995794,0.07959257875510718,0.20985784430691995,0.5533218737974567,1.4589166158352314,3.8466538063146114,10.142283215523962,26.74166015538911,70.50842228224869,222.9672086368734,705.0842228224869,2229.672086368734,7050.842228224869,22296.720863687344,70508.4222822487,222967.20863687346,705084.2228224871,2229672.086368735,7050842.228224873,265.5453131077536,265.5453046363391,265.5454200792263,265.5459358507045,265.5466321214006,265.54963902907554,265.55980887263263,265.5935053015753,265.70492559704155,266.0719853421293,267.26526275421077,270.98832323175833,281.2124545621482,301.2556892627455,322.3314164068832,333.5569465671122,337.5772643939823,338.8440391216535,339.23111613611746,339.34829753999134,339.386584993024,339.3960126520802,339.39819103609943,339.39871341743304,339.3989880659657,339.39878306721874,339.398867338091,339.3988759001599,339.398671437276,339.39883607587234,265.5452465970257,265.5451823042916,265.54547284278226,265.5457409513315,265.5467216217577,265.5498195928379,265.56048126938106,265.5952391913955,265.71052585423195,266.08988183213245,267.32057705956635,271.1439225084399,281.5698808449878,302.22423767047104,325.7987441622003,340.4879644324228,346.4958449520836,348.5121348266937,349.14211671951927,349.334261967782,349.39771382725945,349.41284916923536,349.41653982810146,349.41758779631397,349.4178038433629,349.41780046571154,349.41767843302586,349.41778630322375,349.4178608266524,349.4177504228867,6.917840703267327,-5.020785473980203
0,0.0,9.725600208895765e-07,3.0755048272319996e-06,9.725600208895764e-06,3.075504827232e-05,9.725600208895763e-05,0.0003075504827232,0.0009725600208895764,0.003075504827232,0.009725600208895766,0.030755048272320007,0.09725600208895767,0.30755048272320007,0.9725600208895767,3.075504827232001,9.725600208895768,30.755048272320014,,,,,,,,,,,,,,,,0.9999993946330858,1.0,0.9999983454191227,0.9999962476891253,0.9999876319148856,0.9999515799197318,0.9997931995115659,0.9991197987130825,0.9962247812192316,0.9839443595410181,0.9343395651521484,0.7677879142760955,0.43446166262832925,0.15040380980593515,0.037886583822584446,0.007359162807662883,0.0,,,,,,,,,,,,,,,,1.2728529543064884,0.17074001702953234,-86.26,9.996,0.09967,1.2695789473684211,2308000.0,9.725600208895773e-07,2.4135330770343606e-06,5.989493490191838e-06,1.4863700278402938e-05,3.6886188511262554e-05,9.153783226276053e-05,0.00022716293207705225,0.0005637341024388303,0.0013989788534016596,0.003471746385038659,0.008615586241866133,0.02138068800501001,0.05305893374338319,0.1316725845924627,0.3267624942693338,0.8109032566770823,2.0123609753924203,4.993933199721952,12.393089067145064,30.75504827232001,97.25600208895769,307.55048272320016,972.560020889577,3075.504827232002,9725.60020889577,30755.04827232002,97256.00208895771,307550.4827232002,972560.0208895772,3075504.8272320027,265.54519809685746,265.54543741168567,265.54519032802904,265.54545679747866,265.54646262075255,265.5485030134096,265.55561701642466,265.5781535857896,265.64952727726444,265.8747426731591,266.5814871117368,268.74695399142036,274.9269442436384,289.37513754535274,311.0218209336887,327.9142403305137,335.50164002258947,338.14551405626656,339.00117524773367,339.27347495953506,339.3698470617614,339.3923221635936,339.39736942785356,339.39851837269407,339.3988173625958,339.3990408981823,339.3988899744944,339.3988770501343,339.398981580887,339.3986955682472,265.5454612947924,265.5455512369907,265.54549515390863,265.5456515743298,265.546473088884,265.54858827592363,265.55591380618245,265.57866815926076,265.651480088022,265.88182826017226,266.6062073055262,268.8276522964223,275.1514055681897,289.9250764653051,312.8527105147973,332.91609222822785,343.39413149809087,347.421919789774,348.77942691304145,349.21605925510625,349.3712550911158,349.4068785191006,349.41524784951145,349.41722765344747,349.4176541333371,349.4178314811289,349.41784000194576,349.41770960127286,349.41775062339616,349.41773058640564,6.769690606491456,-4.825962719661322
0,0.0,1.3189184433707026e-06,4.170786329055226e-06,1.3189184433707026e-05,4.1707863290552263e-05,0.00013189184433707026,0.0004170786329055227,0.0013189184433707027,0.004170786329055227,0.013189184433707028,0.041707863290552274,0.1318918443370703,0.4170786329055228,1.318918443370703,4.170786329055228,13.189184433707032,41.70786329055229,,,,,,,,,,,,,,,,1.0,0.9999989729638573,0.9999979151272244,0.9999968558895527,0.9999896844984442,0.9999482021868238,0.9997723913921929,0.9989700418351142,0.9954072033488076,0.9797441256263064,0.9152333076772443,0.7069647714089728,0.3502537121887491,0.10670250861195285,0.024963073912480763,0.004644761340515902,0.0,,,,,,,,,,,,,,,,1.304646410233448,0.1718260548930046,-86.26,9.996,0.09967,1.304,2308000.0,1.3189184433707017e-06,3.273066155931655e-06,8.122535638918353e-06,2.0157119368312666e-05,5.002249042547914e-05,0.00012413725903219713,0.0003080626124159871,0.0007644970890161849,0.0018971980875271243,0.004708141646358024,0.011683860482414666,0.02899500610355044,0.07195484576440102,0.17856522638720065,0.4431326304153823,1.0996907522915758,2.72902437706296,6.772425825246187,16.806647805698017,41.70786329055228,131.89184433707032,417.0786329055229,1318.9184433707035,4170.7863290552295,13189.184433707036,41707.8632905523,131891.84433707036,417078.632905523,1318918.4433707038,4170786.3290552306,265.54524001804054,265.54538796702184,265.5453241103829,265.54576590246654,265.54646425359687,265.54884344106756,265.5567452958646,265.5829879784424,265.6689239381052,265.9484067198209,266.8501328712982,269.6709805267255,277.69053498419794,295.1847729865847,317.31774569050015,331.3388006728602,336.81555185738694,338.5992077275631,339.1536633448338,339.324037118703,339.3822190091753,339.3951564861361,339.39812869598336,339.39871758323466,339.39871734740666,339.39887896411807,339.39893111661695,339.39890498911757,339.3989611417776,339.3989726461545,265.54534529127136,265.54535697657695,265.54542633099186,265.5455873532706,265.54638735182994,265.54888109267614,265.55714461469813,265.5841607285937,265.67278804882227,265.96066262889485,266.889315329179,269.788073854907,277.98164126758707,295.89776333865393,319.90002205247936,337.41031385672153,345.33068365945263,348.1237369350868,349.01803559583095,349.2955220648627,349.39034305173595,349.4117913907342,349.4163657697031,349.41742235161763,349.41776819693575,349.41772845663905,349.4177667985205,349.417705988077,349.4178656372779,349.4176589786139,6.849817865506691,-4.929405320235272
