,drug_conc_Hill,drug_conc_Hill,drug_conc_Hill,drug_conc_Hill,drug_conc_Hill,drug_conc_Hill,drug_conc_Hill,drug_conc_Hill,drug_conc_Hill,drug_conc_Hill,drug_conc_Hill,drug_conc_Hill,drug_conc_Hill,drug_conc_Hill,drug_conc_Hill,drug_conc_Hill,drug_conc_Hill,drug_conc_Hill,drug_conc_Hill,drug_conc_Hill,drug_conc_Hill,drug_conc_Hill,drug_conc_Hill,drug_conc_Hill,drug_conc_Hill,drug_conc_Hill,drug_conc_Hill,drug_conc_Hill,drug_conc_Hill,drug_conc_Hill,drug_conc_Hill,peak_current,peak_current,peak_current,peak_current,peak_current,peak_current,peak_current,peak_current,peak_current,peak_current,peak_current,peak_current,peak_current,peak_current,peak_current,peak_current,peak_current,peak_current,peak_current,peak_current,peak_current,peak_current,peak_current,peak_current,peak_current,peak_current,peak_current,peak_current,peak_current,peak_current,peak_current,Hill_curve,Hill_curve,param_values,param_values,param_values,param_values,param_values,drug_conc_AP,drug_conc_AP,drug_conc_AP,drug_conc_AP,drug_conc_AP,drug_conc_AP,drug_conc_AP,drug_conc_AP,drug_conc_AP,drug_conc_AP,drug_conc_AP,drug_conc_AP,drug_conc_AP,drug_conc_AP,drug_conc_AP,drug_conc_AP,drug_conc_AP,drug_conc_AP,drug_conc_AP,drug_conc_AP,drug_conc_AP,drug_conc_AP,drug_conc_AP,drug_conc_AP,drug_conc_AP,drug_conc_AP,drug_conc_AP,drug_conc_AP,drug_conc_AP,drug_conc_AP,APD_trapping,APD_trapping,APD_trapping,APD_trapping,APD_trapping,APD_trapping,APD_trapping,APD_trapping,APD_trapping,APD_trapping,APD_trapping,APD_trapping,APD_trapping,APD_trapping,APD_trapping,APD_trapping,APD_trapping,APD_trapping,APD_trapping,APD_trapping,APD_trapping,APD_trapping,APD_trapping,APD_trapping,APD_trapping,APD_trapping,APD_trapping,APD_trapping,APD_trapping,APD_trapping,APD_conductance,APD_conductance,APD_conductance,APD_conductance,APD_conductance,APD_conductance,APD_conductance,APD_conductance,APD_conductance,APD_conductance,APD_conductance,APD_conductance,APD_conductance,APD_conductance,APD_conductance,APD_conductance,APD_conductance,APD_conductance,APD_conductance,APD_conductance,APD_conductance,APD_conductance,APD_conductance,APD_conductance,APD_conductance,APD_conductance,APD_conductance,APD_conductance,APD_conductance,APD_conductance,RMSE,ME,drug_conc_Hill,drug_conc_Hill,drug_conc_Hill,drug_conc_Hill,drug_conc_Hill,peak_current,peak_current,peak_current,peak_current,peak_current,drug_conc_Hill,drug_conc_Hill,drug_conc_Hill,drug_conc_Hill,drug_conc_Hill,peak_current,peak_current,peak_current,peak_current,peak_current
,conc_0,conc_1,conc_2,conc_3,conc_4,conc_5,conc_6,conc_7,conc_8,conc_9,conc_10,conc_11,conc_12,conc_13,conc_14,conc_15,conc_16,conc_17,conc_18,conc_19,conc_20,conc_21,conc_22,conc_23,conc_24,conc_25,conc_26,conc_27,conc_28,conc_29,conc_30,conc_0,conc_1,conc_2,conc_3,conc_4,conc_5,conc_6,conc_7,conc_8,conc_9,conc_10,conc_11,conc_12,conc_13,conc_14,conc_15,conc_16,conc_17,conc_18,conc_19,conc_20,conc_21,conc_22,conc_23,conc_24,conc_25,conc_26,conc_27,conc_28,conc_29,conc_30,Hill_coef,IC50,Vhalf,Kmax,Ku,N,EC50,conc_0,conc_1,conc_2,conc_3,conc_4,conc_5,conc_6,conc_7,conc_8,conc_9,conc_10,conc_11,conc_12,conc_13,conc_14,conc_15,conc_16,conc_17,conc_18,conc_19,conc_20,conc_21,conc_22,conc_23,conc_24,conc_25,conc_26,conc_27,conc_28,conc_29,conc_0,conc_1,conc_2,conc_3,conc_4,conc_5,conc_6,conc_7,conc_8,conc_9,conc_10,conc_11,conc_12,conc_13,conc_14,conc_15,conc_16,conc_17,conc_18,conc_19,conc_20,conc_21,conc_22,conc_23,conc_24,conc_25,conc_26,conc_27,conc_28,conc_29,conc_0,conc_1,conc_2,conc_3,conc_4,conc_5,conc_6,conc_7,conc_8,conc_9,conc_10,conc_11,conc_12,conc_13,conc_14,conc_15,conc_16,conc_17,conc_18,conc_19,conc_20,conc_21,conc_22,conc_23,conc_24,conc_25,conc_26,conc_27,conc_28,conc_29,RMSE,ME,conc_31,conc_32,conc_33,conc_34,conc_35,conc_31,conc_32,conc_33,conc_34,conc_35,conc_36,conc_37,conc_38,conc_39,conc_40,conc_36,conc_37,conc_38,conc_39,conc_40
0,0.0,3.0970022062031626e-13,9.793580890168446e-13,3.0970022062031626e-12,9.793580890168443e-12,3.0970022062031616e-11,9.793580890168443e-11,3.0970022062031616e-10,9.793580890168443e-10,3.097002206203163e-09,9.793580890168448e-09,3.097002206203164e-08,9.79358089016845e-08,3.097002206203164e-07,9.793580890168452e-07,3.097002206203165e-06,9.793580890168452e-06,3.0970022062031655e-05,9.793580890168456e-05,0.0003097002206203,0.0009793580890168,0.0030970022062031,0.0097935808901684,0.0309700220620316,0.0979358089016846,0.3097002206203167,0.979358089016846,3.097002206203168,9.793580890168462,30.97002206203168,97.93580890168464,1.0,0.9999993995482908,0.999999888900855,0.9999978065098284,0.9999975150366596,0.999993163083076,0.9999903039302716,0.9999790157844723,0.99996130931119,0.9999270857845732,0.999857236330952,0.9997289718434864,0.9994718884217874,0.998975779940254,0.9980122080725112,0.9961429823353488,0.9925289360534902,0.9855770974628956,0.9723326416071928,0.9475715358538996,0.9028487543523144,0.8269018906131607,0.7104562109554627,0.5571193470043319,0.3910289728388852,0.2451652053852262,0.1388872478853509,0.0715685669077411,0.0326493859076446,0.0113316220264553,0.0,0.5913983045236522,0.1598617114600788,-86.26,9.996,0.09967,0.578,2308000.0,3.097002206203161e-13,1.7951444861655922e-12,1.0405364645062611e-11,6.031359271140671e-11,3.4960134409932036e-10,2.0264271170325603e-09,1.1745969888142876e-08,6.80842688362732e-08,3.946432442032109e-07,2.287507714443721e-06,1.325929588432304e-05,7.685610249003231e-05,0.0004454882477539,0.0025822253855851,0.0149675956112826,0.0867580806979504,0.5028840143648853,2.914913860118584,16.89598907342941,97.93580890168464,309.7002206203168,979.3580890168464,3097.0022062031685,9793.580890168463,30970.02206203169,97935.80890168466,309700.2206203169,979358.0890168468,3097002.2062031697,9793580.89016847,151.0,151.0,151.0,151.0,151.0,151.0,151.0,151.0,151.10000000000002,151.2,151.60000000000002,152.60000000000002,155.2,162.0,177.5,204.8,237.0,261.0,273.4,278.5,280.0,280.8,281.20000000000005,281.5,281.6,281.6,281.6,281.70000000000005,281.70000000000005,281.70000000000005,151.0,151.0,151.0,151.0,151.0,151.0,151.0,151.0,151.10000000000002,151.2,151.60000000000002,152.60000000000002,155.4,162.8,180.5,214.6,262.0,305.70000000000005,332.8,345.40000000000003,349.2,351.2,352.2,352.7,353.0,353.1,353.2,353.2,353.2,353.3,45.19433961607728,-30.69,,,,,,,,,,,,,,,,,,,,
0,0.0,4.71629467693957e-16,1.4914233295657041e-15,4.716294676939569e-15,1.4914233295657044e-14,4.71629467693957e-14,1.4914233295657045e-13,4.71629467693957e-13,1.4914233295657048e-12,4.716294676939571e-12,1.4914233295657048e-11,4.71629467693957e-11,1.491423329565705e-10,4.71629467693957e-10,1.4914233295657047e-09,4.7162946769395705e-09,1.4914233295657047e-08,4.7162946769395713e-08,1.491423329565705e-07,4.716294676939571e-07,1.491423329565705e-06,4.716294676939572e-06,1.4914233295657052e-05,4.716294676939573e-05,0.0001491423329565,0.0004716294676939,0.0014914233295657,0.0047162946769395,0.014914233295657,0.0471629467693957,0.1491423329565706,0.9999987742667522,0.9999994195403056,0.999999108670432,0.9999974184595124,0.9999981072615254,0.9999986297792974,0.9999972237642668,1.0,0.9999976708052968,0.9999972828128768,0.9999957854562984,0.9999955836197312,0.999991343662418,0.9999892266699616,0.999976787270117,0.9999537177699772,0.999910026439852,0.9998165995619512,0.999628543529863,0.9992461541663336,0.998472598785495,0.9969061479870484,0.9937351553021712,0.9873571726954504,0.9746419060753396,0.9497849888714658,0.9029638278933868,0.8206448933965644,0.6919938918916362,0.5237014061518722,0.3481122257288124,0.6350729360786976,0.1560070452225436,-86.26,9.996,0.09967,0.6162105263157894,2308000.0,4.71629467693957e-16,3.701159270843855e-15,2.904521639653451e-14,2.279352315819623e-13,1.7887444557831444e-12,1.4037350460867227e-11,1.1015950731483208e-10,8.64487716943193e-10,6.784153551175408e-09,5.3239321396801806e-08,4.1780088280886153e-07,3.2787340840589696e-06,2.5730192625964352e-05,0.0002019202520228,0.0015845893099084,0.0124352225986299,0.0975866491781463,0.765820959157407,6.009856332028926,47.16294676939575,149.14233295657064,471.6294676939576,1491.4233295657066,4716.294676939577,14914.233295657068,47162.94676939577,149142.3329565707,471629.4676939578,1491423.3295657071,4716294.676939579,151.0,151.0,151.0,151.0,151.0,151.0,151.0,151.0,151.0,151.0,151.10000000000002,151.2,151.60000000000002,153.0,157.7,172.10000000000002,204.1,243.6,268.1,277.6,279.6,280.70000000000005,281.20000000000005,281.4,281.6,281.6,281.6,281.70000000000005,281.70000000000005,281.70000000000005,151.0,151.0,151.0,151.0,151.0,151.0,151.0,151.0,151.0,151.0,151.10000000000002,151.2,151.60000000000002,153.0,158.10000000000002,174.4,214.3,274.1,321.8,343.40000000000003,348.40000000000003,350.90000000000003,352.1,352.7,353.0,353.1,353.2,353.2,353.2,353.3,44.23907774807245,-29.106666666666666,0.4716294676939574,1.491423329565706,4.716294676939575,14.914233295657064,47.16294676939576,0.2032452328277884,0.1051927596642919,0.0474296311390453,0.0161573725156196,0.0,,,,,,,,,,
0,0.0,1.8903478054675455e-13,5.977804635178341e-13,1.8903478054675458e-12,5.977804635178342e-12,1.8903478054675454e-11,5.977804635178342e-11,1.8903478054675456e-10,5.977804635178342e-10,1.890347805467546e-09,5.9778046351783425e-09,1.890347805467546e-08,5.977804635178344e-08,1.8903478054675465e-07,5.977804635178343e-07,1.8903478054675463e-06,5.977804635178344e-06,1.8903478054675468e-05,5.977804635178345e-05,0.0001890347805467,0.0005977804635178,0.0018903478054675,0.0059778046351783,0.0189034780546754,0.0597780463517834,0.1890347805467548,0.5977804635178349,1.890347805467548,5.97780463517835,18.903478054675485,59.7780463517835,0.999999900434395,0.9999992038984588,0.9999986569864356,0.9999987693128196,1.0,0.9999968854427564,0.999998751261138,0.999997416282121,0.9999930671098696,0.9999893882709412,0.999974324744348,0.9999456653056578,0.999888689701344,0.9997612777646562,0.9994980842487208,0.9989359397459268,0.9977455193530198,0.9952274579232996,0.989920053733151,0.9788489419185952,0.9561343488163186,0.9112291158578014,0.8285484831976381,0.6944617846362553,0.516017813058087,0.3319253008244254,0.1857146307405099,0.0919344226809454,0.0397936541456837,0.0130946411253858,0.0,0.6692271336844702,0.1601686639536263,-86.26,9.996,0.09967,0.6544210526315789,2308000.0,1.8903478054675424e-13,1.0957200589406616e-12,6.3512251242462775e-12,3.681420290676785e-11,2.133896231274758e-10,1.2368903212111984e-09,7.169503578868991e-09,4.155726719332807e-08,2.4088229227861044e-07,1.3962486624412495e-06,8.093207304396299e-06,4.6911417882693806e-05,0.0002719170589599,0.0015761383963777,0.0091359190704618,0.0529553860586394,0.3069502795494647,1.7792047443703445,10.31297162210212,59.77804635178349,189.03478054675483,597.780463517835,1890.3478054675488,5977.804635178351,18903.47805467549,59778.04635178352,189034.7805467549,597780.4635178352,1890347.8054675488,5977804.635178354,151.0,151.0,151.0,151.0,151.0,151.0,151.0,151.0,151.0,151.10000000000002,151.2,151.60000000000002,152.7,156.3,166.4,189.7,225.5,256.5,272.5,278.6,280.20000000000005,281.0,281.4,281.5,281.6,281.6,281.70000000000005,281.70000000000005,281.70000000000005,281.70000000000005,151.0,151.0,151.0,151.0,151.0,151.0,151.0,151.0,151.0,151.10000000000002,151.2,151.60000000000002,152.8,156.60000000000002,167.7,195.2,243.7,296.5,330.7,345.6,349.6,351.6,352.5,352.90000000000003,353.1,353.2,353.2,353.2,353.3,353.3,44.91096376906942,-30.079999999999995,,,,,,,,,,,,,,,,,,,,
0,0.0,2.0556890622948293e-18,6.500659597947423e-18,2.0556890622948297e-17,6.500659597947425e-17,2.05568906229483e-16,6.500659597947426e-16,2.0556890622948305e-15,6.500659597947427e-15,2.0556890622948312e-14,6.500659597947428e-14,2.055689062294832e-13,6.500659597947429e-13,2.055689062294832e-12,6.500659597947431e-12,2.055689062294832e-11,6.500659597947432e-11,2.055689062294832e-10,6.50065959794743e-10,2.055689062294832e-09,6.500659597947431e-09,2.055689062294832e-08,6.500659597947435e-08,2.055689062294833e-07,6.500659597947434e-07,2.055689062294833e-06,6.500659597947435e-06,2.0556890622948334e-05,6.500659597947436e-05,0.0002055689062294,0.0006500659597947,0.9999978031123978,1.0,0.9999951196381894,0.9999980884172414,0.9999973928566038,0.9999966121112752,0.9999990485699912,0.9999975388693194,0.9999959046679892,0.999997037108012,0.9999961390241836,0.9999999630734192,0.9999963922831836,0.999996691718489,0.9999981151607524,0.9999962927480114,0.99999533230015,0.9999961633794744,0.9999953246231398,0.9999915371577396,0.9999853472061992,0.9999691822064914,0.9999347890134394,0.9998581980746464,0.9996901779215766,0.999317162870322,0.9984887114528326,0.9966617166909364,0.9926284579332664,0.9837957679382864,0.9647525806617788,0.7051641743660947,0.1625411047409653,-86.26,9.996,0.09967,0.6926315789473684,2308000.0,2.055689062294824e-18,2.1841034990089922e-17,2.320539707040163e-16,2.465498789042461e-15,2.619513150465822e-14,2.7831484549738443e-13,2.9570057020121666e-12,3.1417234341581836e-11,3.337980082359016e-10,3.546496457671502e-09,3.768038398655634e-08,4.0034195841451146e-07,4.253504521725392e-06,4.519211722895563e-05,0.0004801517076575,0.0051014574333501,0.0542013441360983,0.5758718453582194,6.118453104106972,65.0065959794744,205.56890622948347,650.065959794744,2055.689062294835,6500.6595979474405,20556.89062294835,65006.59597947441,205568.90622948355,650065.9597947443,2055689.062294836,6500659.597947443,151.0,151.0,151.0,151.0,151.0,151.0,151.0,151.0,151.0,151.0,151.0,151.0,151.10000000000002,151.4,152.9,160.10000000000002,187.1,237.5,269.9,279.20000000000005,280.5,281.20000000000005,281.4,281.6,281.6,281.70000000000005,281.70000000000005,281.70000000000005,281.70000000000005,281.70000000000005,151.0,151.0,151.0,151.0,151.0,151.0,151.0,151.0,151.0,151.0,151.0,151.0,151.10000000000002,151.4,152.9,160.7,191.9,262.0,324.2,346.90000000000003,350.40000000000003,352.0,352.7,353.0,353.1,353.2,353.2,353.3,353.3,353.3,44.32913263306648,-28.81999999999999,0.0020556890622948,0.0065006595979474,0.0205568906229483,0.0650065959794743,0.2055689062294834,0.9250239305050768,0.8475648873373898,0.7146346046863771,0.5295454941429124,0.3347057962997128,0.6500659597947439,2.0556890622948347,6.50065959794744,20.556890622948348,65.0065959794744,0.1815554470107452,0.0865923638135793,0.0361316498577444,0.0115111446468104,0.0
0,0.0,6.212729173986559e-11,1.9646374675574043e-10,6.212729173986559e-10,1.9646374675574044e-09,6.212729173986559e-09,1.9646374675574043e-08,6.212729173986559e-08,1.964637467557405e-07,6.212729173986561e-07,1.964637467557405e-06,6.212729173986562e-06,1.9646374675574056e-05,6.212729173986563e-05,0.0001964637467557,0.0006212729173986,0.0019646374675574,0.0062127291739865,0.019646374675574,0.0621272917398656,0.1964637467557407,0.6212729173986568,1.9646374675574072,6.212729173986569,19.64637467557408,62.1272917398657,,,,,,0.9999995511111962,0.9999999951473788,1.0,0.9999975310058368,0.9999970754271986,0.9999916740548548,0.9999847352896146,0.9999663987670282,0.9999240087404936,0.9998280545107364,0.999598911767843,0.9990735071751832,0.9978617583606728,0.9950585700444284,0.9886206434973812,0.9740160441250468,0.9417597323474516,0.8746146354062844,0.750486544497044,0.5642799052228121,0.3569067785792647,0.1902600590115132,0.0881136202557583,0.035577041643139,0.0109929715157312,0.0,,,,,,0.7423957439330119,0.1637467910226344,-86.26,9.996,0.09967,0.7308421052631578,2308000.0,6.212729173986558e-11,2.659875869705784e-10,1.1387812737543302e-09,4.875501162379356e-09,2.0873641086488768e-08,8.93669958628247e-08,3.8260981476373273e-07,1.6380797960159956e-06,7.013164102370941e-06,3.0025686689016536e-05,0.0001285499452154,0.0005503650453046,0.0023562956995854,0.0100880851195985,0.0431904456635761,0.184912654334598,0.7916725379359152,3.389413285841444,14.511204913322938,62.1272917398657,196.4637467557408,621.2729173986571,1964.6374675574084,6212.729173986572,19646.374675574087,62127.29173986573,196463.7467557409,621272.9173986574,1964637.4675574093,6212729.173986575,151.0,151.0,151.0,151.0,151.0,151.0,151.0,151.0,151.10000000000002,151.2,151.60000000000002,152.60000000000002,155.4,162.9,180.4,210.5,243.4,265.3,275.5,279.5,280.70000000000005,281.3,281.5,281.6,281.6,281.70000000000005,281.70000000000005,281.70000000000005,281.70000000000005,281.70000000000005,151.0,151.0,151.0,151.0,151.0,151.0,151.0,151.0,151.10000000000002,151.2,151.60000000000002,152.60000000000002,155.60000000000002,163.8,183.8,221.7,271.70000000000005,313.90000000000003,337.5,347.6,350.8,352.2,352.8,353.1,353.2,353.2,353.2,353.3,353.3,353.3,45.69821659539899,-31.19666666666665,,,,,,,,,,,,,,,,,,,,
0,0.0,1.682198888006871e-11,5.3195799635042175e-11,1.6821988880068708e-10,5.319579963504216e-10,1.682198888006871e-09,5.319579963504218e-09,1.682198888006871e-08,5.3195799635042194e-08,1.6821988880068717e-07,5.319579963504218e-07,1.6821988880068713e-06,5.3195799635042185e-06,1.6821988880068713e-05,5.319579963504219e-05,0.0001682198888006,0.0005319579963504,0.0016821988880068,0.0053195799635042,0.0168219888800687,0.0531957996350422,0.1682198888006872,0.5319579963504222,1.6821988880068723,5.319579963504222,16.821988880068727,53.19579963504224,,,,,0.99999954852578,1.0,0.9999994419906096,0.99999779256495,0.9999973400901706,0.9999975754677028,0.9999963829528548,0.9999938439429904,0.9999849771520432,0.9999619983438128,0.9999113838708192,0.9997856327012642,0.9994811694946868,0.9987436695168954,0.9969649423224576,0.9926813404271392,0.9824572191022588,0.9585451522048168,0.9051720462116892,0.7975632773233945,0.6189759430723686,0.400228965929732,0.2133293566828555,0.0968788993713849,0.0380186489765717,0.0114138509869659,0.0,,,,,0.7807258026104096,0.1640825665490473,-86.26,9.996,0.09967,0.7690526315789473,2308000.0,1.6821988880068732e-11,7.651949204239925e-11,3.4807017791839745e-10,1.583293949324891e-09,7.202052600313566e-09,3.276053804146756e-08,1.4902041297500597e-07,6.778607681941027e-07,3.083438113500374e-06,1.4025875291641432e-05,6.380059221404372e-05,0.000290214726869,0.0013201223494775,0.0060049434306502,0.0273151542503469,0.1242505712729846,0.5651882585091745,2.570915886212009,11.694525486802837,53.19579963504224,168.21988880068733,531.9579963504225,1682.1988880068734,5319.579963504226,16821.988880068737,53195.79963504226,168219.8888006874,531957.9963504227,1682198.888006874,5319579.963504228,151.0,151.0,151.0,151.0,151.0,151.0,151.0,151.0,151.0,151.10000000000002,151.2,151.7,153.3,158.0,171.0,198.9,235.8,262.8,275.1,279.6,280.8,281.3,281.5,281.6,281.70000000000005,281.70000000000005,281.70000000000005,281.70000000000005,281.70000000000005,281.70000000000005,151.0,151.0,151.0,151.0,151.0,151.0,151.0,151.0,151.0,151.10000000000002,151.2,151.7,153.4,158.4,172.9,206.4,258.9,308.40000000000003,336.5,347.7,351.0,352.3,352.90000000000003,353.1,353.2,353.2,353.3,353.3,353.3,353.3,45.45714465295856,-30.71999999999998,,,,,,,,,,,,,,,,,,,,
0,0.0,4.1449554456698447e-10,1.310750000823502e-09,4.144955445669845e-09,1.310750000823502e-08,4.1449554456698454e-08,1.310750000823502e-07,4.144955445669846e-07,1.3107500008235025e-06,4.144955445669847e-06,1.3107500008235023e-05,4.144955445669847e-05,0.0001310750000823,0.0004144955445669,0.0013107500008235,0.0041449554456698,0.013107500008235,0.0414495544566984,0.1310750000823503,0.4144955445669849,1.3107500008235031,4.14495544566985,13.107500008235036,41.44955445669851,,,,,,,,1.0,0.999999142287594,0.999999174993423,0.9999976168276437,0.9999975240813362,0.9999920673553504,0.9999838345304608,0.999957573086194,0.9998918023412032,0.999733383194853,0.999323196326306,0.9982931646633388,0.995690595671391,0.9891660438814768,0.9730247165020324,0.9344310972813696,0.8491571412750598,0.6896672132212517,0.466586079422278,0.2543471893301056,0.1148438821535873,0.0440779065891775,0.012887321510845,0.0,,,,,,,,0.820224912553468,0.1636290601960139,-86.26,9.996,0.09967,0.8072631578947369,2308000.0,4.144955445669851e-10,1.5720531859814283e-09,5.9623106977811505e-09,2.2613197297572457e-08,8.576485157159619e-08,3.252795112652005e-07,1.2336844116217049e-06,4.678982766416923e-06,1.7745932040794726e-05,6.730482237652337e-05,0.0002552663396164,0.0009681461422873,0.0036718783770483,0.0139262971021931,0.0528181304127107,0.2003228051091047,0.7597623379172708,2.8815431663066366,10.92880050102274,41.44955445669852,131.0750000823504,414.4955445669853,1310.7500008235045,4144.955445669853,13107.500008235049,41449.55445669854,131075.00008235048,414495.5445669855,1310750.000823505,4144955.445669855,151.0,151.0,151.0,151.0,151.0,151.0,151.0,151.0,151.10000000000002,151.2,151.5,152.4,155.0,162.0,178.6,208.4,242.1,264.8,275.4,279.5,280.8,281.3,281.5,281.6,281.70000000000005,281.70000000000005,281.70000000000005,281.70000000000005,281.70000000000005,281.70000000000005,151.0,151.0,151.0,151.0,151.0,151.0,151.0,151.0,151.10000000000002,151.2,151.5,152.4,155.2,162.8,181.7,218.9,269.3,312.7,337.2,347.5,351.0,352.40000000000003,352.90000000000003,353.1,353.2,353.2,353.3,353.3,353.3,353.3,45.65166298540868,-31.10333333333332,,,,,,,,,,,,,,,,,,,,
0,0.0,2.976887568384984e-09,9.413745054336802e-09,2.9768875683849843e-08,9.413745054336804e-08,2.976887568384984e-07,9.413745054336804e-07,2.976887568384984e-06,9.413745054336804e-06,2.9768875683849848e-05,9.413745054336809e-05,0.0002976887568384,0.0009413745054336,0.0029768875683849,0.0094137450543368,0.0297688756838498,0.0941374505433681,0.2976887568384986,0.9413745054336812,2.9768875683849867,9.413745054336813,29.76887568384987,94.13745054336812,,,,,,,,,1.0,0.999998689793862,0.9999982178872504,0.9999975360283152,0.9999925872553748,0.9999817336076878,0.9999521438639034,0.9998744846649636,0.9996691799821324,0.9991257659489308,0.9976899554231624,0.9939149942103552,0.9840704053783208,0.9589467774128636,0.8983158787311102,0.7696832405848236,0.5582615171283368,0.3227615592226031,0.1511978653963706,0.0610861678826454,0.0217960789399405,0.0060735501184604,0.0,,,,,,,,,0.8503869775940028,0.1690208223090165,-86.26,9.996,0.09967,0.8454736842105264,2308000.0,2.976887568384986e-09,1.0626592119994726e-08,3.7933733636436176e-08,1.3541200521779325e-07,4.833800788723622e-07,1.7255213101293627e-06,6.159591430942583e-06,2.198788642795544e-05,7.849013282601511e-05,0.0002801861366362,0.001000180128847,0.0035703418525637,0.0127450451938716,0.0454959731313097,0.1624069228220659,0.5797438051144992,2.0695107925717813,7.387530289737579,26.371258356168845,94.13745054336816,297.6887568384988,941.3745054336816,2976.887568384988,9413.745054336816,29768.87568384988,94137.45054336818,297688.75683849887,941374.505433682,2976887.568384989,9413745.05433682,151.0,151.0,151.0,151.0,151.0,151.0,151.0,151.10000000000002,151.10000000000002,151.4,152.10000000000002,154.10000000000002,159.8,173.8,200.9,235.2,261.0,273.8,278.9,280.70000000000005,281.3,281.5,281.6,281.70000000000005,281.70000000000005,281.70000000000005,281.70000000000005,281.70000000000005,281.70000000000005,281.70000000000005,151.0,151.0,151.0,151.0,151.0,151.0,151.0,151.10000000000002,151.2,151.4,152.2,154.4,160.5,176.0,208.4,256.6,303.20000000000005,332.3,345.5,350.6,352.2,352.90000000000003,353.1,353.2,353.2,353.3,353.3,353.3,353.3,353.3,46.95339178376786,-32.80999999999998,,,,,,,,,,,,,,,,,,,,
0,0.0,1.9915771011012663e-09,6.297919775315437e-09,1.9915771011012663e-08,6.297919775315436e-08,1.991577101101267e-07,6.297919775315437e-07,1.9915771011012666e-06,6.297919775315437e-06,1.991577101101267e-05,6.297919775315438e-05,0.0001991577101101,0.0006297919775315,0.0019915771011012,0.0062979197753154,0.0199157710110126,0.0629791977531544,0.1991577101101267,0.629791977531544,1.991577101101268,6.2979197753154414,19.91577101101268,62.97919775315442,,,,,,,,,0.9999987497364098,0.999999035493606,1.0,0.9999976349068876,0.9999962839479826,0.9999927336980065,0.999978172145318,0.999943183863323,0.9998465043760396,0.9995842551418098,0.9988589103080566,0.9968569300867208,0.9913663021306562,0.976501614423096,0.9376575567379808,0.844804260191011,0.6633319653916198,0.4158092311302076,0.203304524133695,0.082195468497449,0.0287106118774947,0.0077896435357065,0.0,,,,,,,,,0.8902369083978356,0.1681729237247063,-86.26,9.996,0.09967,0.8836842105263158,2308000.0,1.9915771011012667e-09,7.109330481166384e-09,2.5378168820325073e-08,9.059241997247154e-08,3.233876571069147e-07,1.1543965466523355e-06,4.120848021364832e-06,1.47101864298115e-05,5.251093553509461e-05,0.0001874482260253,0.0006691337162824,0.0023886058553857,0.0085266035674925,0.030437406922221,0.1086523763906281,0.3878562627065373,1.3845300537177925,4.94235533615243,17.64272014406797,62.97919775315444,199.15771011012689,629.7919775315445,1991.577101101269,6297.919775315446,19915.771011012694,62979.19775315446,199157.71011012697,629791.9775315447,1991577.10110127,6297919.775315448,151.0,151.0,151.0,151.0,151.0,151.0,151.0,151.0,151.10000000000002,151.2,151.60000000000002,152.8,156.4,166.2,188.7,223.4,254.6,271.4,278.20000000000005,280.5,281.3,281.5,281.6,281.70000000000005,281.70000000000005,281.70000000000005,281.70000000000005,281.70000000000005,281.70000000000005,281.70000000000005,151.0,151.0,151.0,151.0,151.0,151.0,151.0,151.0,151.10000000000002,151.2,151.60000000000002,152.9,156.7,167.5,193.4,239.0,290.70000000000005,326.8,343.7,350.1,352.1,352.8,353.1,353.2,353.2,353.3,353.3,353.3,353.3,353.3,46.49010647438872,-32.10666666666665,,,,,,,,,,,,,,,,,,,,
0,0.0,1.2521452184324152e-08,3.9596308515354815e-08,1.252145218432415e-07,3.959630851535482e-07,1.252145218432415e-06,3.959630851535482e-06,1.2521452184324152e-05,3.959630851535482e-05,0.0001252145218432,0.0003959630851535,0.0012521452184324,0.0039596308515354,0.0125214521843241,0.0395963085153548,0.1252145218432415,0.3959630851535483,1.2521452184324156,3.959630851535484,12.521452184324158,39.59630851535484,,,,,,,,,,,0.9999999246860486,1.0,0.9999999430809372,0.999997455503359,0.9999925334174944,0.9999778611492676,0.999938213771048,0.9998200715918896,0.9994855267981644,0.9985141487345718,0.995726243170528,0.9877602018248346,0.9654482342574237,0.9063408501494716,0.7701839083111642,0.536864706619509,0.2849817723987946,0.1184599137778803,0.0409810169069038,0.0108682108888692,0.0,,,,,,,,,,,0.9314706226772554,0.166608295116955,-86.26,9.996,0.09967,0.9218947368421052,2308000.0,1.2521452184324142e-08,3.9596308515354795e-08,1.252145218432414e-07,3.959630851535479e-07,1.252145218432414e-06,3.959630851535479e-06,1.252145218432414e-05,3.959630851535479e-05,0.0001252145218432,0.0003959630851535,0.0012521452184324,0.0039596308515354,0.0125214521843241,0.0395963085153547,0.1252145218432414,0.3959630851535479,1.252145218432414,3.959630851535479,12.521452184324142,39.59630851535485,125.2145218432416,395.96308515354855,1252.1452184324164,3959.6308515354863,12521.452184324166,39596.30851535487,125214.52184324167,395963.0851535488,1252145.218432417,3959630.851535488,151.0,151.0,151.0,151.0,151.0,151.0,151.0,151.10000000000002,151.10000000000002,151.3,151.8,153.3,157.3,167.7,189.9,222.9,252.8,270.0,277.4,280.20000000000005,281.20000000000005,281.5,281.6,281.70000000000005,281.70000000000005,281.70000000000005,281.70000000000005,281.70000000000005,281.70000000000005,281.70000000000005,151.0,151.0,151.0,151.0,151.0,151.0,151.0,151.10000000000002,151.10000000000002,151.3,151.8,153.4,157.8,169.2,195.0,238.5,287.8,323.7,341.90000000000003,349.2,351.8,352.8,353.1,353.2,353.2,353.3,353.3,353.3,353.3,353.3,46.31033721895504,-31.97999999999998,,,,,,,,,,,,,,,,,,,,
0,0.0,2.3569810219781364e-08,7.453428431242295e-08,2.356981021978136e-07,7.453428431242295e-07,2.356981021978136e-06,7.453428431242295e-06,2.3569810219781363e-05,7.453428431242297e-05,0.0002356981021978,0.0007453428431242,0.0023569810219781,0.0074534284312422,0.0235698102197813,0.074534284312423,0.2356981021978137,0.74534284312423,2.3569810219781377,7.453428431242301,23.56981021978138,74.53428431242303,,,,,,,,,,,1.0,0.9999981150792004,0.9999982710480751,0.9999975383759102,0.9999922286252326,0.9999748647703216,0.9999265611986552,0.999786611259454,0.999359409739682,0.9980746153728997,0.9942132168949528,0.9827424471605428,0.949683175766231,0.8622168189568393,0.6748519441518847,0.4074815707724554,0.1846622785822879,0.0682459985287324,0.021924823349072,0.0055457182717397,0.0,,,,,,,,,,,0.9636809235965788,0.1701258496862849,-86.26,9.996,0.09967,0.9601052631578948,2308000.0,2.3569810219781347e-08,7.453428431242291e-08,2.3569810219781345e-07,7.453428431242291e-07,2.3569810219781347e-06,7.45342843124229e-06,2.3569810219781343e-05,7.45342843124229e-05,0.0002356981021978,0.0007453428431242,0.0023569810219781,0.0074534284312422,0.0235698102197813,0.0745342843124229,0.2356981021978134,0.745342843124229,2.356981021978134,7.45342843124229,23.569810219781345,74.53428431242303,235.69810219781385,745.3428431242304,2356.981021978139,7453.428431242305,23569.810219781397,74534.28431242306,235698.10219781395,745342.8431242306,2356981.0219781394,7453428.431242307,151.0,151.0,151.0,151.0,151.0,151.0,151.0,151.10000000000002,151.10000000000002,151.4,152.10000000000002,154.3,160.60000000000002,176.10000000000002,205.6,240.4,264.3,275.4,279.5,281.0,281.4,281.6,281.70000000000005,281.70000000000005,281.70000000000005,281.70000000000005,281.70000000000005,281.70000000000005,281.70000000000005,281.70000000000005,151.0,151.0,151.0,151.0,151.0,151.0,151.0,151.10000000000002,151.2,151.4,152.2,154.60000000000002,161.3,178.6,214.2,264.8,310.1,336.2,347.2,351.2,352.6,353.0,353.2,353.2,353.3,353.3,353.3,353.3,353.3,353.3,47.305052584264175,-33.21333333333332,,,,,,,,,,,,,,,,,,,,
0,0.0,4.2269692318768755e-08,1.3366850372183338e-07,4.2269692318768747e-07,1.3366850372183336e-06,4.226969231876875e-06,1.3366850372183337e-05,4.226969231876876e-05,0.0001336685037218,0.0004226969231876,0.0013366850372183,0.0042269692318768,0.0133668503721833,0.0422696923187687,0.1336685037218334,0.4226969231876878,1.3366850372183348,4.226969231876879,13.36685037218335,42.2696923187688,,,,,,,,,,,,1.0,0.9999979495957444,0.9999995196855,0.9999968471111528,0.9999934016564228,0.9999754185373652,0.9999193625929784,0.9997454729780167,0.999201522072333,0.99749199150402,0.9921339996064914,0.9756143777137432,0.9269622429788116,0.8010514889245676,0.5608286984520093,0.287347576715973,0.1112823182291091,0.0355817935019645,0.0088013289541732,0.0,,,,,,,,,,,,1.0050403289470924,0.1685392956364102,-86.26,9.996,0.09967,0.9983157894736844,2308000.0,4.2269692318768794e-08,1.258094596702798e-07,3.744531666604946e-07,1.1145042224133734e-06,3.317156249084236e-06,9.873022784078205e-06,2.9385585596650023e-05,8.746183005376984e-05,0.0002603171439682,0.0007747953067312,0.0023060631281587,0.006863654315988,0.0204286474182501,0.0608028341938868,0.1809706032082448,0.538632115751749,1.6031584742266456,4.771563035927943,14.201848520818816,42.26969231876879,133.6685037218335,422.696923187688,1336.685037218335,4226.96923187688,13366.850372183351,42269.69231876881,133668.50372183355,422696.9231876881,1336685.0372183356,4226969.231876882,151.0,151.0,151.0,151.0,151.0,151.0,151.0,151.10000000000002,151.10000000000002,151.3,151.9,153.60000000000002,158.3,170.60000000000002,195.8,230.4,258.3,272.8,278.5,280.6,281.3,281.6,281.6,281.70000000000005,281.70000000000005,281.70000000000005,281.70000000000005,281.70000000000005,281.70000000000005,281.70000000000005,151.0,151.0,151.0,151.0,151.0,151.0,151.0,151.10000000000002,151.10000000000002,151.3,151.9,153.7,158.8,172.4,202.1,249.3,298.0,329.90000000000003,344.7,350.3,352.3,353.0,353.2,353.2,353.3,353.3,353.3,353.3,353.3,353.3,46.76699691021436,-32.513333333333314,,,,,,,,,,,,,,,,,,,,
0,0.0,7.261047446959464e-08,2.2961448130942561e-07,7.261047446959463e-07,2.296144813094256e-06,7.261047446959463e-06,2.296144813094256e-05,7.261047446959465e-05,0.0002296144813094,0.0007261047446959,0.0022961448130942,0.0072610474469594,0.0229614481309425,0.0726104744695946,0.2296144813094257,0.7261047446959469,2.2961448130942577,7.26104744695947,22.96144813094258,72.6104744695947,,,,,,,,,,,,1.0,0.9999998769454154,0.9999993042191072,0.999997540149078,0.9999909941556508,0.9999712632168836,0.9999074843768564,0.9996975775272996,0.9990068113608304,0.9967439734757372,0.9893541802738008,0.9657631611034894,0.8954578420074789,0.7223952380427456,0.441490397942705,0.1929007816127694,0.0664269689145135,0.0197638441599737,0.0046696848639818,0.0,,,,,,,,,,,,1.0387299708815754,0.1709729607897767,-86.26,9.996,0.09967,1.0365263157894735,2308000.0,7.261047446959457e-08,2.1611429036511198e-07,6.432320796853304e-07,1.9144847276749407e-06,5.698179379196453e-06,1.695978440994522e-05,5.047827877829683e-05,0.0001502410978128,0.0004471703080675,0.0013309359910715,0.0039613332557448,0.0117903199465184,0.0350921357701145,0.1044465288893025,0.3108695768330621,0.9252571131664028,2.7538903426524555,8.196545491448203,24.3957999898685,72.61047446959469,229.61448130942577,726.104744695947,2296.144813094258,7261.047446959472,22961.448130942583,72610.47446959473,229614.48130942587,726104.7446959474,2296144.8130942592,7261047.446959475,151.0,151.0,151.0,151.0,151.0,151.0,151.0,151.10000000000002,151.10000000000002,151.4,152.2,154.7,161.7,179.3,211.2,245.8,267.5,276.70000000000005,280.0,281.1,281.5,281.6,281.70000000000005,281.70000000000005,281.70000000000005,281.70000000000005,281.70000000000005,281.70000000000005,281.70000000000005,281.70000000000005,151.0,151.0,151.0,151.0,151.0,151.0,151.0,151.10000000000002,151.2,151.4,152.3,154.9,162.60000000000002,182.3,221.6,273.9,316.90000000000003,339.6,348.6,351.7,352.8,353.1,353.2,353.3,353.3,353.3,353.3,353.3,353.3,353.3,47.67558424742514,-33.65999999999998,,,,,,,,,,,,,,,,,,,,
0,0.0,1.2002217547656166e-07,3.795434442343401e-07,1.2002217547656169e-06,3.7954344423434006e-06,1.2002217547656164e-05,3.7954344423434e-05,0.0001200221754765,0.0003795434442343,0.0012002217547656,0.0037954344423434,0.0120022175476561,0.037954344423434,0.1200221754765617,0.3795434442343402,1.200221754765617,3.795434442343403,12.002217547656176,37.95434442343404,,,,,,,,,,,,,0.999998390628288,1.0,0.999996734891294,0.9999959272415708,0.9999874732992752,0.9999671047810816,0.9998932803852176,0.9996393156623604,0.9987627826101976,0.9957583278211688,0.9855521571284503,0.95196248764681,0.8520357464434469,0.6259776924552162,0.3266050433132881,0.1217433013454729,0.0364166420833841,0.0084303289918075,0.0,,,,,,,,,,,,,1.0804419976963642,0.1692867959822677,-86.26,9.996,0.09967,1.0747368421052632,2308000.0,1.2002217547656174e-07,3.362249327650633e-07,9.418859886850436e-07,2.638558682681329e-06,7.391544205549327e-06,2.0706352335915937e-05,5.8005880115984e-05,0.0001624951644522,0.0004552069276003,0.0012751970043776,0.0035722817500739,0.0100072356334768,0.0280338372027507,0.0785327793902741,0.2199983325206836,0.616293816259293,1.7264588490630246,4.836427169754323,13.54855795203716,37.95434442343404,120.02217547656176,379.5434442343404,1200.2217547656178,3795.434442343405,12002.21754765618,37954.34442343405,120022.1754765618,379543.44423434057,1200221.7547656184,3795434.4423434064,151.0,151.0,151.0,151.0,151.0,151.0,151.0,151.10000000000002,151.10000000000002,151.3,151.9,153.60000000000002,158.60000000000002,171.60000000000002,198.2,233.4,260.5,273.8,279.0,280.8,281.4,281.6,281.70000000000005,281.70000000000005,281.70000000000005,281.70000000000005,281.70000000000005,281.70000000000005,281.70000000000005,281.70000000000005,151.0,151.0,151.0,151.0,151.0,151.0,151.0,151.10000000000002,151.10000000000002,151.3,151.9,153.8,159.2,173.5,204.9,253.8,302.1,332.40000000000003,345.8,350.7,352.5,353.0,353.2,353.2,353.3,353.3,353.3,353.3,353.3,353.3,46.94495358040804,-32.726666666666645,,,,,,,,,,,,,,,,,,,,
0,0.0,1.9166227395103093e-07,6.06089327212417e-07,1.916622739510309e-06,6.06089327212417e-06,1.916622739510309e-05,6.06089327212417e-05,0.000191662273951,0.0006060893272124,0.0019166227395103,0.0060608932721241,0.019166227395103,0.0606089327212417,0.191662273951031,0.6060893272124173,1.91662273951031,6.060893272124173,19.166227395103103,60.608932721241736,,,,,,,,,,,,,1.0,0.9999974241696896,0.9999996992354004,0.9999975407454322,0.9999894775624432,0.9999656675001196,0.9998801999032374,0.9995724982972914,0.9984642101151264,0.9944966493190184,0.980483525706479,0.9331921987063329,0.7953428838889758,0.5196302103583916,0.2308652516214689,0.0759569974490255,0.0210839870154351,0.0046596390813646,0.0,,,,,,,,,,,,,1.1147185842920022,0.1712570180006895,-86.26,9.996,0.09967,1.112947368421053,2308000.0,1.916622739510309e-07,5.369144069994705e-07,1.5040888042330454e-06,4.213489341181765e-06,1.1803486854158912e-05,3.3065777704620046e-05,9.262903993713603e-05,0.0002594869873112,0.0007269156263475,0.0020363500046897,0.0057045428538048,0.0159804596930549,0.0447669688082055,0.1254082507492454,0.351313251146522,0.984153751398064,2.7569657655381987,7.723244687684252,21.63556372423749,60.60893272124173,191.66227395103104,606.0893272124174,1916.6227395103103,6060.893272124175,19166.22739510311,60608.93272124176,191662.27395103112,606089.3272124176,1916622.7395103115,6060893.272124177,151.0,151.0,151.0,151.0,151.0,151.0,151.0,151.10000000000002,151.10000000000002,151.4,152.2,154.7,161.9,180.0,212.8,247.5,268.4,277.20000000000005,280.20000000000005,281.20000000000005,281.5,281.6,281.70000000000005,281.70000000000005,281.70000000000005,281.70000000000005,281.70000000000005,281.70000000000005,281.70000000000005,281.70000000000005,151.0,151.0,151.0,151.0,151.0,151.0,151.0,151.10000000000002,151.10000000000002,151.4,152.3,154.9,162.8,183.1,223.6,276.70000000000005,319.1,340.7,349.1,351.90000000000003,352.90000000000003,353.2,353.2,353.3,353.3,353.3,353.3,353.3,353.3,353.3,47.80198043317172,-33.79333333333331,,,,,,,,,,,,,,,,,,,,
0,0.0,2.966996983230307e-07,9.382468277856176e-07,2.966996983230307e-06,9.382468277856176e-06,2.966996983230307e-05,9.382468277856176e-05,0.000296699698323,0.0009382468277856,0.0029669969832303,0.0093824682778561,0.029669969832303,0.0938246827785617,0.2966996983230308,0.938246827785618,2.9669969832303087,9.382468277856182,29.66996983230309,,,,,,,,,,,,,,1.0,0.9999983143858412,0.9999974543589304,0.9999975365616784,0.9999891460393262,0.9999636302366142,0.9998632669820536,0.9994876449852688,0.9980830633474588,0.992835451116214,0.9735937124388104,0.9074976790291936,0.7231066688250617,0.4097434418374933,0.1543196132392218,0.0439627230702151,0.0095646779960029,0.0,,,,,,,,,,,,,,1.1573285898909211,0.1692646551132727,-86.26,9.996,0.09967,1.1511578947368422,2308000.0,2.966996983230309e-07,7.822935262364447e-07,2.062634929022265e-06,5.438448239359189e-06,1.4339289438004926e-05,3.780770038387038e-05,9.968570719606005e-05,0.000262836409469,0.0006930078552456,0.0018272197843606,0.0048177406866124,0.0127027003112066,0.0334925861918453,0.0883082574835328,0.232838046459269,0.6139126444554532,1.6186733257454,4.267876479077462,11.25290035422976,29.66996983230309,93.82468277856182,296.69969832303093,938.2468277856184,2966.996983230309,9382.468277856184,29669.969832303097,93824.68277856184,296699.698323031,938246.8277856186,2966996.9832303105,151.0,151.0,151.0,151.0,151.0,151.0,151.0,151.0,151.10000000000002,151.3,151.8,153.4,158.10000000000002,170.60000000000002,196.7,232.1,259.9,273.6,278.9,280.8,281.4,281.6,281.70000000000005,281.70000000000005,281.70000000000005,281.70000000000005,281.70000000000005,281.70000000000005,281.70000000000005,281.70000000000005,151.0,151.0,151.0,151.0,151.0,151.0,151.0,151.0,151.10000000000002,151.3,151.9,153.60000000000002,158.7,172.4,203.0,251.8,300.9,331.90000000000003,345.7,350.7,352.6,353.1,353.2,353.3,353.3,353.3,353.3,353.3,353.3,353.3,46.918166346665046,-32.66999999999998,,,,,,,,,,,,,,,,,,,,
0,0.0,4.465843695175036e-07,1.4122237751055822e-06,4.465843695175035e-06,1.4122237751055821e-05,4.465843695175036e-05,0.00014122237751055823,0.00044658436951750365,0.0014122237751055824,0.004465843695175037,0.014122237751055826,0.044658436951750376,0.14122237751055827,0.4465843695175038,1.4122237751055828,4.465843695175038,14.12223775105583,44.65843695175039,,,,,,,,,,,,,,1.0,0.9999986881428297,0.9999991716944769,0.999996854148099,0.9999904063492241,0.999958803711121,0.9998444450001293,0.9993923475443078,0.9976178606087194,0.990709600411781,0.9644784259461684,0.8736692048422073,0.6380727438731824,0.3097602691951893,0.10152469544952106,0.02661873999137164,0.005514598299052975,0.0,,,,,,,,,,,,,,1.1914777679279824,0.17115339307418384,-86.26,9.996,0.09967,1.1893684210526316,2308000.0,4.4658436951750345e-07,1.1774870792472572e-06,3.1046223657406617e-06,8.185805350848478e-06,2.1583111035146436e-05,5.6907129108216017e-05,0.00015004423310734213,0.00039561426207178097,0.0010430966996421089,0.0027502818505740364,0.007251533113077826,0.01911976129976962,0.05041213581454744,0.13291920320234324,0.35046153658198176,0.9240447253993055,2.4363833556911234,6.423892364434679,16.9375615760338,44.658436951750396,141.22237751055835,446.584369517504,1412.2237751055836,4465.843695175041,14122.237751055838,44658.43695175042,141222.3775105584,446584.36951750424,1412223.7751055842,4465843.695175042,151.0,151.0,151.0,151.0,151.0,151.0,151.0,151.10000000000002,151.10000000000002,151.4,152.10000000000002,154.3,161.0,178.1,210.10000000000002,245.5,267.6,276.9,280.1,281.20000000000005,281.6,281.6,281.70000000000005,281.70000000000005,281.70000000000005,281.70000000000005,281.70000000000005,281.70000000000005,281.70000000000005,281.70000000000005,151.0,151.0,151.0,151.0,151.0,151.0,151.0,151.10000000000002,151.10000000000002,151.4,152.2,154.60000000000002,161.8,180.8,220.0,273.3,317.1,340.0,348.8,351.8,352.90000000000003,353.2,353.2,353.3,353.3,353.3,353.3,353.3,353.3,353.3,47.68759796844457,-33.63666666666665,,,,,,,,,,,,,,,,,,,,
0,0.0,6.552915407167878e-07,2.072213800106016e-06,6.552915407167878e-06,2.072213800106016e-05,6.552915407167878e-05,0.00020722138001060163,0.0006552915407167879,0.0020722138001060164,0.00655291540716788,0.020722138001060167,0.06552915407167881,0.2072213800106017,0.6552915407167882,2.0722138001060175,6.552915407167883,20.722138001060177,65.52915407167883,,,,,,,,,,,,,,1.0,0.9999970980541315,0.999996392596918,0.9999968568833165,0.9999882991108101,0.9999557437582978,0.9998237135234811,0.9992754106989582,0.9970355541835609,0.987954011180093,0.9523350248484318,0.8296989140193056,0.5432415629748861,0.22469178713568774,0.06531770550780745,0.015980652834914295,0.003168698838876102,0.0,,,,,,,,,,,,,,1.2273806125966618,0.17218494743507132,-86.26,9.996,0.09967,1.227578947368421,2308000.0,6.552915407167878e-07,1.7277750297613214e-06,4.555539585024055e-06,1.2011367541055385e-05,3.166978302210436e-05,8.350216186782699e-05,0.00022016605013473365,0.0005805010139576586,0.0015305785201653447,0.004035601230771338,0.010640471612030586,0.028055209038775338,0.07397179212615498,0.19503779219012157,0.5142465700644694,1.3558886811294888,3.575005109678383,9.42604043539912,24.853177985463812,65.52915407167885,207.22138001060182,655.2915407167885,2072.2138001060184,6552.915407167886,20722.138001060186,65529.154071678866,207221.3800106019,655291.5407167887,2072213.800106019,6552915.407167888,151.0,151.0,151.0,151.0,151.0,151.0,151.0,151.10000000000002,151.2,151.5,152.4,155.5,164.8,187.5,224.10000000000002,256.4,272.8,278.8,280.8,281.4,281.6,281.70000000000005,281.70000000000005,281.70000000000005,281.70000000000005,281.70000000000005,281.70000000000005,281.70000000000005,281.70000000000005,281.70000000000005,151.0,151.0,151.0,151.0,151.0,151.0,151.0,151.10000000000002,151.2,151.5,152.5,155.9,165.9,191.70000000000002,239.10000000000002,293.20000000000005,329.3,345.2,350.7,352.5,353.1,353.2,353.3,353.3,353.3,353.3,353.3,353.3,353.3,353.3,48.43472239347855,-34.57666666666664,,,,,,,,,,,,,,,,,,,,
0,0.0,9.395316670759331e-07,2.971060001814978e-06,9.39531667075933e-06,2.9710600018149785e-05,9.39531667075933e-05,0.0002971060001814978,0.0009395316670759331,0.0029710600018149785,0.00939531667075933,0.029710600018149787,0.09395316670759332,0.2971060001814979,0.9395316670759334,2.9710600018149798,9.395316670759335,29.7106000181498,,,,,,,,,,,,,,,0.999999551744083,1.0,0.9999999379962019,0.9999970910893335,0.9999890450273278,0.9999516480891257,0.9997973739413644,0.99913413775309,0.996305460347846,0.9843498926633226,0.9361772254610486,0.773910950395813,0.4440568269731627,0.15601609894829752,0.03965071739795757,0.007740583378577986,0.0,,,,,,,,,,,,,,,1.2694310528796455,0.17058322170179793,-86.26,9.996,0.09967,1.2657894736842106,2308000.0,9.395316670759333e-07,2.331568958936734e-06,5.786088964085953e-06,1.4358925723382657e-05,3.563352537601214e-05,8.842918719575163e-05,0.00021944842856792896,0.0005445895674052638,0.0013514692215480981,0.0033538451085175307,0.008322999024011919,0.020654595102730634,0.05125704059642016,0.12720095444309776,0.3156655675584406,0.7833648023967292,1.9440207507600764,4.824338121681162,11.972217016308273,29.710600018149805,93.95316670759338,297.1060001814981,939.5316670759339,2971.060001814981,9395.316670759341,29710.600018149817,93953.16670759341,297106.0001814982,939531.6670759342,2971060.0018149824,151.0,151.0,151.0,151.0,151.0,151.0,151.0,151.0,151.10000000000002,151.3,151.9,153.7,159.2,173.9,203.3,239.60000000000002,264.6,275.70000000000005,279.70000000000005,281.1,281.5,281.6,281.70000000000005,281.70000000000005,281.70000000000005,281.70000000000005,281.70000000000005,281.70000000000005,281.70000000000005,281.70000000000005,151.0,151.0,151.0,151.0,151.0,151.0,151.0,151.0,151.10000000000002,151.3,151.9,153.9,159.9,176.0,211.3,263.4,310.6,337.1,347.8,351.5,352.90000000000003,353.2,353.2,353.3,353.3,353.3,353.3,353.3,353.3,353.3,47.37713935363058,-33.21333333333332,,,,,,,,,,,,,,,,,,,,
0,0.0,1.3189184433707026e-06,4.170786329055226e-06,1.3189184433707026e-05,4.1707863290552263e-05,0.00013189184433707026,0.0004170786329055227,0.0013189184433707027,0.004170786329055227,0.013189184433707028,0.041707863290552274,0.1318918443370703,0.4170786329055228,1.318918443370703,4.170786329055228,13.189184433707032,41.70786329055229,,,,,,,,,,,,,,,1.0,0.9999989729638573,0.9999979151272244,0.9999968558895527,0.9999896844984442,0.9999482021868238,0.9997723913921929,0.9989700418351142,0.9954072033488076,0.9797441256263064,0.9152333076772443,0.7069647714089728,0.3502537121887491,0.10670250861195285,0.024963073912480763,0.004644761340515902,0.0,,,,,,,,,,,,,,,1.3046464100253772,0.17182605498841827,-86.26,9.996,0.09967,1.304,2308000.0,1.3189184433707017e-06,3.273066155931655e-06,8.122535638918353e-06,2.0157119368312666e-05,5.002249042547914e-05,0.00012413725903219713,0.0003080626124159871,0.0007644970890161849,0.0018971980875271243,0.004708141646358024,0.011683860482414666,0.02899500610355044,0.07195484576440102,0.17856522638720065,0.4431326304153823,1.0996907522915758,2.72902437706296,6.772425825246187,16.806647805698017,41.70786329055228,131.89184433707032,417.0786329055229,1318.9184433707035,4170.7863290552295,13189.184433707036,41707.8632905523,131891.84433707036,417078.632905523,1318918.4433707038,4170786.3290552306,151.0,151.0,151.0,151.0,151.0,151.0,151.0,151.10000000000002,151.10000000000002,151.4,152.10000000000002,154.60000000000002,162.10000000000002,181.5,216.10000000000002,250.9,270.4,278.0,280.5,281.3,281.6,281.70000000000005,281.70000000000005,281.70000000000005,281.70000000000005,281.70000000000005,281.70000000000005,281.70000000000005,281.70000000000005,281.70000000000005,151.0,151.0,151.0,151.0,151.0,151.0,151.0,151.10000000000002,151.10000000000002,151.4,152.2,154.9,163.0,184.70000000000002,228.0,282.8,323.6,343.0,350.0,352.2,353.0,353.2,353.3,353.3,353.3,353.3,353.3,353.3,353.3,353.3,48.06431801936511,-34.08666666666664,,,,,,,,,,,,,,,,,,,,
