"engine.time","ikr.IKr"
 1.00500000000000000e+03, 2.58392080240097723e-02
 1.01500000000000000e+03, 4.19136800561381584e-02
 1.02500000000000000e+03, 6.77889579100218881e-02
 1.03500000000000000e+03, 9.34028226654346205e-02
 1.04500000000000000e+03, 1.18488700103102737e-01
 1.05500000000000000e+03, 1.43053796945171868e-01
 1.06500000000000000e+03, 1.67108507918646343e-01
 1.07500000000000000e+03, 1.90663533868151325e-01
 1.08500000000000000e+03, 2.13729289564632691e-01
 1.09500000000000000e+03, 2.36315897376542572e-01
 1.10500000000000000e+03, 2.58433300972531366e-01
 1.11500000000000000e+03, 2.80091262439226496e-01
 1.12500000000000000e+03, 3.01299336480665036e-01
 1.13500000000000000e+03, 3.22066870002487293e-01
 1.14500000000000000e+03, 3.42402866827380914e-01
 1.15500000000000000e+03, 3.62316442305486985e-01
 1.16500000000000000e+03, 3.81816443242016301e-01
 1.17500000000000000e+03, 4.00911460390329322e-01
 1.18500000000000000e+03, 4.19609882330026551e-01
 1.19500000000000000e+03, 4.37919924105084013e-01
 1.20500000000000000e+03, 4.55849620569408087e-01
 1.21500000000000000e+03, 4.73406871996852663e-01
 1.22500000000000000e+03, 4.90599404383069426e-01
 1.23500000000000000e+03, 5.07434803985311156e-01
 1.24500000000000000e+03, 5.23920491802554733e-01
 1.25500000000000000e+03, 5.40063740837782302e-01
 1.26500000000000000e+03, 5.55871657265372021e-01
 1.27500000000000000e+03, 5.71351213149888570e-01
 1.28500000000000000e+03, 5.86509227103510722e-01
 1.29500000000000000e+03, 6.01352364440314147e-01
 1.30500000000000000e+03, 6.15887178840182847e-01
 1.31500000000000000e+03, 6.30120062958794414e-01
 1.32500000000000000e+03, 6.44057290561135920e-01
 1.33500000000000000e+03, 6.57705005526226127e-01
 1.34500000000000000e+03, 6.71069223842300833e-01
 1.35500000000000000e+03, 6.84155832436155742e-01
 1.36500000000000000e+03, 6.96970604290545026e-01
 1.37500000000000000e+03, 7.09519183683983257e-01
 1.38500000000000000e+03, 7.21807101398622697e-01
 1.39500000000000000e+03, 7.33839772290466597e-01
 1.40500000000000000e+03, 7.45622497740719314e-01
 1.41500000000000000e+03, 7.57160468017620603e-01
 1.42500000000000000e+03, 7.68458772463576634e-01
 1.43500000000000000e+03, 7.79522387795730798e-01
 1.44500000000000000e+03, 7.90356188464948706e-01
 1.45500000000000000e+03, 8.00964946839672121e-01
 1.46500000000000000e+03, 8.11353335214103688e-01
 1.47500000000000000e+03, 8.21525927816390444e-01
 1.48500000000000000e+03, 8.31487216659068329e-01
 1.49500000000000000e+03, 8.41241591365440744e-01
 1.50500000000000000e+03, 8.50793344213735980e-01
 1.51500000000000000e+03, 8.60146682745454916e-01
 1.52500000000000000e+03, 8.69305727114188964e-01
 1.53500000000000000e+03, 8.78274512095893800e-01
 1.54500000000000000e+03, 8.87056988092756571e-01
 1.55500000000000000e+03, 8.95657022798112545e-01
 1.56500000000000000e+03, 9.04078407632451064e-01
 1.57500000000000000e+03, 9.12324855172899962e-01
 1.58500000000000000e+03, 9.20400002548604768e-01
 1.59500000000000000e+03, 9.28307413443436258e-01
 1.60500000000000000e+03, 9.36050579884529332e-01
 1.61500000000000000e+03, 9.43632857310795825e-01
 1.62500000000000000e+03, 9.51057624111846356e-01
 1.63500000000000000e+03, 9.58328156313345225e-01
 1.64500000000000000e+03, 9.65447664256117388e-01
 1.65500000000000000e+03, 9.72419294445332816e-01
 1.66500000000000000e+03, 9.79246131399688302e-01
 1.67500000000000000e+03, 9.85931133826499217e-01
 1.68500000000000000e+03, 9.92477245128251528e-01
 1.69500000000000000e+03, 9.98887377356811990e-01
 1.70500000000000000e+03, 1.00516436087740768e+00
 1.71500000000000000e+03, 1.01131096953349098e+00
 1.72500000000000000e+03, 1.01732992224942986e+00
 1.73500000000000000e+03, 1.02322385740146471e+00
 1.74500000000000000e+03, 1.02899532301471019e+00
 1.75500000000000000e+03, 1.03464690338003029e+00
 1.76500000000000000e+03, 1.04018109204866605e+00
 1.77500000000000000e+03, 1.04560033224516347e+00
 1.78500000000000000e+03, 1.05090701824205679e+00
 1.79500000000000000e+03, 1.05610349673455550e+00
 1.80500000000000000e+03, 1.06119199576587797e+00
 1.81500000000000000e+03, 1.06617479548268657e+00
 1.82500000000000000e+03, 1.07105409331628776e+00
 1.83500000000000000e+03, 1.07583204204173821e+00
 1.84500000000000000e+03, 1.08051075114325990e+00
 1.85500000000000000e+03, 1.08509228802382252e+00
 1.86500000000000000e+03, 1.08957864472819632e+00
 1.87500000000000000e+03, 1.09397179542908463e+00
 1.88500000000000000e+03, 1.09827369007468056e+00
 1.89500000000000000e+03, 1.10248622671130314e+00
 1.90500000000000000e+03, 1.10661126534104493e+00
 1.91500000000000000e+03, 1.11065062900020428e+00
 1.92500000000000000e+03, 1.11460608974635211e+00
 1.93500000000000000e+03, 1.11847936203126408e+00
 1.94500000000000000e+03, 1.12227217630553477e+00
 1.95500000000000000e+03, 1.12598620620469747e+00
 1.96500000000000000e+03, 1.12962309184898579e+00
 1.97500000000000000e+03, 1.13318444079229796e+00
 1.98500000000000000e+03, 1.13667182897115726e+00
 1.99500000000000000e+03, 1.14008674656477260e+00
 2.00500000000000000e+03, 1.14343072717240646e+00
 2.01500000000000000e+03, 1.14670524653501826e+00
 2.02500000000000000e+03, 1.14991175029933346e+00
 2.03500000000000000e+03, 1.15305165525469078e+00
 2.04500000000000000e+03, 1.15612635015527188e+00
 2.05500000000000000e+03, 1.15913716832955482e+00
 2.06500000000000000e+03, 1.16208543388819718e+00
 2.07500000000000000e+03, 1.16497245789392756e+00
 2.08500000000000000e+03, 1.16779951431161466e+00
 2.09500000000000000e+03, 1.17056785151588016e+00
 2.10500000000000000e+03, 1.17327869300460419e+00
 2.11500000000000000e+03, 1.17593322820273416e+00
 2.12500000000000000e+03, 1.17853260716543162e+00
 2.13500000000000000e+03, 1.18107799114357359e+00
 2.14500000000000000e+03, 1.18357050297765465e+00
 2.15500000000000000e+03, 1.18601124289253557e+00
 2.16500000000000000e+03, 1.18840128912379139e+00
 2.17500000000000000e+03, 1.19074169854406509e+00
 2.18500000000000000e+03, 1.19303347539403815e+00
 2.19500000000000000e+03, 1.19527764581860496e+00
 2.20500000000000000e+03, 1.19747520008750929e+00
 2.21500000000000000e+03, 1.19962710811346174e+00
 2.22500000000000000e+03, 1.20173432041837414e+00
 2.23500000000000000e+03, 1.20379776868563426e+00
 2.24500000000000000e+03, 1.20581834888079475e+00
 2.25500000000000000e+03, 1.20779694943338178e+00
 2.26500000000000000e+03, 1.20973444988348300e+00
 2.27500000000000000e+03, 1.21163170528319419e+00
 2.28500000000000000e+03, 1.21348955356457711e+00
 2.29500000000000000e+03, 1.21530881602385188e+00
 2.30500000000000000e+03, 1.21709029092532961e+00
 2.31500000000000000e+03, 1.21883474912196044e+00
 2.32500000000000000e+03, 1.22054297077029528e+00
 2.33500000000000000e+03, 1.22221570957131731e+00
 2.34500000000000000e+03, 1.22385370408124228e+00
 2.35500000000000000e+03, 1.22545767813364592e+00
 2.36500000000000000e+03, 1.22702834126159321e+00
 2.37500000000000000e+03, 1.22856636623737248e+00
 2.38500000000000000e+03, 1.23007244227745560e+00
 2.39500000000000000e+03, 1.23154723413226441e+00
 2.40500000000000000e+03, 1.23299139273078118e+00
 2.41500000000000000e+03, 1.23440555597256685e+00
 2.42500000000000000e+03, 1.23579034909623231e+00
 2.43500000000000000e+03, 1.23714637357704627e+00
 2.44500000000000000e+03, 1.23847422539948404e+00
 2.45500000000000000e+03, 1.23977449482348900e+00
 2.46500000000000000e+03, 1.24104775559790625e+00
 2.47500000000000000e+03, 1.24229456995771703e+00
 2.48500000000000000e+03, 1.24351548894710318e+00
 2.49500000000000000e+03, 1.24471104847923209e+00
 2.50500000000000000e+03, 1.24588176619725299e+00
 2.51500000000000000e+03, 1.24702816529813720e+00
 2.52500000000000000e+03, 1.24815075154975275e+00
 2.53500000000000000e+03, 1.24925002055344447e+00
 2.54500000000000000e+03, 1.25032645802762743e+00
 2.55500000000000000e+03, 1.25138054009138378e+00
 2.56500000000000000e+03, 1.25241271865922954e+00
 2.57500000000000000e+03, 1.25342345590927673e+00
 2.58500000000000000e+03, 1.25441319804891660e+00
 2.59500000000000000e+03, 1.25538238194540352e+00
 2.60500000000000000e+03, 1.25633143573333284e+00
 2.61500000000000000e+03, 1.25726077906298817e+00
 2.62500000000000000e+03, 1.25817081554992671e+00
 2.63500000000000000e+03, 1.25906194500286750e+00
 2.64500000000000000e+03, 1.25993456371582457e+00
 2.65500000000000000e+03, 1.26078905676602493e+00
 2.66500000000000000e+03, 1.26162580150914216e+00
 2.67500000000000000e+03, 1.26244516779634286e+00
 2.68500000000000000e+03, 1.26324751532836843e+00
 2.69500000000000000e+03, 1.26403319123187163e+00
 2.70500000000000000e+03, 1.26480254679828019e+00
 2.71500000000000000e+03, 1.26555592145253870e+00
 2.72500000000000000e+03, 1.26629364779296760e+00
 2.73500000000000000e+03, 1.26701605178109533e+00
 2.74500000000000000e+03, 1.26772345293149091e+00
 2.75500000000000000e+03, 1.26841615466198121e+00
 2.76500000000000000e+03, 1.26909446696815142e+00
 2.77500000000000000e+03, 1.26975868934017666e+00
 2.78500000000000000e+03, 1.27040911494304765e+00
 2.79500000000000000e+03, 1.27104603107624659e+00
 2.80500000000000000e+03, 1.27166971934005435e+00
 2.81500000000000000e+03, 1.27228045074740481e+00
 2.82500000000000000e+03, 1.27287849352630200e+00
 2.83500000000000000e+03, 1.27346411361498868e+00
 2.84500000000000000e+03, 1.27403756943259516e+00
 2.85500000000000000e+03, 1.27459911421602379e+00
 2.86500000000000000e+03, 1.27514899616569344e+00
 2.87500000000000000e+03, 1.27568745673285266e+00
 2.88500000000000000e+03, 1.27621472883592002e+00
 2.89500000000000000e+03, 1.27673104823542194e+00
 2.90500000000000000e+03, 1.27723664272536030e+00
 2.91500000000000000e+03, 1.27773173552042385e+00
 2.92500000000000000e+03, 1.27821654538358165e+00
 2.93500000000000000e+03, 1.27869128675367771e+00
 2.94500000000000000e+03, 1.27915616325940729e+00
 2.95500000000000000e+03, 1.27961138288682008e+00
 2.96500000000000000e+03, 1.28005714666887971e+00
 2.97500000000000000e+03, 1.28049365135591220e+00
 2.98500000000000000e+03, 1.28092108976262575e+00
 2.99500000000000000e+03, 1.28133965087973989e+00
 3.00500000000000000e+03, 1.28174951660888947e+00
 3.01500000000000000e+03, 1.28215086688821911e+00
 3.02500000000000000e+03, 1.28254388022911514e+00
 3.03500000000000000e+03, 1.28292873005712216e+00
 3.04500000000000000e+03, 1.28330558631893576e+00
 3.05500000000000000e+03, 1.28367461558009843e+00
 3.06500000000000000e+03, 1.28403597991379392e+00
 3.07500000000000000e+03, 1.28438983559626574e+00
 3.08500000000000000e+03, 1.28473634085403199e+00
 3.09500000000000000e+03, 1.28507564855736112e+00
 3.10500000000000000e+03, 1.28540790850233222e+00
 3.11500000000000000e+03, 1.28573326749639549e+00
 3.12500000000000000e+03, 1.28605186944393002e+00
 3.13500000000000000e+03, 1.28636385107239271e+00
 3.14500000000000000e+03, 1.28666935188270282e+00
 3.15500000000000000e+03, 1.28696850681033448e+00
 3.16500000000000000e+03, 1.28726144789385089e+00
 3.17500000000000000e+03, 1.28754830453055735e+00
 3.18500000000000000e+03, 1.28782920355143204e+00
 3.19500000000000000e+03, 1.28810426706520875e+00
 3.20500000000000000e+03, 1.28837361578665077e+00
 3.21500000000000000e+03, 1.28863736953122032e+00
 3.22500000000000000e+03, 1.28889564468660356e+00
 3.23500000000000000e+03, 1.28914855530616745e+00
 3.24500000000000000e+03, 1.28939621317455733e+00
 3.25500000000000000e+03, 1.28963872708104499e+00
 3.26500000000000000e+03, 1.28987620186460128e+00
 3.27500000000000000e+03, 1.29010874373052520e+00
 3.28500000000000000e+03, 1.29033645527165786e+00
 3.29500000000000000e+03, 1.29055943701777887e+00
 3.30500000000000000e+03, 1.29077778749301930e+00
 3.31500000000000000e+03, 1.29099160327327400e+00
 3.32500000000000000e+03, 1.29120097613772034e+00
 3.33500000000000000e+03, 1.29140599966888314e+00
 3.34500000000000000e+03, 1.29160676443885603e+00
 3.35500000000000000e+03, 1.29180335905885935e+00
 3.36500000000000000e+03, 1.29199587036725672e+00
 3.37500000000000000e+03, 1.29218438347981568e+00
 3.38500000000000000e+03, 1.29236898036667869e+00
 3.39500000000000000e+03, 1.29254974201118222e+00
 3.40500000000000000e+03, 1.29272674883122152e+00
 3.41500000000000000e+03, 1.29290007893427794e+00
 3.42500000000000000e+03, 1.29306980886102063e+00
 3.43500000000000000e+03, 1.29323601362931306e+00
 3.44500000000000000e+03, 1.29339876626340011e+00
 3.45500000000000000e+03, 1.29355813710519429e+00
 3.46500000000000000e+03, 1.29371419743351024e+00
 3.47500000000000000e+03, 1.29386701609856969e+00
 3.48500000000000000e+03, 1.29401666056602416e+00
 3.49500000000000000e+03, 1.29416319695548676e+00
 3.50500000000000000e+03, 1.29430669007906185e+00
 3.51500000000000000e+03, 1.29444720154974124e+00
 3.52500000000000000e+03, 1.29458479414337324e+00
 3.53500000000000000e+03, 1.29471952865414908e+00
 3.54500000000000000e+03, 1.29485146454962496e+00
 3.55500000000000000e+03, 1.29498066010761526e+00
 3.56500000000000000e+03, 1.29510717244992724e+00
 3.57500000000000000e+03, 1.29523105573320163e+00
 3.58500000000000000e+03, 1.29535236406890197e+00
 3.59500000000000000e+03, 1.29547115187466066e+00
 3.60500000000000000e+03, 1.29558747157584753e+00
 3.61500000000000000e+03, 1.29570137458684842e+00
 3.62500000000000000e+03, 1.29581291134653198e+00
 3.63500000000000000e+03, 1.29592213135372281e+00
 3.64500000000000000e+03, 1.29602908320266930e+00
 3.65500000000000000e+03, 1.29613381461851485e+00
 3.66500000000000000e+03, 1.29623637249276746e+00
 3.67500000000000000e+03, 1.29633679228108001e+00
 3.68500000000000000e+03, 1.29643512470282296e+00
 3.69500000000000000e+03, 1.29653141364660129e+00
 3.70500000000000000e+03, 1.29662570187614778e+00
 3.71500000000000000e+03, 1.29671803138799935e+00
 3.72500000000000000e+03, 1.29680844344312640e+00
 3.73500000000000000e+03, 1.29689697859856667e+00
 3.74500000000000000e+03, 1.29698367673905235e+00
 3.75500000000000000e+03, 1.29706857710864210e+00
 3.76500000000000000e+03, 1.29715171353056924e+00
 3.77500000000000000e+03, 1.29723311472598590e+00
 3.78500000000000000e+03, 1.29731282460927577e+00
 3.79500000000000000e+03, 1.29739087860121804e+00
 3.80500000000000000e+03, 1.29746731147073402e+00
 3.81500000000000000e+03, 1.29754215735889389e+00
 3.82500000000000000e+03, 1.29761544980292509e+00
 3.83500000000000000e+03, 1.29768722176021800e+00
 3.84500000000000000e+03, 1.29775750563233361e+00
 3.85500000000000000e+03, 1.29782633328901076e+00
 3.86500000000000000e+03, 1.29789372696311744e+00
 3.87500000000000000e+03, 1.29795971780369035e+00
 3.88500000000000000e+03, 1.29802433819882568e+00
 3.89500000000000000e+03, 1.29808761677246376e+00
 3.90500000000000000e+03, 1.29814958159279414e+00
 3.91500000000000000e+03, 1.29821026018970609e+00
 3.92500000000000000e+03, 1.29826967957224149e+00
 3.93500000000000000e+03, 1.29832786624604801e+00
 3.94500000000000000e+03, 1.29838484623083050e+00
 3.95500000000000000e+03, 1.29844064468537423e+00
 3.96500000000000000e+03, 1.29849528000529624e+00
 3.97500000000000000e+03, 1.29854878075216895e+00
 3.98500000000000000e+03, 1.29860117050936119e+00
 3.99500000000000000e+03, 1.29865247238817028e+00
 4.00500000000000000e+03, 1.29870270904183283e+00
 4.01500000000000000e+03, 1.29875190267953755e+00
 4.02500000000000000e+03, 1.29880007508043605e+00
 4.03500000000000000e+03, 1.29884724760765580e+00
 4.04500000000000000e+03, 1.29889344122231054e+00
 4.05500000000000000e+03, 1.29893867504178262e+00
 4.06500000000000000e+03, 1.29898296772621591e+00
 4.07500000000000000e+03, 1.29902634032840392e+00
 4.08500000000000000e+03, 1.29906881198225532e+00
 4.09500000000000000e+03, 1.29911040145105905e+00
 4.10500000000000000e+03, 1.29915112713971070e+00
 4.11500000000000000e+03, 1.29919100710694457e+00
 4.12500000000000000e+03, 1.29923005907756295e+00
 4.13500000000000000e+03, 1.29926830045466390e+00
 4.14500000000000000e+03, 1.29930574833187418e+00
 4.15500000000000000e+03, 1.29934241638005399e+00
 4.16500000000000000e+03, 1.29937832191121161e+00
 4.17500000000000000e+03, 1.29941348143504976e+00
 4.18500000000000000e+03, 1.29944791052795439e+00
 4.19500000000000000e+03, 1.29948162447567506e+00
 4.20500000000000000e+03, 1.29951463828363845e+00
 4.21500000000000000e+03, 1.29954696668725855e+00
 4.22500000000000000e+03, 1.29957862416225112e+00
 4.23500000000000000e+03, 1.29960962493494403e+00
 4.24500000000000000e+03, 1.29963998232863576e+00
 4.25500000000000000e+03, 1.29966970639663093e+00
 4.26500000000000000e+03, 1.29969881293676037e+00
 4.27500000000000000e+03, 1.29972731484504189e+00
 4.28500000000000000e+03, 1.29975522477200678e+00
 4.29500000000000000e+03, 1.29978255513078822e+00
 4.30500000000000000e+03, 1.29980931810520928e+00
 4.31500000000000000e+03, 1.29983552565787153e+00
 4.32500000000000000e+03, 1.29986118953824392e+00
 4.33500000000000000e+03, 1.29988632129075010e+00
 4.34500000000000000e+03, 1.29991093040373773e+00
 4.35500000000000000e+03, 1.29993502708326591e+00
 4.36500000000000000e+03, 1.29995862328155987e+00
 4.37500000000000000e+03, 1.29998172943636381e+00
 4.38500000000000000e+03, 1.30000435578151508e+00
 4.39500000000000000e+03, 1.30002651235323174e+00
 4.40500000000000000e+03, 1.30004820899639539e+00
 4.41500000000000000e+03, 1.30006945537083829e+00
 4.42500000000000000e+03, 1.30009026095762770e+00
 4.43500000000000000e+03, 1.30011063506535329e+00
 4.44500000000000000e+03, 1.30013058476160226e+00
 4.45500000000000000e+03, 1.30015011992463592e+00
 4.46500000000000000e+03, 1.30016924935550926e+00
 4.47500000000000000e+03, 1.30018798150170212e+00
 4.48500000000000000e+03, 1.30020632464513342e+00
 4.49500000000000000e+03, 1.30022428690733682e+00
 4.50500000000000000e+03, 1.30024187625464394e+00
 4.51500000000000000e+03, 1.30025910050336169e+00
 4.52500000000000000e+03, 1.30027596732495376e+00
 4.53500000000000000e+03, 1.30029248387854834e+00
 4.54500000000000000e+03, 1.30030865652224348e+00
 4.55500000000000000e+03, 1.30032449320103294e+00
 4.56500000000000000e+03, 1.30034000090844071e+00
 4.57500000000000000e+03, 1.30035518650270432e+00
 4.58500000000000000e+03, 1.30037005671119732e+00
 4.59500000000000000e+03, 1.30038461813484796e+00
 4.60500000000000000e+03, 1.30039887725256231e+00
 4.61500000000000000e+03, 1.30041284042564387e+00
 4.62500000000000000e+03, 1.30042651390221486e+00
 4.63500000000000000e+03, 1.30043990287362909e+00
 4.64500000000000000e+03, 1.30045301324065310e+00
 4.65500000000000000e+03, 1.30046585123537373e+00
 4.66500000000000000e+03, 1.30047842254171875e+00
 4.67500000000000000e+03, 1.30049073273598181e+00
 4.68500000000000000e+03, 1.30050278729049018e+00
 4.69500000000000000e+03, 1.30051459157726801e+00
 4.70500000000000000e+03, 1.30052615087170143e+00
 4.71500000000000000e+03, 1.30053747035620537e+00
 4.72500000000000000e+03, 1.30054855511888490e+00
 4.73500000000000000e+03, 1.30055940858453911e+00
 4.74500000000000000e+03, 1.30057003657737713e+00
 4.75500000000000000e+03, 1.30058044380024529e+00
 4.76500000000000000e+03, 1.30059063486540505e+00
 4.77500000000000000e+03, 1.30060061429744755e+00
 4.78500000000000000e+03, 1.30061038653621086e+00
 4.79500000000000000e+03, 1.30061995593969426e+00
 4.80500000000000000e+03, 1.30062932678697507e+00
 4.81500000000000000e+03, 1.30063850328112363e+00
 4.82500000000000000e+03, 1.30064748914157868e+00
 4.83500000000000000e+03, 1.30065628780017506e+00
 4.84500000000000000e+03, 1.30066490370186960e+00
 4.85500000000000000e+03, 1.30067334065600826e+00
 4.86500000000000000e+03, 1.30068160239767039e+00
 4.87500000000000000e+03, 1.30068969258999068e+00
 4.88500000000000000e+03, 1.30069761482648150e+00
 4.89500000000000000e+03, 1.30070537263335595e+00
 4.90500000000000000e+03, 1.30071296947184911e+00
 4.91500000000000000e+03, 1.30072040874054151e+00
 4.92500000000000000e+03, 1.30072769265453703e+00
 4.93500000000000000e+03, 1.30073482473437441e+00
 4.94500000000000000e+03, 1.30074180845363241e+00
 4.95500000000000000e+03, 1.30074864689707193e+00
 4.96500000000000000e+03, 1.30075534309479623e+00
 4.97500000000000000e+03, 1.30076190002473457e+00
 4.98500000000000000e+03, 1.30076832061513037e+00
 4.99500000000000000e+03, 1.30077460774702702e+00
 5.00500000000000000e+03, 1.30078076425675437e+00
 5.01500000000000000e+03, 1.30078679293841470e+00
 5.02500000000000000e+03, 1.30079269654636898e+00
 5.03500000000000000e+03, 1.30079847779772351e+00
 5.04500000000000000e+03, 1.30080413937481665e+00
 5.05500000000000000e+03, 1.30080968392770435e+00
 5.06500000000000000e+03, 1.30081511361549285e+00
 5.07500000000000000e+03, 1.30082042676771859e+00
 5.08500000000000000e+03, 1.30082562917526312e+00
 5.09500000000000000e+03, 1.30083072317342507e+00
 5.10500000000000000e+03, 1.30083571106309592e+00
 5.11500000000000000e+03, 1.30084059511289407e+00
 5.12500000000000000e+03, 1.30084537756129937e+00
 5.13500000000000000e+03, 1.30085006061879005e+00
 5.14500000000000000e+03, 1.30085464646997595e+00
 5.15500000000000000e+03, 1.30085913727573499e+00
 5.16500000000000000e+03, 1.30086353517534747e+00
 5.17500000000000000e+03, 1.30086784228863217e+00
 5.18500000000000000e+03, 1.30087206071808037e+00
 5.19500000000000000e+03, 1.30087619255099107e+00
 5.20500000000000000e+03, 1.30088023986160728e+00
 5.21500000000000000e+03, 1.30088420139069982e+00
 5.22500000000000000e+03, 1.30088807723755151e+00
 5.23500000000000000e+03, 1.30089187241069970e+00
 5.24500000000000000e+03, 1.30089558863833932e+00
 5.25500000000000000e+03, 1.30089922762343946e+00
 5.26500000000000000e+03, 1.30090279104518047e+00
 5.27500000000000000e+03, 1.30090628056039015e+00
 5.28500000000000000e+03, 1.30090969780497812e+00
 5.29500000000000000e+03, 1.30091304439537403e+00
 5.30500000000000000e+03, 1.30091632192996154e+00
 5.31500000000000000e+03, 1.30091953199051535e+00
 5.32500000000000000e+03, 1.30092267614363721e+00
 5.33500000000000000e+03, 1.30092575594219095e+00
 5.34500000000000000e+03, 1.30092877292673959e+00
 5.35500000000000000e+03, 1.30093172862698125e+00
 5.36500000000000000e+03, 1.30093461961407120e+00
 5.37500000000000000e+03, 1.30093744981022574e+00
 5.38500000000000000e+03, 1.30094022133269016e+00
 5.39500000000000000e+03, 1.30094293542562389e+00
 5.40500000000000000e+03, 1.30094559331104276e+00
 5.41500000000000000e+03, 1.30094819618967716e+00
 5.42500000000000000e+03, 1.30095074524183651e+00
 5.43500000000000000e+03, 1.30095324162826720e+00
 5.44500000000000000e+03, 1.30095568649101589e+00
 5.45500000000000000e+03, 1.30095808095428822e+00
 5.46500000000000000e+03, 1.30096042612531182e+00
 5.47500000000000000e+03, 1.30096272309519678e+00
 5.48500000000000000e+03, 1.30096497293979518e+00
 5.49500000000000000e+03, 1.30096717672056461e+00
 5.50500000000000000e+03, 1.30096933500967027e+00
 5.51500000000000000e+03, 1.30097144699961342e+00
 5.52500000000000000e+03, 1.30097351525647942e+00
 5.53500000000000000e+03, 1.30097554068560628e+00
 5.54500000000000000e+03, 1.30097752417432955e+00
 5.55500000000000000e+03, 1.30097946659259067e+00
 5.56500000000000000e+03, 1.30098136879354653e+00
 5.57500000000000000e+03, 1.30098323161417939e+00
 5.58500000000000000e+03, 1.30098505587590685e+00
 5.59500000000000000e+03, 1.30098684238519047e+00
 5.60500000000000000e+03, 1.30098859193414529e+00
 5.61500000000000000e+03, 1.30099030530115112e+00
 5.62500000000000000e+03, 1.30099198325145959e+00
 5.63500000000000000e+03, 1.30099362653780593e+00
 5.64500000000000000e+03, 1.30099523590101662e+00
 5.65500000000000000e+03, 1.30099681159419567e+00
 5.66500000000000000e+03, 1.30099835425567978e+00
 5.67500000000000000e+03, 1.30099986487676289e+00
 5.68500000000000000e+03, 1.30100134411965818e+00
 5.69500000000000000e+03, 1.30100279263502094e+00
 5.70500000000000000e+03, 1.30100421106247399e+00
 5.71500000000000000e+03, 1.30100560003113075e+00
 5.72500000000000000e+03, 1.30100696016012174e+00
 5.73500000000000000e+03, 1.30100829205911905e+00
 5.74500000000000000e+03, 1.30100959632886060e+00
 5.75500000000000000e+03, 1.30101087356167522e+00
 5.76500000000000000e+03, 1.30101212434200764e+00
 5.77500000000000000e+03, 1.30101334924694290e+00
 5.78500000000000000e+03, 1.30101454884673196e+00
 5.79500000000000000e+03, 1.30101572370531504e+00
 5.80500000000000000e+03, 1.30101687334175709e+00
 5.81500000000000000e+03, 1.30101799896369186e+00
 5.82500000000000000e+03, 1.30101910114114072e+00
 5.83500000000000000e+03, 1.30102018037009604e+00
 5.84500000000000000e+03, 1.30102123713942586e+00
 5.85500000000000000e+03, 1.30102227193129161e+00
 5.86500000000000000e+03, 1.30102328522156552e+00
 5.87500000000000000e+03, 1.30102427748024940e+00
 5.88500000000000000e+03, 1.30102524917189233e+00
 5.89500000000000000e+03, 1.30102620075600917e+00
 5.90500000000000000e+03, 1.30102713268749759e+00
 5.91500000000000000e+03, 1.30102804541705686e+00
 5.92500000000000000e+03, 1.30102893939160524e+00
 5.93500000000000000e+03, 1.30102981505469861e+00
 5.94500000000000000e+03, 1.30103067243670067e+00
 5.95500000000000000e+03, 1.30103151115100490e+00
 5.96500000000000000e+03, 1.30103233241720684e+00
 5.97500000000000000e+03, 1.30103313660762621e+00
 5.98500000000000000e+03, 1.30103392408875185e+00
 5.99500000000000000e+03, 1.30103469522151616e+00
 6.00500000000000000e+03, 1.30103545036156665e+00
 6.01500000000000000e+03, 1.30103618985954306e+00
 6.02500000000000000e+03, 1.30103691406134669e+00
 6.03500000000000000e+03, 1.30103762330841821e+00
 6.04500000000000000e+03, 1.30103831793800784e+00
 6.05500000000000000e+03, 1.30103899828345115e+00
 6.06500000000000000e+03, 1.30103966467444199e+00
 6.07500000000000000e+03, 1.30104031743730575e+00
 6.08500000000000000e+03, 1.30104095689527322e+00
 6.09500000000000000e+03, 1.30104158267070025e+00
 6.10500000000000000e+03, 1.30104219517036879e+00
 6.11500000000000000e+03, 1.30104279497579434e+00
 6.12500000000000000e+03, 1.30104338235445116e+00
 6.13500000000000000e+03, 1.30104395756874291e+00
 6.14500000000000000e+03, 1.30104452087617450e+00
 6.15500000000000000e+03, 1.30104507252951973e+00
 6.16500000000000000e+03, 1.30104561277698916e+00
 6.17500000000000000e+03, 1.30104614186240131e+00
 6.18500000000000000e+03, 1.30104666002535008e+00
 6.19500000000000000e+03, 1.30104716750137350e+00
 6.20500000000000000e+03, 1.30104766452212406e+00
 6.21500000000000000e+03, 1.30104815131553608e+00
 6.22500000000000000e+03, 1.30104862810599586e+00
 6.23500000000000000e+03, 1.30104909510439759e+00
 6.24500000000000000e+03, 1.30104955213156681e+00
 6.25500000000000000e+03, 1.30104999969090684e+00
 6.26500000000000000e+03, 1.30105043797777076e+00
 6.27500000000000000e+03, 1.30105086718357876e+00
 6.28500000000000000e+03, 1.30105128749594678e+00
 6.29500000000000000e+03, 1.30105169909881813e+00
 6.30500000000000000e+03, 1.30105210217259137e+00
 6.31500000000000000e+03, 1.30105249689425029e+00
 6.32500000000000000e+03, 1.30105288343749437e+00
 6.33500000000000000e+03, 1.30105326197286764e+00
 6.34500000000000000e+03, 1.30105363266788898e+00
 6.35500000000000000e+03, 1.30105399568718072e+00
 6.36500000000000000e+03, 1.30105435119260027e+00
 6.37500000000000000e+03, 1.30105469934336648e+00
 6.38500000000000000e+03, 1.30105504015849638e+00
 6.39500000000000000e+03, 1.30105537365872359e+00
 6.40500000000000000e+03, 1.30105570017621597e+00
 6.41500000000000000e+03, 1.30105601985261576e+00
 6.42500000000000000e+03, 1.30105633282739053e+00
 6.43500000000000000e+03, 1.30105663923797454e+00
 6.44500000000000000e+03, 1.30105693921991050e+00
 6.45500000000000000e+03, 1.30105723290699138e+00
 6.46500000000000000e+03, 1.30105752043140166e+00
 6.47500000000000000e+03, 1.30105780192386011e+00
 6.48500000000000000e+03, 1.30105807751375946e+00
 6.49500000000000000e+03, 1.30105834732931047e+00
 6.50500000000000000e+03, 1.30105861149768165e+00
 6.51500000000000000e+03, 1.30105887014514221e+00
 6.52500000000000000e+03, 1.30105912339720242e+00
 6.53500000000000000e+03, 1.30105937137875705e+00
 6.54500000000000000e+03, 1.30105961421422567e+00
 6.55500000000000000e+03, 1.30105985202769459e+00
 6.56500000000000000e+03, 1.30106008494305847e+00
 6.57500000000000000e+03, 1.30106031308416270e+00
 6.58500000000000000e+03, 1.30106053657494436e+00
 6.59500000000000000e+03, 1.30106075553957390e+00
 6.60500000000000000e+03, 1.30106097010259703e+00
 6.61500000000000000e+03, 1.30106118038907659e+00
 6.62500000000000000e+03, 1.30106138652473358e+00
 6.63500000000000000e+03, 1.30106158694774510e+00
 6.64500000000000000e+03, 1.30106178246899740e+00
 6.65500000000000000e+03, 1.30106197377451549e+00
 6.66500000000000000e+03, 1.30106216095701899e+00
 6.67500000000000000e+03, 1.30106234410909649e+00
 6.68500000000000000e+03, 1.30106252332332994e+00
 6.69500000000000000e+03, 1.30106269869241542e+00
 6.70500000000000000e+03, 1.30106287030928924e+00
 6.71500000000000000e+03, 1.30106303826724767e+00
 6.72500000000000000e+03, 1.30106320266007280e+00
 6.73500000000000000e+03, 1.30106336358215380e+00
 6.74500000000000000e+03, 1.30106352112860990e+00
 6.75500000000000000e+03, 1.30106367539541479e+00
 6.76500000000000000e+03, 1.30106382647951779e+00
 6.77500000000000000e+03, 1.30106397447896827e+00
 6.78500000000000000e+03, 1.30106411949303813e+00
 6.79500000000000000e+03, 1.30106426162234512e+00
 6.80500000000000000e+03, 1.30106440096897447e+00
 6.81500000000000000e+03, 1.30106453763660435e+00
 6.82500000000000000e+03, 1.30106467173062623e+00
 6.83500000000000000e+03, 1.30106480335826991e+00
 6.84500000000000000e+03, 1.30106493262872536e+00
 6.85500000000000000e+03, 1.30106505965326646e+00
 6.86500000000000000e+03, 1.30106518454537334e+00
 6.87500000000000000e+03, 1.30106530721195734e+00
 6.88500000000000000e+03, 1.30106542382245927e+00
 6.89500000000000000e+03, 1.30106553791739343e+00
 6.90500000000000000e+03, 1.30106564955843496e+00
 6.91500000000000000e+03, 1.30106575880732356e+00
 6.92500000000000000e+03, 1.30106586572593708e+00
 6.93500000000000000e+03, 1.30106597037636118e+00
 6.94500000000000000e+03, 1.30106607282096176e+00
 6.95500000000000000e+03, 1.30106617312245709e+00
 6.96500000000000000e+03, 1.30106627134398645e+00
 6.97500000000000000e+03, 1.30106636754918470e+00
 6.98500000000000000e+03, 1.30106646180225272e+00
 6.99500000000000000e+03, 1.30106655416802774e+00
 7.00500000000000000e+03, 1.30106664471205602e+00
 7.01500000000000000e+03, 1.30106673350066382e+00
 7.02500000000000000e+03, 1.30106682060102896e+00
 7.03500000000000000e+03, 1.30106690608125253e+00
 7.04500000000000000e+03, 1.30106699001042969e+00
 7.05500000000000000e+03, 1.30106707245872166e+00
 7.06500000000000000e+03, 1.30106715349742674e+00
 7.07500000000000000e+03, 1.30106723319905204e+00
 7.08500000000000000e+03, 1.30106731163738520e+00
 7.09500000000000000e+03, 1.30106738888756501e+00
 7.10500000000000000e+03, 1.30106746502615400e+00
 7.11500000000000000e+03, 1.30106754013120840e+00
 7.12500000000000000e+03, 1.30106761300782825e+00
 7.13500000000000000e+03, 1.30106768254995675e+00
 7.14500000000000000e+03, 1.30106775068963043e+00
 7.15500000000000000e+03, 1.30106781746096267e+00
 7.16500000000000000e+03, 1.30106788289766162e+00
 7.17500000000000000e+03, 1.30106794703305662e+00
 7.18500000000000000e+03, 1.30106800990012572e+00
 7.19500000000000000e+03, 1.30106807153152548e+00
 7.20500000000000000e+03, 1.30106813195961579e+00
 7.21500000000000000e+03, 1.30106819121648964e+00
 7.22500000000000000e+03, 1.30106824933400089e+00
 7.23500000000000000e+03, 1.30106830634379156e+00
 7.24500000000000000e+03, 1.30106836227731892e+00
 7.25500000000000000e+03, 1.30106841716588484e+00
 7.26500000000000000e+03, 1.30106847104066259e+00
 7.27500000000000000e+03, 1.30106852393272465e+00
 7.28500000000000000e+03, 1.30106857587307023e+00
 7.29500000000000000e+03, 1.30106862689265435e+00
 7.30500000000000000e+03, 1.30106867702241447e+00
 7.31500000000000000e+03, 1.30106872629329806e+00
 7.32500000000000000e+03, 1.30106877473629123e+00
 7.33500000000000000e+03, 1.30106882238244670e+00
 7.34500000000000000e+03, 1.30106886926290977e+00
 7.35500000000000000e+03, 1.30106891540894898e+00
 7.36500000000000000e+03, 1.30106896085198098e+00
 7.37500000000000000e+03, 1.30106900481044230e+00
 7.38500000000000000e+03, 1.30106904763213183e+00
 7.39500000000000000e+03, 1.30106908963660128e+00
 7.40500000000000000e+03, 1.30106913083902698e+00
 7.41500000000000000e+03, 1.30106917125411559e+00
 7.42500000000000000e+03, 1.30106921089611971e+00
 7.43500000000000000e+03, 1.30106924977884786e+00
 7.44500000000000000e+03, 1.30106928791568066e+00
 7.45500000000000000e+03, 1.30106932531958308e+00
 7.46500000000000000e+03, 1.30106936200311685e+00
 7.47500000000000000e+03, 1.30106939797845511e+00
 7.48500000000000000e+03, 1.30106943325739444e+00
 7.49500000000000000e+03, 1.30106946785136857e+00
 7.50500000000000000e+03, 1.30106950177146197e+00
 7.51500000000000000e+03, 1.30106953502842249e+00
 7.52500000000000000e+03, 1.30106956763267534e+00
 7.53500000000000000e+03, 1.30106959959433532e+00
 7.54500000000000000e+03, 1.30106963092322081e+00
 7.55500000000000000e+03, 1.30106966162886684e+00
 7.56500000000000000e+03, 1.30106969172053888e+00
 7.57500000000000000e+03, 1.30106972120724418e+00
 7.58500000000000000e+03, 1.30106975009774750e+00
 7.59500000000000000e+03, 1.30106977840058313e+00
 7.60500000000000000e+03, 1.30106980612406709e+00
 7.61500000000000000e+03, 1.30106983327937931e+00
 7.62500000000000000e+03, 1.30106985995106617e+00
 7.63500000000000000e+03, 1.30106988608112095e+00
 7.64500000000000000e+03, 1.30106991167829067e+00
 7.65500000000000000e+03, 1.30106993675122395e+00
 7.66500000000000000e+03, 1.30106996130848462e+00
 7.67500000000000000e+03, 1.30106998535856766e+00
 7.68500000000000000e+03, 1.30107000890991120e+00
 7.69500000000000000e+03, 1.30107003197091298e+00
 7.70500000000000000e+03, 1.30107005454994207e+00
 7.71500000000000000e+03, 1.30107007665535623e+00
 7.72500000000000000e+03, 1.30107009829551368e+00
 7.73500000000000000e+03, 1.30107011947878815e+00
 7.74500000000000000e+03, 1.30107014021358380e+00
 7.75500000000000000e+03, 1.30107016050834856e+00
 7.76500000000000000e+03, 1.30107018037158872e+00
 7.77500000000000000e+03, 1.30107019981188343e+00
 7.78500000000000000e+03, 1.30107021883789820e+00
 7.79500000000000000e+03, 1.30107023745840045e+00
 7.80500000000000000e+03, 1.30107025568227286e+00
 7.81500000000000000e+03, 1.30107027351852755e+00
 7.82500000000000000e+03, 1.30107029097632054e+00
 7.83500000000000000e+03, 1.30107030806496637e+00
 7.84500000000000000e+03, 1.30107032479395190e+00
 7.85500000000000000e+03, 1.30107034117295095e+00
 7.86500000000000000e+03, 1.30107035694617323e+00
 7.87500000000000000e+03, 1.30107037186744567e+00
 7.88500000000000000e+03, 1.30107038636362571e+00
 7.89500000000000000e+03, 1.30107040043966427e+00
 7.90500000000000000e+03, 1.30107041410071789e+00
 7.91500000000000000e+03, 1.30107042735216583e+00
 7.92500000000000000e+03, 1.30107044019963025e+00
 7.93500000000000000e+03, 1.30107045264899401e+00
 7.94500000000000000e+03, 1.30107046470641863e+00
 7.95500000000000000e+03, 1.30107047637836271e+00
 7.96500000000000000e+03, 1.30107048767160172e+00
 7.97500000000000000e+03, 1.30107049859324442e+00
 7.98500000000000000e+03, 1.30107050915075351e+00
 7.99500000000000000e+03, 1.30107051935196183e+00
 8.00500000000000000e+03, 1.30107052920509281e+00
 8.01500000000000000e+03, 1.30107053871877709e+00
 8.02500000000000000e+03, 1.30107054790207255e+00
 8.03500000000000000e+03, 1.30107055676448224e+00
 8.04500000000000000e+03, 1.30107056531597198e+00
 8.05500000000000000e+03, 1.30107057356699007e+00
 8.06500000000000000e+03, 1.30107058152848465e+00
 8.07500000000000000e+03, 1.30107058921192320e+00
 8.08500000000000000e+03, 1.30107059662931035e+00
 8.09500000000000000e+03, 1.30107060379320560e+00
 8.10500000000000000e+03, 1.30107061071674357e+00
 8.11500000000000000e+03, 1.30107061741365126e+00
 8.12500000000000000e+03, 1.30107062389826633e+00
 8.13500000000000000e+03, 1.30107063018555635e+00
 8.14500000000000000e+03, 1.30107063629113595e+00
 8.15500000000000000e+03, 1.30107064223128721e+00
 8.16500000000000000e+03, 1.30107064802297612e+00
 8.17500000000000000e+03, 1.30107065368387231e+00
 8.18500000000000000e+03, 1.30107065923236731e+00
 8.19500000000000000e+03, 1.30107066468759203e+00
 8.20500000000000000e+03, 1.30107067006943677e+00
 8.21500000000000000e+03, 1.30107067539856813e+00
 8.22500000000000000e+03, 1.30107068069644893e+00
 8.23500000000000000e+03, 1.30107068598535491e+00
 8.24500000000000000e+03, 1.30107069128839536e+00
 8.25500000000000000e+03, 1.30107069662952890e+00
 8.26500000000000000e+03, 1.30107070203358499e+00
 8.27500000000000000e+03, 1.30107070752627951e+00
 8.28500000000000000e+03, 1.30107071313423495e+00
 8.29500000000000000e+03, 1.30107071888499815e+00
 8.30500000000000000e+03, 1.30107072480705943e+00
 8.31500000000000000e+03, 1.30107073092986991e+00
 8.32500000000000000e+03, 1.30107073728386125e+00
 8.33500000000000000e+03, 1.30107074390046296e+00
 8.34500000000000000e+03, 1.30107075081212153e+00
 8.35500000000000000e+03, 1.30107075805231887e+00
 8.36500000000000000e+03, 1.30107075874947942e+00
 8.37500000000000000e+03, 1.30107075860539689e+00
 8.38500000000000000e+03, 1.30107075819455109e+00
 8.39500000000000000e+03, 1.30107075752479684e+00
 8.40500000000000000e+03, 1.30107075660452098e+00
 8.41500000000000000e+03, 1.30107075544265660e+00
 8.42500000000000000e+03, 1.30107075404870076e+00
 8.43500000000000000e+03, 1.30107075243272852e+00
 8.44500000000000000e+03, 1.30107075060541000e+00
 8.45500000000000000e+03, 1.30107074857802663e+00
 8.46500000000000000e+03, 1.30107074636248532e+00
 8.47500000000000000e+03, 1.30107074397133693e+00
 8.48500000000000000e+03, 1.30107074141778933e+00
 8.49500000000000000e+03, 1.30107073871572587e+00
 8.50500000000000000e+03, 1.30107073587972066e+00
 8.51500000000000000e+03, 1.30107073292505304e+00
 8.52500000000000000e+03, 1.30107072986772487e+00
 8.53500000000000000e+03, 1.30107072672447655e+00
 8.54500000000000000e+03, 1.30107072351280229e+00
 8.55500000000000000e+03, 1.30107072025096637e+00
 8.56500000000000000e+03, 1.30107071695801890e+00
 8.57500000000000000e+03, 1.30107071365381177e+00
 8.58500000000000000e+03, 1.30107071035901534e+00
 8.59500000000000000e+03, 1.30107070709513262e+00
 8.60500000000000000e+03, 1.30107070388451707e+00
 8.61500000000000000e+03, 1.30107070075038722e+00
 8.62500000000000000e+03, 1.30107069771684380e+00
 8.63500000000000000e+03, 1.30107069480888393e+00
 8.64500000000000000e+03, 1.30107069205241910e+00
 8.65500000000000000e+03, 1.30107068947428939e+00
 8.66500000000000000e+03, 1.30107068710228058e+00
 8.67500000000000000e+03, 1.30107068496513922e+00
 8.68500000000000000e+03, 1.30107068309258889e+00
 8.69500000000000000e+03, 1.30107068151534677e+00
 8.70500000000000000e+03, 1.30107068026513795e+00
 8.71500000000000000e+03, 1.30107067937471310e+00
 8.72500000000000000e+03, 1.30107067887786387e+00
 8.73500000000000000e+03, 1.30107067880943772e+00
 8.74500000000000000e+03, 1.30107067920535546e+00
 8.75500000000000000e+03, 1.30107068010262639e+00
 8.76500000000000000e+03, 1.30107068153936378e+00
 8.77500000000000000e+03, 1.30107068355480204e+00
 8.78500000000000000e+03, 1.30107068618931132e+00
 8.79500000000000000e+03, 1.30107068948441440e+00
 8.80500000000000000e+03, 1.30107069348280202e+00
 8.81500000000000000e+03, 1.30107069822834931e+00
 8.82500000000000000e+03, 1.30107070376613132e+00
 8.83500000000000000e+03, 1.30107071014243880e+00
 8.84500000000000000e+03, 1.30107071740479463e+00
 8.85500000000000000e+03, 1.30107071982650324e+00
 8.86500000000000000e+03, 1.30107071600443414e+00
 8.87500000000000000e+03, 1.30107071213652881e+00
 8.88500000000000000e+03, 1.30107070823005877e+00
 8.89500000000000000e+03, 1.30107070429259353e+00
 8.90500000000000000e+03, 1.30107070033200545e+00
 8.91500000000000000e+03, 1.30107069635647754e+00
 8.92500000000000000e+03, 1.30107069237450901e+00
 8.93500000000000000e+03, 1.30107068839492324e+00
 8.94500000000000000e+03, 1.30107068442687224e+00
 8.95500000000000000e+03, 1.30107068047984464e+00
 8.96500000000000000e+03, 1.30107067656367104e+00
 8.97500000000000000e+03, 1.30107067268853216e+00
 8.98500000000000000e+03, 1.30107066886496292e+00
 8.99500000000000000e+03, 1.30107066510386082e+00
 9.00500000000000000e+03, 1.30107066141649219e+00
 9.01500000000000000e+03, 1.30107065781449771e+00
 9.02500000000000000e+03, 1.30107065430989888e+00
 9.03500000000000000e+03, 1.30107065091510621e+00
 9.04500000000000000e+03, 1.30107064764292346e+00
 9.05500000000000000e+03, 1.30107064450655585e+00
 9.06500000000000000e+03, 1.30107064151961560e+00
 9.07500000000000000e+03, 1.30107063869612860e+00
 9.08500000000000000e+03, 1.30107063605054019e+00
 9.09500000000000000e+03, 1.30107063359772357e+00
 9.10500000000000000e+03, 1.30107063135298429e+00
 9.11500000000000000e+03, 1.30107062933206707e+00
 9.12500000000000000e+03, 1.30107062755116387e+00
 9.13500000000000000e+03, 1.30107062602691759e+00
 9.14500000000000000e+03, 1.30107062477643121e+00
 9.15500000000000000e+03, 1.30107062381727268e+00
 9.16500000000000000e+03, 1.30107062316748179e+00
 9.17500000000000000e+03, 1.30107062284557684e+00
 9.18500000000000000e+03, 1.30107062287056086e+00
 9.19500000000000000e+03, 1.30107062326192802e+00
 9.20500000000000000e+03, 1.30107062403967011e+00
 9.21500000000000000e+03, 1.30107062522428385e+00
 9.22500000000000000e+03, 1.30107062683677555e+00
 9.23500000000000000e+03, 1.30107062889866931e+00
 9.24500000000000000e+03, 1.30107063143201329e+00
 9.25500000000000000e+03, 1.30107063445938409e+00
 9.26500000000000000e+03, 1.30107063800389677e+00
 9.27500000000000000e+03, 1.30107064208920797e+00
 9.28500000000000000e+03, 1.30107064673952455e+00
 9.29500000000000000e+03, 1.30107065197960914e+00
 9.30500000000000000e+03, 1.30107065783478615e+00
 9.31500000000000000e+03, 1.30107066433095020e+00
 9.32500000000000000e+03, 1.30107067149456967e+00
 9.33500000000000000e+03, 1.30107067935269560e+00
 9.34500000000000000e+03, 1.30107068775164691e+00
 9.35500000000000000e+03, 1.30107068892197275e+00
 9.36500000000000000e+03, 1.30107069018435251e+00
 9.37500000000000000e+03, 1.30107069153928467e+00
 9.38500000000000000e+03, 1.30107069298722378e+00
 9.39500000000000000e+03, 1.30107069452857860e+00
 9.40500000000000000e+03, 1.30107069616371285e+00
 9.41500000000000000e+03, 1.30107069789294494e+00
 9.42500000000000000e+03, 1.30107069971654776e+00
 9.43500000000000000e+03, 1.30107070163474869e+00
 9.44500000000000000e+03, 1.30107070364773025e+00
 9.45500000000000000e+03, 1.30107070575562855e+00
 9.46500000000000000e+03, 1.30107070795853441e+00
 9.47500000000000000e+03, 1.30107071025649335e+00
 9.48500000000000000e+03, 1.30107071264950447e+00
 9.49500000000000000e+03, 1.30107071513752159e+00
 9.50500000000000000e+03, 1.30107071772045191e+00
 9.51500000000000000e+03, 1.30107072039815796e+00
 9.52500000000000000e+03, 1.30107072317045458e+00
 9.53500000000000000e+03, 1.30107072603711171e+00
 9.54500000000000000e+03, 1.30107072899785270e+00
 9.55500000000000000e+03, 1.30107073205235446e+00
 9.56500000000000000e+03, 1.30107073520024863e+00
 9.57500000000000000e+03, 1.30107073844111931e+00
 9.58500000000000000e+03, 1.30107074177450421e+00
 9.59500000000000000e+03, 1.30107074519989574e+00
 9.60500000000000000e+03, 1.30107074871673833e+00
 9.61500000000000000e+03, 1.30107075232443048e+00
 9.62500000000000000e+03, 1.30107075602232425e+00
 9.63500000000000000e+03, 1.30107075980972464e+00
 9.64500000000000000e+03, 1.30107076368588936e+00
 9.65500000000000000e+03, 1.30107076765002994e+00
 9.66500000000000000e+03, 1.30107077170131058e+00
 9.67500000000000000e+03, 1.30107077583884889e+00
 9.68500000000000000e+03, 1.30107078006171473e+00
 9.69500000000000000e+03, 1.30107078436893131e+00
 9.70500000000000000e+03, 1.30107078875947413e+00
 9.71500000000000000e+03, 1.30107079323227226e+00
 9.72500000000000000e+03, 1.30107079778620638e+00
 9.73500000000000000e+03, 1.30107080242011053e+00
 9.74500000000000000e+03, 1.30107080713277101e+00
 9.75500000000000000e+03, 1.30107081192292640e+00
 9.76500000000000000e+03, 1.30107081678926795e+00
 9.77500000000000000e+03, 1.30107082173043875e+00
 9.78500000000000000e+03, 1.30107082674503483e+00
 9.79500000000000000e+03, 1.30107083183160399e+00
 9.80500000000000000e+03, 1.30107083698864612e+00
 9.81500000000000000e+03, 1.30107084221461311e+00
 9.82500000000000000e+03, 1.30107084750790913e+00
 9.83500000000000000e+03, 1.30107085286688995e+00
 9.84500000000000000e+03, 1.30107085824215485e+00
 9.85500000000000000e+03, 1.30107086364110036e+00
 9.86500000000000000e+03, 1.30107086909643188e+00
 9.87500000000000000e+03, 1.30107087460631798e+00
 9.88500000000000000e+03, 1.30107088016888284e+00
 9.89500000000000000e+03, 1.30107088578220709e+00
 9.90500000000000000e+03, 1.30107089144432631e+00
 9.91500000000000000e+03, 1.30107089715323321e+00
 9.92500000000000000e+03, 1.30107090290687544e+00
 9.93500000000000000e+03, 1.30107090870315689e+00
 9.94500000000000000e+03, 1.30107091453993751e+00
 9.95500000000000000e+03, 1.30107092041503303e+00
 9.96500000000000000e+03, 1.30107092632621502e+00
 9.97500000000000000e+03, 1.30107093227121084e+00
 9.98500000000000000e+03, 1.30107093824770415e+00
 9.99500000000000000e+03, 1.30107094425333414e+00
 1.00050000000000000e+04, 1.30107095028569630e+00
 1.00150000000000000e+04, 1.30107095634234149e+00
 1.00250000000000000e+04, 1.30107096242077702e+00
 1.00350000000000000e+04, 1.30107096851846560e+00
 1.00450000000000000e+04, 1.30107097463282662e+00
 1.00550000000000000e+04, 1.30107098076123417e+00
 1.00650000000000000e+04, 1.30107098690101952e+00
 1.00750000000000000e+04, 1.30107099304946927e+00
 1.00850000000000000e+04, 1.30107099920382518e+00
 1.00950000000000000e+04, 1.30107100536128684e+00
 1.01050000000000000e+04, 1.30107101151900739e+00
 1.01150000000000000e+04, 1.30107101767409783e+00
 1.01250000000000000e+04, 1.30107102382362405e+00
 1.01350000000000000e+04, 1.30107102996460822e+00
 1.01450000000000000e+04, 1.30107103609402808e+00
 1.01550000000000000e+04, 1.30107104220881786e+00
 1.01650000000000000e+04, 1.30107104830586695e+00
 1.01750000000000000e+04, 1.30107105438202098e+00
 1.01850000000000000e+04, 1.30107106043408205e+00
 1.01950000000000000e+04, 1.30107106645880721e+00
 1.02050000000000000e+04, 1.30107107245290998e+00
 1.02150000000000000e+04, 1.30107107841305969e+00
 1.02250000000000000e+04, 1.30107108433588148e+00
 1.02350000000000000e+04, 1.30107109021795675e+00
 1.02450000000000000e+04, 1.30107109605582205e+00
 1.02550000000000000e+04, 1.30107110184597063e+00
 1.02650000000000000e+04, 1.30107110758485134e+00
 1.02750000000000000e+04, 1.30107111326886882e+00
 1.02850000000000000e+04, 1.30107111889438376e+00
 1.02950000000000000e+04, 1.30107112445771267e+00
 1.03050000000000000e+04, 1.30107112995512830e+00
 1.03150000000000000e+04, 1.30107113538285879e+00
 1.03250000000000000e+04, 1.30107114073708807e+00
 1.03350000000000000e+04, 1.30107114601395724e+00
 1.03450000000000000e+04, 1.30107115120956163e+00
 1.03550000000000000e+04, 1.30107115631995374e+00
 1.03650000000000000e+04, 1.30107116134114098e+00
 1.03750000000000000e+04, 1.30107116626908748e+00
 1.03850000000000000e+04, 1.30107117109971315e+00
 1.03950000000000000e+04, 1.30107117582889331e+00
 1.04050000000000000e+04, 1.30107118045245951e+00
 1.04150000000000000e+04, 1.30107118496619956e+00
 1.04250000000000000e+04, 1.30107118936585642e+00
 1.04350000000000000e+04, 1.30107119364712953e+00
 1.04450000000000000e+04, 1.30107119780567415e+00
 1.04550000000000000e+04, 1.30107120183710112e+00
 1.04650000000000000e+04, 1.30107120573697776e+00
 1.04750000000000000e+04, 1.30107120950082655e+00
 1.04850000000000000e+04, 1.30107121312412666e+00
 1.04950000000000000e+04, 1.30107121660231284e+00
 1.05050000000000000e+04, 1.30107121993077546e+00
 1.05150000000000000e+04, 1.30107122310486112e+00
 1.05250000000000000e+04, 1.30107122611987225e+00
 1.05350000000000000e+04, 1.30107122897106708e+00
 1.05450000000000000e+04, 1.30107123165366012e+00
 1.05550000000000000e+04, 1.30107123416282144e+00
 1.05650000000000000e+04, 1.30107123649367695e+00
 1.05750000000000000e+04, 1.30107123864130880e+00
 1.05850000000000000e+04, 1.30107124060075496e+00
 1.05950000000000000e+04, 1.30107124236700877e+00
 1.06050000000000000e+04, 1.30107124393502049e+00
 1.06150000000000000e+04, 1.30107124529969531e+00
 1.06250000000000000e+04, 1.30107124645589489e+00
 1.06350000000000000e+04, 1.30107124739843671e+00
 1.06450000000000000e+04, 1.30107124812209385e+00
 1.06550000000000000e+04, 1.30107124862159584e+00
 1.06650000000000000e+04, 1.30107124889162784e+00
 1.06750000000000000e+04, 1.30107124892683057e+00
 1.06850000000000000e+04, 1.30107124872180102e+00
 1.06950000000000000e+04, 1.30107124827109244e+00
 1.07050000000000000e+04, 1.30107124756921322e+00
 1.07150000000000000e+04, 1.30107124661062845e+00
 1.07250000000000000e+04, 1.30107124538975794e+00
 1.07350000000000000e+04, 1.30107124390097906e+00
 1.07450000000000000e+04, 1.30107124213862368e+00
 1.07550000000000000e+04, 1.30107124009698016e+00
 1.07650000000000000e+04, 1.30107123777029288e+00
 1.07750000000000000e+04, 1.30107123857897666e+00
 1.07850000000000000e+04, 1.30107124167394117e+00
 1.07950000000000000e+04, 1.30107124472427471e+00
 1.08050000000000000e+04, 1.30107124772918326e+00
 1.08150000000000000e+04, 1.30107125068787166e+00
 1.08250000000000000e+04, 1.30107125359954190e+00
 1.08350000000000000e+04, 1.30107125646339283e+00
 1.08450000000000000e+04, 1.30107125927862244e+00
 1.08550000000000000e+04, 1.30107126204442469e+00
 1.08650000000000000e+04, 1.30107126475999202e+00
 1.08750000000000000e+04, 1.30107126742451484e+00
 1.08850000000000000e+04, 1.30107127003718026e+00
 1.08950000000000000e+04, 1.30107127259717359e+00
 1.09050000000000000e+04, 1.30107127510367748e+00
 1.09150000000000000e+04, 1.30107127755587237e+00
 1.09250000000000000e+04, 1.30107127995293625e+00
 1.09350000000000000e+04, 1.30107128229404445e+00
