,drug_conc_ikr,drug_conc_ikr,drug_conc_ikr,drug_conc_ikr,drug_conc_ikr,drug_conc_ikr,drug_conc_ikr,drug_conc_ikr,drug_conc_ikr,drug_conc_ikr,drug_conc_ikr,drug_conc_ikr,drug_conc_ikr,drug_conc_ikr,drug_conc_ikr,drug_conc_ikr,drug_conc_ikr,drug_conc_ikr,drug_conc_ikr,drug_conc_ikr,drug_conc_ikr,Hill_curve,Hill_curve,param_values,param_values,param_values,param_values,param_values,drug_conc_AP,drug_conc_AP,drug_conc_AP,drug_conc_AP,drug_conc_AP,drug_conc_AP,drug_conc_AP,drug_conc_AP,drug_conc_AP,drug_conc_AP,drug_conc_AP,drug_conc_AP,drug_conc_AP,drug_conc_AP,drug_conc_AP,drug_conc_AP,drug_conc_AP,drug_conc_AP,drug_conc_AP,drug_conc_AP,APD_trapping,APD_trapping,APD_trapping,APD_trapping,APD_trapping,APD_trapping,APD_trapping,APD_trapping,APD_trapping,APD_trapping,APD_trapping,APD_trapping,APD_trapping,APD_trapping,APD_trapping,APD_trapping,APD_trapping,APD_trapping,APD_trapping,APD_trapping,APD_conductance,APD_conductance,APD_conductance,APD_conductance,APD_conductance,APD_conductance,APD_conductance,APD_conductance,APD_conductance,APD_conductance,APD_conductance,APD_conductance,APD_conductance,APD_conductance,APD_conductance,APD_conductance,APD_conductance,APD_conductance,APD_conductance,APD_conductance,RMSE,ME,peak_current,peak_current,peak_current,peak_current,peak_current,peak_current,peak_current,peak_current,peak_current,peak_current,peak_current,peak_current,peak_current,peak_current,peak_current,peak_current,peak_current,peak_current,peak_current,peak_current,peak_current
,conc_0,conc_1,conc_2,conc_3,conc_4,conc_5,conc_6,conc_7,conc_8,conc_9,conc_10,conc_11,conc_12,conc_13,conc_14,conc_15,conc_16,conc_17,conc_18,conc_19,conc_20,Hill_coef,IC50,Kmax,Ku,halfmax,n,Vhalf,conc_0,conc_1,conc_2,conc_3,conc_4,conc_5,conc_6,conc_7,conc_8,conc_9,conc_10,conc_11,conc_12,conc_13,conc_14,conc_15,conc_16,conc_17,conc_18,conc_19,conc_0,conc_1,conc_2,conc_3,conc_4,conc_5,conc_6,conc_7,conc_8,conc_9,conc_10,conc_11,conc_12,conc_13,conc_14,conc_15,conc_16,conc_17,conc_18,conc_19,conc_0,conc_1,conc_2,conc_3,conc_4,conc_5,conc_6,conc_7,conc_8,conc_9,conc_10,conc_11,conc_12,conc_13,conc_14,conc_15,conc_16,conc_17,conc_18,conc_19,RMSE,ME,conc_0,conc_1,conc_2,conc_3,conc_4,conc_5,conc_6,conc_7,conc_8,conc_9,conc_10,conc_11,conc_12,conc_13,conc_14,conc_15,conc_16,conc_17,conc_18,conc_19,conc_20
verapamil,0.0,6.132580661219738e-13,1.939292282415581e-12,6.132580661219739e-12,1.9392922824155807e-11,6.13258066121974e-11,1.9392922824155808e-10,6.132580661219737e-10,1.939292282415581e-09,6.132580661219739e-09,1.939292282415581e-08,6.13258066121974e-08,1.9392922824155815e-07,6.132580661219742e-07,1.939292282415582e-06,6.132580661219743e-06,1.9392922824155823e-05,6.132580661219743e-05,0.0001939292282415,0.0006132580661219,0.0019392922824155,0.5594383503056208,0.000623573453109,46460.0,0.0007927,9184000.0,0.65,-100.0,6.132580661219741e-13,1.9392922824155817e-12,6.132580661219741e-12,1.9392922824155817e-11,6.132580661219741e-11,1.9392922824155816e-10,6.13258066121974e-10,1.939292282415581e-09,6.132580661219741e-09,1.9392922824155817e-08,6.132580661219743e-08,1.9392922824155815e-07,6.132580661219741e-07,1.939292282415581e-06,6.132580661219741e-06,1.9392922824155816e-05,6.132580661219742e-05,0.0001939292282415,0.0006132580661219,0.0019392922824155,236.0664426152504,236.0974853382369,236.1633732354781,236.3019793710235,236.5953792277071,237.21571327566016,238.5273893643944,241.30168694700507,247.1708296501644,259.5606444619972,285.373825199654,337.0768368138068,443.82204089761547,665.4258516003554,978.275790498286,,,,,,236.07518827270985,236.1082523174748,236.1714304993182,236.2913999706232,236.5199889956603,236.9543958640138,237.77891737828784,239.3392650938665,242.276433609315,247.74850462135987,257.7510147454944,275.4230716948227,304.9684997814601,353.0760991697453,428.1424647984532,532.1791514053017,848.8709256320703,,,,168.170850345722,74.02335611226866,1.0,0.999839666025207,0.9996705226816534,0.9993254429455052,0.9986240908608188,0.9972076522060128,0.9943696988489422,0.988749341991178,0.9778223373451962,0.9572119252676604,0.920263822122476,0.8591641993326034,0.7686334965751495,0.6493980042312102,0.5080939014307809,0.3578862281091096,0.2188314622859152,0.111165319054905,0.0448719701164029,0.0129387539407336,0.0
verapamil,0.0,2.120271358626931e-12,6.704886750880802e-12,2.120271358626931e-11,6.704886750880801e-11,2.1202713586269308e-10,6.704886750880802e-10,2.120271358626931e-09,6.704886750880802e-09,2.120271358626931e-08,6.704886750880802e-08,2.1202713586269317e-07,6.704886750880803e-07,2.120271358626932e-06,6.704886750880804e-06,2.120271358626932e-05,6.704886750880805e-05,0.0002120271358626,0.000670488675088,0.0021202713586269,0.0067048867508808,0.5853305379528898,0.0006612784519149,46460.0,0.0007927,9184000.0,0.6844210526315789,-100.0,2.120271358626928e-12,6.7048867508807925e-12,2.1202713586269278e-11,6.704886750880792e-11,2.120271358626928e-10,6.70488675088079e-10,2.1202713586269278e-09,6.7048867508807925e-09,2.120271358626928e-08,6.704886750880794e-08,2.120271358626928e-07,6.704886750880792e-07,2.120271358626928e-06,6.704886750880792e-06,2.120271358626928e-05,6.704886750880793e-05,0.0002120271358626,0.000670488675088,0.0021202713586269,0.0067048867508808,236.06341653995185,236.0929749261025,236.1583666604348,236.3019793710235,236.61789915336053,237.313054931259,238.8417557725869,242.20675663576344,249.6122523834781,265.84406449469304,300.61484223697806,374.3997616793454,518.057026539766,868.4131949804209,,,,,,,236.0731669125637,236.10620331877223,236.17130053084577,236.2988206433526,236.54899191429172,237.0388323213368,237.996217114114,239.8605657272238,243.4671723995568,250.3514555944145,263.16737982507306,285.9766902924645,323.9620335159807,387.87062257509456,482.65866985212426,600.3338828444084,889.5823752520536,,,,140.9404801135496,58.974849544291374,1.0,0.9998576252379056,0.9996959371939108,0.9993532945572324,0.9986300552485478,0.9971140442579582,0.9939646098378424,0.987509835296708,0.974566076582576,0.9495593830308798,0.9042320238525569,0.8298837937393196,0.7225716210520483,0.585980981862334,0.430981318522121,0.2772615315244701,0.1495087728680559,0.065264529832991,0.0230294002811024,0.0060726605389409,0.0
verapamil,0.0,2.0584710478081895e-11,6.509457008587235e-11,2.05847104780819e-10,6.509457008587236e-10,2.0584710478081903e-09,6.5094570085872356e-09,2.05847104780819e-08,6.509457008587236e-08,2.058471047808191e-07,6.509457008587237e-07,2.0584710478081905e-06,6.509457008587237e-06,2.0584710478081903e-05,6.509457008587237e-05,0.0002058471047808,0.0006509457008587,0.0020584710478081,0.0065094570085872,,,0.6156976050664438,0.0006522589573403,46460.0,0.0007927,9184000.0,0.718842105263158,-100.0,2.058471047808192e-11,5.7665117875096e-11,1.6154056784473004e-10,4.5253276193973913e-10,1.267705712323882e-09,3.5512959684289367e-09,9.948446972176693e-09,2.78691491889356e-08,7.807142950928477e-08,2.1870592691229535e-07,6.126733270700244e-07,1.7163165671938196e-06,4.808015019866032e-06,1.3468965383847427e-05,3.773137724439453e-05,0.0001056990487529,0.0002961007448763,0.0008294838236552,0.0023236801177017,0.0065094570085872,236.0888406358736,236.14401921914776,236.25982174796104,236.5026044393489,237.01197265947167,238.0807094244445,240.3225312693487,245.02856276213328,254.8966231275792,275.42359221463505,316.77600756048986,401.7098528373708,548.7885581063542,883.152521026177,,,,,,,236.10116019233584,236.1567385732216,236.2612926575125,236.458248605505,236.82924823786345,237.52678925862187,238.83566193399105,241.27957711155432,245.8052176619263,254.05680984039304,268.6889896891772,293.4461611400285,332.983779500471,397.5140004186598,489.63785829922,600.7318741972919,882.691167014391,,,,145.65263584731912,63.87446730064816,1.0,0.9997180406998476,0.9993766851098638,0.9986287494815534,0.9970014603345894,0.9934967885170404,0.9860648470564816,0.9707070801367436,0.9403847125479702,0.8850670401694297,0.7956361554689756,0.6703823655593064,0.5166804366528894,0.351342578926769,0.2011667697635347,0.0921883063943337,0.0329137550444119,0.0085291739017213,0.0,,
verapamil,0.0,5.703956987140199e-11,1.8037495754994788e-10,5.703956987140197e-10,1.8037495754994787e-09,5.703956987140199e-09,1.8037495754994788e-08,5.7039569871402e-08,1.803749575499479e-07,5.7039569871402e-07,1.8037495754994792e-06,5.703956987140201e-06,1.8037495754994792e-05,5.703956987140201e-05,0.0001803749575499,0.000570395698714,0.0018037495754994,0.0057039569871402,0.0180374957549947,,,0.6428837662086964,0.0006737547433502,46460.0,0.0007927,9184000.0,0.7532631578947369,-100.0,5.7039569871401896e-11,1.5978818471512707e-10,4.476237116114151e-10,1.2539537109955708e-09,3.512771706527842e-09,9.840526770629862e-09,2.756682620266245e-08,7.722451496762262e-08,2.1633341713485293e-07,6.060270807639746e-07,1.697698060167774e-06,4.755857939325199e-06,1.3322854793629946e-05,3.732206935460602e-05,0.0001045524313284,0.0002928886604017,0.0008204856290949,0.0022984729645316,0.0064388427796234,0.0180374957549947,236.08496915660805,236.1396167461576,236.25807849165147,236.5155135337353,237.0749648866416,238.29098736042585,240.93485221054345,246.6850675053156,259.16577518813176,285.8886160128916,340.82169611543713,456.5098822627695,845.3984119160757,,,,,,,,236.09832050168512,236.1545513582001,236.26360291570012,236.47453079524217,236.8831202833876,237.6727953737953,239.1952571583115,242.1137980010964,247.6503167556684,257.9461586235753,276.4150263663139,307.64595158319463,359.4672720243023,439.8279826226742,549.8399866148363,851.9202597126393,,,,,142.33640870590915,57.36828689583937,1.0,0.9997392416157976,0.9994011821619444,0.9986317763321952,0.9968946874238878,0.9930161315148338,0.9845085810972212,0.9664099816660856,0.9299827451855416,0.8634342590929354,0.7579976577207549,0.6150658386680058,0.4467137585566107,0.2773664054685701,0.1394431253060322,0.054760458434261,0.0172472188329562,0.0041149340602512,0.0,,
verapamil,0.0,1.4458477697607708e-10,4.5721721023187597e-10,1.4458477697607702e-09,4.572172102318761e-09,1.4458477697607709e-08,4.57217210231876e-08,1.445847769760771e-07,4.572172102318761e-07,1.445847769760771e-06,4.572172102318761e-06,1.4458477697607714e-05,4.572172102318762e-05,0.000144584776976,0.0004572172102318,0.0014458477697607,0.0045721721023187,0.0144584776976077,,,,0.673325155188749,0.0006642165281101,46460.0,0.0007927,9184000.0,0.7876842105263158,-100.0,1.4458477697607708e-10,3.8121958215670165e-10,1.005142953907078e-09,2.6502110727715924e-09,6.9876814068483594e-09,1.8424076461408123e-08,4.8577857760248616e-08,1.2808285232195512e-07,3.377097676866304e-07,8.904227624809735e-07,2.3477339769454294e-06,6.190154900292971e-06,1.6321277481137577e-05,4.30335109390689e-05,0.000113464345293,0.0002991658679906,0.000788795954707,0.0020797795628933,0.0054836526536637,0.0144584776976077,236.08150587956047,236.13068609417263,236.23640875158304,236.4631176693668,236.95016481228785,237.99534261113263,240.24013876898664,245.06260195819613,255.41160625289768,277.42001582277896,322.58092204580663,417.363287348778,575.9441003289049,926.3841306784244,,,,,,,236.09377854060085,236.14498879157173,236.2427892944699,236.4307859269253,236.7911700848044,237.4819581028285,238.80164789052475,241.31218478500625,246.04468284674692,254.8181169526937,270.5936438385413,297.53379911843405,341.1663442382485,412.2706696306695,512.9934880140612,856.9961248218387,928.8778386877016,,,,155.17502541743826,68.46696207005795,1.0,0.9997582089344708,0.9994228325942472,0.998630543730122,0.9967737045322428,0.9924764084054568,0.9827302708543404,0.9614081639122803,0.917785064040596,0.8383943410501741,0.7157127282811442,0.5550542456273605,0.3747621113466097,0.2078718308575382,0.0890015851094137,0.028868947455116,0.0068141720053774,0.0,,,
verapamil,0.0,3.3903373777081833e-10,1.0721188149960432e-09,3.3903373777081832e-09,1.0721188149960433e-08,3.3903373777081835e-08,1.0721188149960434e-07,3.390337377708184e-07,1.0721188149960435e-06,3.3903373777081843e-06,1.0721188149960436e-05,3.390337377708185e-05,0.0001072118814996,0.0003390337377708,0.001072118814996,0.0033903373777081,0.0107211881499604,0.0339033737770818,,,,0.7010707514465477,0.0006786982240492,46460.0,0.0007927,9184000.0,0.8221052631578948,-100.0,3.3903373777081875e-10,8.939136093933407e-10,2.356938121594248e-09,6.214423016553335e-09,1.6385264031685963e-08,4.320222113507895e-08,1.1390917518295373e-07,3.0033872911976897e-07,7.918883800571717e-07,2.087933208971867e-06,5.505150971924639e-06,1.451516125777142e-05,3.827141297551905e-05,0.0001009083554175,0.0002660601060011,0.0007015076176042,0.0018496306904225,0.0048768304222218,0.0128584993157067,0.0339033737770818,236.07827066605984,236.1267202235736,236.2340102484112,236.47218977934432,237.0008604924072,238.1744917068985,240.78096285464213,246.57050291519303,259.404116705114,287.43996578934315,346.2452019250591,471.3462494924236,848.7773527028842,,,,,,,,236.0911414246289,236.1422281913724,236.242925931072,236.44183606928144,236.8336514212576,237.6043126989944,239.1163234585074,242.0659959720807,247.7569900953949,258.5095730234044,278.052353393418,311.3963981382028,367.6449931949648,454.2760928263186,569.8472679884507,864.1949520358846,,,,,142.15879695329167,58.21170557605955,1.0,0.9997762370929206,0.9994451053364228,0.9986324595596604,0.9966559070980492,0.9919154637083446,0.980802712486189,0.9558310397741362,0.9040633326418344,0.8107060749716117,0.6705077181822425,0.4935909955817935,0.3063898636033075,0.1497970752231946,0.0549272294379243,0.0157442647244226,0.0034245599930875,0.0,,,
verapamil,0.0,7.423613627519515e-10,2.3475527532026513e-09,7.423613627519516e-09,2.3475527532026512e-08,7.423613627519516e-08,2.3475527532026517e-07,7.423613627519517e-07,2.347552753202652e-06,7.423613627519518e-06,2.347552753202652e-05,7.42361362751952e-05,0.0002347552753202,0.0007423613627519,0.0023475527532026,0.0074236136275195,0.0234755275320265,,,,,0.7316970968684932,0.0006681772634139,46460.0,0.0007927,9184000.0,0.8565263157894737,-100.0,7.423613627519514e-10,1.842265429001806e-09,4.5718191721532614e-09,1.1345558687595462e-08,2.8155466584879548e-08,6.987142021300282e-08,1.7339493728027328e-07,4.303018914282041e-07,1.067849619319622e-06,2.6500065005438658e-06,6.576332777455268e-06,1.6320017626732816e-05,4.050022776370693e-05,0.0001005065365998,0.0002494199281604,0.0006189677076548,0.0015360481656183,0.0038119015546689,0.009459725149073,0.0234755275320265,236.0751709346531,236.1182865966747,236.2123895181368,236.417400273368,236.86394917552025,237.8371436588068,239.9580935810015,244.5826511366942,254.65678101864967,276.4157819314222,321.75940741183985,418.1647144931469,580.5294469687047,953.6972594041308,,,,,,,236.08715803836537,236.133046000916,236.22224616300377,236.3952398386089,236.73167711030985,237.384307085255,238.6473554018661,241.07981648298392,245.72413395747787,254.4434899592196,270.3142034102163,297.70919218354953,342.54570355338035,415.9178700454028,520.0036196573342,851.1567325127253,936.3417868344864,,,,161.15118474111532,70.2823597765853,1.0,0.9997924434249664,0.9994652825739138,0.9986311317304596,0.9965256486970552,0.9912921772661836,0.9786172120826074,0.9494022922641135,0.88824722453877,0.779517999638908,0.6212476907310676,0.4295789879426781,0.2407698070280586,0.1009923232968512,0.0307166508085754,0.0066829816219447,0.0,,,,
verapamil,0.0,1.5299870622464207e-09,4.8382439072885035e-09,1.5299870622464207e-08,4.838243907288504e-08,1.5299870622464208e-07,4.838243907288503e-07,1.5299870622464208e-06,4.838243907288504e-06,1.5299870622464208e-05,4.838243907288504e-05,0.0001529987062246,0.0004838243907288,0.0015299870622464,0.0048382439072885,0.0152998706224642,0.048382439072885,,,,,0.759614778313234,0.0006800199129019,46460.0,0.0007927,9184000.0,0.8909473684210527,-100.0,1.529987062246423e-09,3.796860145236875e-09,9.422397952386233e-09,2.3382895281120188e-08,5.8027669229292665e-08,1.440031422842211e-07,3.573623628719094e-07,8.868407756362405e-07,2.200809718769937e-06,5.461593051759851e-06,1.3553647282011909e-05,3.363512310496946e-05,8.346989432046932e-05,0.0002071413039318,0.0005140478509513,0.0012756760146428,0.003165754494107,0.0078562279151766,0.0194962424187004,0.048382439072885,236.0722905000705,236.1145693235117,236.209602983026,236.42307357749257,236.90276057383343,237.98144804823852,240.4073405601017,245.8654319385634,258.1242039961353,285.29171248053257,343.00478188328134,467.61814596404827,848.4866708493204,,,,,,,,236.08442685603472,236.13020086489465,236.22129149418663,236.4028544141732,236.7646594740784,237.48418110311803,238.9114947243002,241.72730066784072,247.22371364860868,257.7332280498985,277.0662662404348,310.4236225035222,367.1146264231364,455.1467876179357,572.7138579089191,867.5531537429675,,,,,141.8761569735859,57.63185893953297,1.0,0.999807856541307,0.9994858777179516,0.99863272381777,0.9963983238725296,0.990642634286782,0.9762475754429742,0.942265706736497,0.8707075220423003,0.7458597472949577,0.5700545720600031,0.3670055009763293,0.1834771454216737,0.0660220647262118,0.0176426409646573,0.0035306485903558,0.0,,,,
verapamil,0.0,2.988098920672574e-09,9.449198463216128e-09,2.9880989206725744e-08,9.449198463216129e-08,2.988098920672574e-07,9.449198463216128e-07,2.9880989206725748e-06,9.44919846321613e-06,2.9880989206725757e-05,9.449198463216131e-05,0.0002988098920672,0.0009449198463216,0.0029880989206725,0.0094491984632161,0.0298809892067257,,,,,,0.7906937623426656,0.0006667972509335,46460.0,0.0007927,9184000.0,0.9253684210526316,-100.0,2.9880989206725787e-09,6.979366800779961e-09,1.630185687723659e-08,3.8076597094195945e-08,8.89363253028082e-08,2.0773048439175205e-07,4.852005521783056e-07,1.1332933465372525e-06,2.647057600284051e-06,6.1827892669016345e-06,1.444127362956212e-05,3.3730792857573266e-05,7.87857370468656e-05,0.0001840215374784,0.0004298230558633,0.00100394693949,0.0023449404203942,0.005477127683652,0.0127930447196539,0.0298809892067257,236.0698227031462,236.1071793549474,236.1888142051604,236.36827152275796,236.7615577217955,237.62400007700316,239.51617553985452,243.66851579632865,252.7764924692362,272.61802664905827,314.48906587999824,403.949723350135,561.969534087517,909.2226308725428,,,,,,,236.0809183038768,236.12117340284283,236.20049707618443,236.35501720593223,236.65691644525089,237.24647216497124,238.3940190845364,240.6188520956496,244.89775952711773,252.99835210340075,267.8943013488188,293.9254442499648,336.68984439781275,407.7859673680984,510.0477530348504,857.1684216360551,939.2857656448782,,,,150.4573503926489,65.39030538964455,1.0,0.9998219536332744,0.9995043314682036,0.9986309752078056,0.99625700181113,0.989921512891018,0.9735654149291944,0.9340881277608768,0.8507928472594615,0.7087547728240109,0.5156500332438486,0.3047260956309002,0.1326144445415681,0.0396105209680946,0.0080791104939789,0.0,,,,,
verapamil,0.0,5.5622543335545985e-09,1.7589392619174462e-08,5.562254333554599e-08,1.7589392619174464e-07,5.562254333554598e-07,1.7589392619174464e-06,5.562254333554599e-06,1.7589392619174463e-05,5.562254333554599e-05,0.0001758939261917,0.0005562254333554,0.0017589392619174,0.0055622543335546,0.0175893926191744,0.055622543335546,,,,,,0.8184989823528032,0.0006786348914094,46460.0,0.0007927,9184000.0,0.9597894736842104,-100.0,5.5622543335546035e-09,1.2991876863423053e-08,3.034540571367245e-08,7.087841561367479e-08,1.6555223704395297e-07,3.8668391431945787e-07,9.031859204277628e-07,2.109590744923052e-06,4.9274163939105936e-06,1.15090722584036e-05,2.688198716326281e-05,6.2788834549038e-05,0.0001466572288753,0.0003425504380813,0.0008001024124729,0.0018688163822837,0.0043650345458875,0.0101955049021497,0.0238138596881646,0.055622543335546,236.0673380959136,236.10381064492103,236.1858615460012,236.3709840694749,236.78913870778428,237.73369435026456,239.8666320764889,244.68672035090088,255.5681433106252,279.8762885907096,331.9810144692764,445.9482694544781,845.2070346235611,,,,951.1908459425182,,,,236.07859200432452,236.1188063138229,236.1989959404868,236.36010763591892,236.6820742319967,237.32497739702188,238.6061266455629,241.1463856022421,246.13453674995208,255.7462018638214,273.6170484590313,304.86946757619364,357.9107969980633,442.2701033646432,558.4088616780226,858.6412955626988,,,,,141.81590452434753,55.81467791322779,1.0,0.9998352039633466,0.999523319546199,0.9986325589170818,0.996119857610054,0.989172481875733,0.97066986998554,0.9250942206778684,0.829132795463099,0.6697269357540678,0.4610400569501653,0.2476670427074269,0.093329679958413,0.0242027307421794,0.0045168694756085,0.0,,,,,
verapamil,0.0,9.917931150935985e-09,3.136325211369292e-08,9.917931150935983e-08,3.136325211369292e-07,9.917931150935985e-07,3.1363252113692924e-06,9.917931150935984e-06,3.136325211369293e-05,9.917931150935986e-05,0.0003136325211369,0.0009917931150935,0.0031363252113692,0.0099179311509359,0.0313632521136929,0.0991793115093599,,,,,,0.8469657017073777,0.0006849817428927,46460.0,0.0007927,9184000.0,0.9942105263157895,-100.0,9.917931150935992e-09,2.3165524718198893e-08,5.410821342703504e-08,1.2638171575563608e-07,2.9519248679088504e-07,6.894874289115723e-07,1.610450590376508e-06,3.7615640188512794e-06,8.785965836187849e-06,2.0521569030276297e-05,4.793266936343129e-05,0.0001119573649029,0.0002615012208266,0.0006107940156779,0.0014266446956108,0.0033322446443018,0.0077831953559563,0.0181793764910297,0.0424619599647705,0.0991793115093599,236.0652565061345,236.1006875510612,236.1829316435938,236.3737366198501,236.81792174144192,237.85071911628165,240.2523386099391,245.84105650759864,258.82142275084675,288.5059164720319,353.8003039155227,495.4217281252176,862.3517542478825,,,,,,,,236.07630506172063,236.11590706957924,236.19731632741335,236.36403422850475,236.70560895783808,237.40427791807883,238.83052088609296,241.7231473036649,247.52468893654597,258.89684618449525,280.24090033899535,317.53740251909414,382.2741392051112,481.92528126449406,652.3477072058228,909.861897659238,,,,,143.72833353098284,59.884206066943655,1.0,0.9998472702424668,0.9995413298651736,0.9986333628241344,0.9959754140175674,0.9883629938421634,0.967459612642068,0.9150205213399986,0.8052920064026339,0.6281954895858787,0.4057770292170128,0.1953833301927926,0.0631448507909837,0.0144514942469747,0.0024864447818054,0.0,,,,,
verapamil,0.0,1.7013024904971535e-08,5.3799908588879754e-08,1.7013024904971533e-07,5.379990858887975e-07,1.7013024904971535e-06,5.379990858887976e-06,1.701302490497154e-05,5.379990858887977e-05,0.0001701302490497,0.0005379990858887,0.0017013024904971,0.0053799908588879,0.0170130249049715,0.0537999085888797,,,,,,,0.877949105610484,0.0006735475334808,46460.0,0.0007927,9184000.0,1.0286315789473686,-100.0,1.7013024904971552e-08,3.74013088860005e-08,8.222276251281131e-08,1.807579166773142e-07,3.973768752470698e-07,8.73590401371025e-07,1.920494716490718e-06,4.222001466912069e-06,9.281616988345276e-06,2.0404638556733636e-05,4.485740740581516e-05,9.861419468796504e-05,0.0002167927206754,0.0004765955234598,0.0010477440952548,0.0023033529168971,0.0050636741202421,0.0111319439621745,0.0244723837739915,0.0537999085888798,236.06331219356545,236.09397225000168,236.1633249467868,236.3189456556276,236.66932491309893,237.45695661012587,239.22898769801304,243.2175441172949,252.19090459302163,272.24615376853944,315.60987303350896,410.400272493801,577.001046290807,985.4835567888596,,,,,,,236.0734568790827,236.1079655237162,236.1773505733259,236.31560133042208,236.59123365203527,237.1411277142298,238.233909277883,240.39817956760635,244.64878068239392,252.8637099546101,268.2622857487185,295.5994631578024,341.27694373318496,417.5305893981703,526.8036384435254,848.6497165815304,,,,,167.7581281087984,71.20882701141933,1.0,0.9998583250331944,0.9995580088092344,0.9986318369577976,0.9958188505744652,0.9874741836533554,0.9638642318920956,0.903676156489452,0.7790145850582805,0.5839437383668402,0.3501320540344807,0.1481627949696367,0.0400326122697627,0.0071391644934231,0.0,,,,,,
verapamil,0.0,2.8181562245187775e-08,8.911792471660195e-08,2.8181562245187775e-07,8.911792471660194e-07,2.8181562245187776e-06,8.911792471660195e-06,2.818156224518778e-05,8.911792471660195e-05,0.0002818156224518,0.000891179247166,0.0028181562245187,0.0089117924716601,0.0281815622451877,0.0891179247166019,,,,,,,0.906119544320491,0.0006816254118052,46460.0,0.0007927,9184000.0,1.0630526315789477,-100.0,2.8181562245187805e-08,6.19541392732759e-08,1.361995243449602e-07,2.994200330985009e-07,6.582427996858476e-07,1.4470761319958996e-06,3.181241530923868e-06,6.993617995838432e-06,1.5374718391002256e-05,3.379966788910713e-05,7.430494142140004e-05,0.0001633514369949,0.0003591105982707,0.000789466099367,0.0017355564693744,0.0038154345839582,0.0083878233415887,0.0184397291741042,0.0405377650633622,0.0891179247166019,236.0614095293202,236.09124113639905,236.16015040975668,236.31959131502092,236.68781250454705,237.53902263037375,239.50684019848904,244.05753175163997,254.5740119675545,278.6395060995227,331.44624996834887,449.2465440403631,845.7686328962835,,,,,,,,236.0713982048068,236.10550772081336,236.17541981586496,236.31793832033892,236.6084252887734,237.20019939916665,238.4030393196748,240.83579191678095,245.70971657468183,255.2894505542889,273.4388121689906,305.68771807437173,361.31760743317,450.1688307555626,571.084514437297,869.3924731572395,,,,,141.2314837090218,55.61057843506896,1.0,0.9998687870860644,0.9995747304845872,0.998632968767549,0.995664167517608,0.986544279171778,0.9599752910390408,0.8913125002372039,0.7510807594945645,0.538724863336603,0.297417281032116,0.1097913656038829,0.0256703511433603,0.0041839665310142,0.0,,,,,,
verapamil,0.0,4.522719898641012e-08,1.430209609867147e-07,4.522719898641011e-07,1.4302096098671467e-06,4.522719898641011e-06,1.4302096098671468e-05,4.522719898641011e-05,0.0001430209609867,0.0004522719898641,0.0014302096098671,0.004522719898641,0.0143020960986714,0.0452271989864101,0.1430209609867147,,,,,,,0.9347472393707622,0.0006862419538342,46460.0,0.0007927,9184000.0,1.0974736842105264,-100.0,4.522719898641012e-08,9.942714178035601e-08,2.185798975873232e-07,4.805244400450432e-07,1.056381396593691e-06,2.3223410966664487e-06,5.105417595062308e-06,1.1223712510357188e-05,2.4674127075712896e-05,5.424341958034132e-05,0.0001192483348545,0.0002621546627333,0.000576318883418,0.0012669751967066,0.0027853089587307,0.006123202739684,0.0134612038904148,0.0295930116775244,0.0650570593295655,0.1430209609867147,236.0596035180348,236.08855297423003,236.1572115081777,236.3202800010196,236.70701674544904,237.6260277699364,239.80867142582335,244.99578703960643,257.3059018726544,286.11082243474084,350.7103739045278,494.19381888569546,864.1090039252078,,,,,,,,236.06947359787853,236.1028957592835,236.1730243754505,236.3193928663718,236.62425226452643,237.2602155064748,238.580828421514,241.3104480416958,246.88876216330044,258.0347646645551,279.3470349264399,317.19806241088105,383.7092403974077,487.003488640495,702.0463723881967,936.910248898361,,,,,143.61170113081113,59.42882127764032,1.0,0.9998785704460016,0.9995908084021188,0.9986335351368812,0.995502203981793,0.9855426555088176,0.9556888663002008,0.8776749036168948,0.721117979318011,0.4921310524167105,0.2473982738625129,0.0787799551122227,0.0161538049743131,0.0024242283555502,0.0,,,,,,
verapamil,0.0,7.052445465004017e-08,2.2301790743538002e-07,7.052445465004016e-07,2.2301790743538e-06,7.052445465004016e-06,2.2301790743538e-05,7.052445465004015e-05,0.0002230179074353,0.0007052445465004,0.0022301790743538,0.007052445465004,0.022301790743538,0.0705244546500401,0.22301790743538,,,,,,,0.9636172512216262,0.0006890139177309,46460.0,0.0007927,9184000.0,1.1318947368421053,-100.0,7.052445465004014e-08,1.5504044266767013e-07,3.408397694369612e-07,7.492996435701331e-07,1.647254828219714e-06,3.621312905161132e-06,7.961067669936388e-06,1.7501552642683356e-05,3.8475284673351535e-05,8.458378298877974e-05,0.0001859483667354,0.0004087875224992,0.000898675484409,0.0019756415786375,0.0043432359232634,0.0095481379259769,0.0209905562267909,0.0461454845045077,0.1014458939128986,0.22301790743538,236.0581347052546,236.08600211781328,236.15441357066916,236.32054566187907,236.72690401911143,237.71799020885595,240.13709659824667,246.0439637644184,260.4364751929411,294.8164357061114,375.2569731491177,542.3414294625952,916.4385969135832,,,,,,,,236.06732634996703,236.1002861216297,236.170608319534,236.3204750004963,236.6403285534717,237.3220355880362,238.770165268121,241.82822509018587,248.2027524610259,261.14097298904903,286.0652841752799,330.3658443282263,408.82735820641744,526.9233090198412,850.0821526414567,,,,,,154.88494049007286,66.20871527839667,1.0,0.9998874201146748,0.9996062177824,0.9986338426591612,0.9953333026900166,0.984466249402523,0.9509778311877864,0.8627264623736756,0.6892526183650168,0.4447494939666401,0.2011944947231723,0.0549224418179405,0.0100267628302182,0.0013983128707197,0.0,,,,,,
verapamil,0.0,1.0712514995670897e-07,3.387594685502884e-07,1.0712514995670896e-06,3.387594685502884e-06,1.0712514995670896e-05,3.387594685502884e-05,0.0001071251499567,0.0003387594685502,0.001071251499567,0.0033875946855028,0.0107125149956709,0.0338759468550288,0.107125149956709,,,,,,,,0.9941603289503856,0.0006814185694163,46460.0,0.0007927,9184000.0,1.1663157894736842,-100.0,1.0712514995670905e-07,2.216567272205591e-07,4.586383752273321e-07,9.48986127643487e-07,1.963583335156796e-06,4.0629250542153125e-06,8.406752950392276e-06,1.7394732668180774e-05,3.599210377454432e-05,7.447263253934503e-05,0.000154094159988,0.0003188420945086,0.0006597283196101,0.0013650689892953,0.0028245162290998,0.0058443140903571,0.0120926928423537,0.0250214512633383,0.0517728376537312,0.107125149956709,236.0563645903021,236.08040122386168,236.1365577779556,236.26719437701135,236.572722346496,237.28614293597548,238.9532813072261,242.8497272114634,251.9545480698308,273.0808327685691,320.33130906094533,427.0916310261521,677.6688412440311,,,,,,,,236.06538999664565,236.09365724654293,236.152266770759,236.27300286414012,236.5211378836748,237.03158016661652,238.07927887962683,240.2202125609305,244.55764181073488,253.19609586986437,269.82674801569414,299.95061169653667,351.9735221344872,437.7192880915623,557.9320570402035,861.3535665854419,,,,,98.15641112512668,41.106800618735896,1.0,0.999895521573348,0.9996205346762224,0.9986328284063412,0.9951540794981054,0.983297812252212,0.9457685690133576,0.846314269676472,0.6553474223214338,0.3967417175083657,0.1590582155724173,0.0366156136628598,0.0053545621906535,0.0,,,,,,,
verapamil,0.0,1.5886718707288354e-07,5.023821566143703e-07,1.5886718707288352e-06,5.023821566143703e-06,1.588671870728835e-05,5.023821566143703e-05,0.00015886718707288353,0.0005023821566143703,0.0015886718707288354,0.005023821566143704,0.015886718707288357,0.05023821566143705,0.15886718707288358,,,,,,,,1.0227833410870506,0.0006856784026441464,46460.0,0.0007927,9184000.0,1.2007368421052633,-100.0,1.5886718707288362e-07,3.2871814661209083e-07,6.801632351085518e-07,1.4073516511373368e-06,2.912004894888035e-06,6.025340220405504e-06,1.2467260901713612e-05,2.579648429892915e-05,5.337648802179407e-05,0.00011044332400206156,0.00022852248749756471,0.0004728445812722892,0.000978380729559271,0.002024404825359956,0.0041887731157448215,0.00866714996693746,0.01793353005132309,0.03710694995800909,0.07677940323213747,0.15886718707288358,236.05503843048223,236.07826681710634,236.13372292084262,236.26631765733424,236.58395342391793,237.3448380293193,239.16772678626597,243.5364090924931,254.00071544325613,278.8186147733434,335.1235673013819,464.16342010301616,851.2240563941562,,,,,,,,236.06372992398047,236.0914426226468,236.1498731469514,236.27286533320336,236.53123642635023,237.0735353064938,238.20977038919932,240.5783019155724,245.46855266368885,255.36348602918542,274.6050702105741,309.47847891031716,371.11180353662013,469.4406602082769,598.2906558346367,902.6246998686275,,,,,141.07564276154596,56.26911544293323,1.0,0.9999031726976548,0.9996347976999154,0.9986334611692095,0.9949733165087573,0.9820644982662082,0.9401332586683085,0.8287131336984964,0.6202202252205109,0.3499661414640369,0.12329973844806547,0.0245456926769379,0.0032844207705965754,0.0,,,,,,,
verapamil,0.0,2.3048265428150007e-07,7.288501486906995e-07,2.3048265428150006e-06,7.2885014869069955e-06,2.3048265428150007e-05,7.288501486906996e-05,0.00023048265428150008,0.0007288501486906996,0.002304826542815001,0.0072885014869069975,0.023048265428150014,0.07288501486906998,0.23048265428150017,,,,,,,,1.0517481725628786,0.0006878229835776967,46460.0,0.0007927,9184000.0,1.235157894736842,-100.0,2.3048265428150007e-07,4.769004370102666e-07,9.86772855118228e-07,2.041769291935493e-06,4.2247025947945096e-06,8.741493020273786e-06,1.8087356094047595e-05,3.7425237280877545e-05,7.743798365262067e-05,0.00016022988090038203,0.0003315377483034678,0.000685997380341755,0.0014194233032101117,0.0029369828098937843,0.0060770229755307496,0.012574199658480188,0.026017755352901944,0.05383432838581759,0.11139065893433409,0.2304826542815002,236.0538376781755,236.07611584561897,236.13088440571636,236.26530289076055,236.59550417281247,237.40620198563659,239.39777942211572,244.29214890459502,256.30812495054687,285.4060152816199,352.9018075123975,505.65927599477095,876.4896031407284,,,,,,,,236.06227608034584,236.08920542983128,236.14745101121002,236.27240081279098,236.5407321889524,237.1159418774963,238.34587125352806,240.96258021120298,246.46724741141588,257.78028060162256,279.97320974352607,320.189868464599,392.154579842704,504.24090887950547,850.6649857942083,,,,,,145.4886198931383,60.37545825048226,1.0,0.9999106097866193,0.9996485223711247,0.9986337789179789,0.9947851097967495,0.9807404225471538,0.9339740405258083,0.8097359366637248,0.5836441790518346,0.30441225470045685,0.09322759411813208,0.016227644172481376,0.0020022941159222713,0.0,,,,,,,
verapamil,0.0,3.2770224143681683e-07,1.0362854772827505e-06,3.2770224143681683e-06,1.0362854772827506e-05,3.277022414368168e-05,0.00010362854772827505,0.00032770224143681686,0.0010362854772827505,0.0032770224143681688,0.010362854772827506,0.03277022414368169,0.10362854772827508,0.327702241436817,,,,,,,,1.0808662327049852,0.0006890240583797833,46460.0,0.0007927,9184000.0,1.2695789473684211,-100.0,3.277022414368168e-07,6.780611870235908e-07,1.4030022233964094e-06,2.9030053283182305e-06,6.006718874502382e-06,1.2428730765783852e-05,2.5716760127406354e-05,5.321152770251093e-05,0.00011010199832355995,0.00022781623753811468,0.00047138325258640586,0.0009753570387262832,0.002018148391511906,0.00417582769021784,0.008640364094003348,0.017878106381599222,0.0369922707323883,0.07654211607929273,0.15837620718877327,0.327702241436817,236.05274478496443,236.07408181431765,236.1282659916016,236.26444283334718,236.60718801186096,237.47048517588496,239.6447817559747,245.12422834772582,258.90961056527686,292.9510405417613,375.01526553610455,548.9565273822559,962.1374359491123,,,,,,,,236.06055612928668,236.08692614373058,236.14481707323847,236.27176159419946,236.54990256012894,237.15925619928782,238.4894001252755,241.3766638452388,247.5654078521693,260.47644453862114,285.9883101056026,332.29623818943736,415.57023246024846,540.8086520789238,857.7845157685285,,,,,,165.20429259690022,69.33078322105563,1.0,0.9999168093475937,0.9996617163804945,0.9986338859856685,0.9945895598045521,0.9793212352781395,0.9272607150928217,0.7893976685968173,0.5458542305379958,0.26082430505959897,0.068864809078751,0.010616920976587474,0.0012200642805612633,0.0,,,,,,,
verapamil,0.0,4.5735310255188864e-07,1.4462774990085352e-06,4.573531025518886e-06,1.4462774990085352e-05,4.5735310255188865e-05,0.00014462774990085353,0.00045735310255188866,0.0014462774990085354,0.004573531025518887,0.014462774990085355,0.04573531025518888,0.14462774990085359,,,,,,,,,1.111572711751952,0.0006814763584706987,46460.0,0.0007927,9184000.0,1.304,-100.0,4.573531025518885e-07,8.906874104694533e-07,1.7345986257495063e-06,3.3781014046962013e-06,6.5787951927378e-06,1.281209206089013e-05,2.495133199433316e-05,4.859229588209648e-05,9.463267210061103e-05,0.0001842955239371866,0.0003589124071987689,0.0006989758258324274,0.0013612435661148699,0.0026509987581936237,0.0051627751204012485,0.010054416985844323,0.019580806556102344,0.03813328867574352,0.07426393295195516,0.14462774990085359,236.0516805132964,236.06989785500838,236.1128144122559,236.2160167493317,236.46166828567794,237.04832769730587,238.4475112879033,241.7877602792379,249.7612233452595,268.69834063814966,312.26358054500514,412.639121219212,594.2555528025365,,,,,,,,236.05879350754412,236.08144713483142,236.12838765928535,236.22713491625734,236.43424736903773,236.86762791219354,237.7737658788467,239.66102223829586,243.56182315776311,251.4955720872174,267.12277362487185,296.1193408499424,346.69191288927806,432.45789814701993,554.638635558906,861.248007044165,,,,,77.08221693765938,33.50689587729348,1.0,0.9999229040601215,0.9996741117236273,0.9986330509748089,0.9943821935924765,0.9777846281080627,0.9199027872044084,0.7675506208269132,0.5067501765545809,0.21931052027486353,0.04912647723701364,0.006146880043880336,0.0,,,,,,,,
