,drug_conc_ikr,drug_conc_ikr,drug_conc_ikr,drug_conc_ikr,drug_conc_ikr,drug_conc_ikr,drug_conc_ikr,drug_conc_ikr,drug_conc_ikr,drug_conc_ikr,drug_conc_ikr,drug_conc_ikr,drug_conc_ikr,drug_conc_ikr,drug_conc_ikr,drug_conc_ikr,drug_conc_ikr,drug_conc_ikr,drug_conc_ikr,Hill_curve,Hill_curve,param_values,param_values,param_values,param_values,param_values,drug_conc_AP,drug_conc_AP,drug_conc_AP,drug_conc_AP,drug_conc_AP,drug_conc_AP,drug_conc_AP,drug_conc_AP,drug_conc_AP,drug_conc_AP,drug_conc_AP,drug_conc_AP,drug_conc_AP,drug_conc_AP,drug_conc_AP,drug_conc_AP,drug_conc_AP,drug_conc_AP,drug_conc_AP,drug_conc_AP,APD_trapping,APD_trapping,APD_trapping,APD_trapping,APD_trapping,APD_trapping,APD_trapping,APD_trapping,APD_trapping,APD_trapping,APD_trapping,APD_trapping,APD_trapping,APD_trapping,APD_trapping,APD_trapping,APD_trapping,APD_trapping,APD_trapping,APD_trapping,APD_conductance,APD_conductance,APD_conductance,APD_conductance,APD_conductance,APD_conductance,APD_conductance,APD_conductance,APD_conductance,APD_conductance,APD_conductance,APD_conductance,APD_conductance,APD_conductance,APD_conductance,APD_conductance,APD_conductance,APD_conductance,APD_conductance,APD_conductance,RMSE,ME,peak_current,peak_current,peak_current,peak_current,peak_current,peak_current,peak_current,peak_current,peak_current,peak_current,peak_current,peak_current,peak_current,peak_current,peak_current,peak_current,peak_current,peak_current,peak_current
,conc_0,conc_1,conc_2,conc_3,conc_4,conc_5,conc_6,conc_7,conc_8,conc_9,conc_10,conc_11,conc_12,conc_13,conc_14,conc_15,conc_16,conc_17,conc_18,Hill_coef,IC50,Kmax,Ku,halfmax,n,Vhalf,conc_0,conc_1,conc_2,conc_3,conc_4,conc_5,conc_6,conc_7,conc_8,conc_9,conc_10,conc_11,conc_12,conc_13,conc_14,conc_15,conc_16,conc_17,conc_18,conc_19,conc_0,conc_1,conc_2,conc_3,conc_4,conc_5,conc_6,conc_7,conc_8,conc_9,conc_10,conc_11,conc_12,conc_13,conc_14,conc_15,conc_16,conc_17,conc_18,conc_19,conc_0,conc_1,conc_2,conc_3,conc_4,conc_5,conc_6,conc_7,conc_8,conc_9,conc_10,conc_11,conc_12,conc_13,conc_14,conc_15,conc_16,conc_17,conc_18,conc_19,RMSE,ME,conc_0,conc_1,conc_2,conc_3,conc_4,conc_5,conc_6,conc_7,conc_8,conc_9,conc_10,conc_11,conc_12,conc_13,conc_14,conc_15,conc_16,conc_17,conc_18
bepridil,0.0,4.506570337745487e-16,1.4251026703030022e-15,4.506570337745487e-15,1.4251026703030022e-14,4.5065703377454887e-14,1.425102670303002e-13,4.5065703377454884e-13,1.4251026703030025e-12,4.506570337745488e-12,1.4251026703030026e-11,4.506570337745489e-11,1.4251026703030028e-10,4.506570337745489e-10,1.425102670303003e-09,4.506570337745489e-09,1.4251026703030032e-08,4.50657033774549e-08,1.4251026703030034e-07,0.4608779883980143,1.3439834951218472e-05,37350000.0,0.0001765,1000000000.0,0.65,-54.93,4.506570337745487e-16,1.2624511285461596e-15,3.536576004635928e-15,9.907211102080544e-15,2.7753632805437723e-14,7.774782690734372e-14,2.177994005754069e-13,6.101338233869768e-13,1.709202511381225e-12,4.788086011515863e-12,1.3413137121561747e-11,3.75749823643744e-11,1.0526093089836851e-10,2.9487342046223165e-10,8.260456501097101e-10,2.314048566993752e-09,6.482475598890478e-09,1.815972684825857e-08,5.0871873587893696e-08,1.425102670303002e-07,199.7560671243439,200.13669866428967,200.87753317407308,202.31544548292896,205.08954579225264,210.3798134506708,220.25858652938007,238.0364056991557,268.15911793457843,315.1087380013413,388.8071336688142,497.0056510689078,711.9068472293217,,,,,,,,200.26876085753915,200.82163600564544,201.70736553701616,203.12405289284763,205.3819385241729,208.96345840542472,214.5973036968096,223.34669434450308,236.6642431216229,256.3291723628971,284.14311567637566,321.61172739949524,374.2089964841072,442.22493272229866,526.2882873474435,691.0860008962098,871.726107892136,,,,111.09815194626331,55.89762450089244,1.0,0.9983314759578176,0.9965143899305594,0.992737591840109,0.9849577921126758,0.9692151814218876,0.9384923491555698,0.882565549402316,0.7925948579109947,0.6728068642959465,0.5456757521360427,0.4325369842739039,0.3349731085188658,0.2439006808245469,0.1566853369142638,0.0828170295687155,0.0338420381242888,0.0095029638496997,0.0
bepridil,0.0,2.239752027908652e-15,7.082717802172354e-15,2.239752027908652e-14,7.082717802172354e-14,2.239752027908653e-13,7.082717802172354e-13,2.239752027908652e-12,7.082717802172355e-12,2.239752027908652e-11,7.082717802172355e-11,2.2397520279086518e-10,7.082717802172356e-10,2.239752027908652e-09,7.0827178021723565e-09,2.2397520279086532e-08,7.082717802172356e-08,2.239752027908653e-07,,0.4867637401214031,1.291432616914024e-05,37350000.0,0.0001765,1000000000.0,0.6844210526315789,-54.93,2.239752027908652e-15,5.905444197318483e-15,1.5570594750261803e-14,4.105422264204394e-14,1.0824565302582128e-13,2.85405998334186e-13,7.525159820108654e-13,1.984121940277913e-12,5.231436897024375e-12,1.3793472796190458e-11,3.636857244468843e-11,9.589122922182779e-11,2.5283169570809074e-10,6.666289177162573e-10,1.757667735016214e-09,4.6343562131998675e-09,1.2219179474570035e-08,3.22177105433726e-08,8.4946855459218e-08,2.2397520279086522e-07,199.7112762576965,200.0451365088745,200.6915001528753,201.93977338988083,204.3370044243587,208.8965371122736,217.41241334693484,232.81494946282825,259.2315040445393,301.1343175868268,365.8358421995947,463.3732982825303,588.60578496863,903.0035494924624,,,,,,,200.1867214032696,200.68629450238427,201.4847502576717,202.7585154274049,204.78545926432443,207.99523848242336,213.0423441588793,220.88761214252105,232.8663361612974,250.6649640918361,276.091274942666,310.66821156636894,358.3200487198486,421.7248608146573,501.4545810608265,588.6873302354844,855.4520825410808,965.5445227903352,,,151.0534943377546,74.63358966391094,1.0,0.9985128349912136,0.9967694836577978,0.9929997446215452,0.9849276817966922,0.9679784411632512,0.9338265562574184,0.8704067879479784,0.7687196788209096,0.6380053487413797,0.5067437531483369,0.3938089689563313,0.294636869091815,0.199922463240577,0.1132537928199659,0.0490544620607062,0.0141212547781215,0.0,
bepridil,0.0,3.0190150667187315e-14,9.546963901196394e-14,3.0190150667187334e-13,9.546963901196397e-13,3.019015066718732e-12,9.546963901196396e-12,3.0190150667187316e-11,9.546963901196395e-11,3.0190150667187315e-10,9.546963901196395e-10,3.019015066718732e-09,9.546963901196395e-09,3.019015066718732e-08,9.546963901196396e-08,3.019015066718733e-07,9.546963901196398e-07,,,0.5083812471191961,1.3896732319692495e-05,37350000.0,0.0001765,1000000000.0,0.718842105263158,-54.93,3.0190150667187315e-14,7.492075108049363e-14,1.859255028020108e-13,4.613981052464499e-13,1.1450188829217014e-12,2.841511977052811e-12,7.0515783068414856e-12,1.7499400677906585e-11,4.3427018854603217e-11,1.0776974602216363e-10,2.6744451873538057e-10,6.636980529478962e-10,1.647052284225982e-09,4.087372585959664e-09,1.0143342027727844e-08,2.5172010950235784e-08,6.246759042007037e-08,1.550213791263711e-07,3.84705538098056e-07,9.546963901196394e-07,200.07701992250625,200.7389513784145,202.003780894262,204.4091259651073,208.93754808081536,217.3137405063472,232.33375902942072,257.92501774404764,298.3731938485612,360.1499003591664,453.5894208972196,575.6342324646446,887.5488081945348,,,,,,,,200.7514507165024,201.56708084107308,202.8554881802127,204.8848937150349,208.06797770535803,213.0250102140987,220.6605489325305,232.22295905444287,249.2878352460212,273.55708481563937,306.48510757582875,351.0825355187791,411.31089413253926,486.8931705039505,572.1655881670309,849.2254059758371,921.6353947073744,,,,154.32021751804186,78.71351020284513,1.0,0.9970224232241456,0.993290730703648,0.9849826195412282,0.9668813837773284,0.9292447217015783,0.8580921443423631,0.7449272625768912,0.6053203641745896,0.4725057710457457,0.3602786590260221,0.2588675401769043,0.1619626139941449,0.0806799877060513,0.0299404485302449,0.0075470938982958,0.0,,
bepridil,0.0,1.1271568347131421e-13,3.564382877919472e-13,1.127156834713142e-12,3.564382877919472e-12,1.127156834713142e-11,3.564382877919472e-11,1.127156834713142e-10,3.5643828779194723e-10,1.1271568347131424e-09,3.564382877919473e-09,1.1271568347131426e-08,3.5643828779194736e-08,1.127156834713143e-07,3.564382877919474e-07,1.127156834713143e-06,3.5643828779194748e-06,,,0.5313843654058511,1.4363456583657548e-05,37350000.0,0.0001765,1000000000.0,0.7532631578947369,-54.93,1.1271568347131417e-13,2.797185001597343e-13,6.94157520248932e-13,1.7226413792544413e-12,4.2749566704333486e-12,1.0608856117221627e-11,2.63272441787115e-11,6.533445061247799e-11,1.6213586229757975e-10,4.023610453067633e-10,9.985108074561191e-10,2.477933299548261e-09,6.149310945019437e-09,1.5260307896677337e-08,3.787042144778967e-08,9.3980333184855e-08,2.3322431300937766e-07,5.787762006728198e-07,1.436307759439282e-06,3.5643828779194773e-06,200.02206583183167,200.6743732393432,201.96049559837573,204.4822405680013,209.37414561869832,218.6750946394832,235.73160773686203,265.1929865706378,311.8915482077661,385.7136235474041,495.4782065943842,873.2301108550248,,,,,,,,,200.6848218061257,201.5057369718324,202.83010933044773,204.9596763519792,208.367325751507,213.77801863310464,222.26086015483665,235.2990940025078,254.74192312720936,282.4989016254224,320.1646875230593,373.2181289571751,442.29280482253046,527.900057476151,708.2067245078796,875.455722668734,,,,,156.99479448799312,73.50976789771711,1.0,0.9972503471954142,0.99355678507504,0.9850081625850756,0.965682784797068,0.9242405023750446,0.8446574711877333,0.7197286466593564,0.5725612189162023,0.4393100302078516,0.3268595227050338,0.222299285162848,0.125417858023565,0.053832833930937,0.0171178326913189,0.0038743136021787,0.0,,
bepridil,0.0,3.7506047238076964e-13,1.1860453530219068e-12,3.7506047238076936e-12,1.1860453530219068e-11,3.750604723807695e-11,1.1860453530219068e-10,3.750604723807696e-10,1.1860453530219071e-09,3.750604723807696e-09,1.1860453530219072e-08,3.7506047238076964e-08,1.1860453530219073e-07,3.750604723807697e-07,1.1860453530219077e-06,3.750604723807697e-06,,,,0.5567129143008223,1.401754494127789e-05,37350000.0,0.0001765,1000000000.0,0.7876842105263158,-54.93,3.75060472380769e-13,8.76036797546845e-13,2.0461779557431216e-12,4.779301780808145e-12,1.1163117776694278e-11,2.607393385300641e-11,6.090144708410278e-11,1.4224881745299482e-10,3.3225361687764156e-10,7.76051906123951e-10,1.8126410982620243e-09,4.233824728965706e-09,9.889035315809865e-09,2.309803209572756e-08,5.3950569459723654e-08,1.260135033567144e-07,2.9433244518553774e-07,6.874786112696519e-07,1.6057585518827875e-06,3.750604723807698e-06,199.97145988967128,200.5545190708197,201.68615680259668,203.87198627349576,208.0562699245454,215.93093987424112,230.3111170071616,255.272329060902,295.4163175639451,357.14159053000594,451.87688546762,576.5458593393788,890.9226245902631,,,,,,,,200.6055498280324,201.35673940257016,202.55561443698912,204.46448572434005,207.4911547294176,212.2572525515135,219.6810854203372,231.0513122766959,248.02066080410748,272.4067322983777,305.7813883264289,351.266064176817,413.0255345328499,490.8529726757218,578.0507398251143,851.1793061291795,953.0484003229355,,,,154.57696035831418,78.27649852970535,1.0,0.9974539529024948,0.993794693361601,0.984990626579776,0.9643410327719945,0.9186989260767798,0.829874660173777,0.6929397576203667,0.5394895269228683,0.4062141594209714,0.2922024117802693,0.1843199478610567,0.0907819232881592,0.0319472514221995,0.0074143898057879,0.0,,,
bepridil,0.0,1.1284876198313918e-12,3.5685911899693976e-12,1.128487619831392e-11,3.568591189969398e-11,1.1284876198313919e-10,3.568591189969396e-10,1.1284876198313919e-09,3.568591189969397e-09,1.1284876198313921e-08,3.5685911899693986e-08,1.128487619831392e-07,3.568591189969399e-07,1.1284876198313922e-06,3.568591189969399e-06,1.1284876198313924e-05,,,,0.579867395066853,1.4393235163249307e-05,37350000.0,0.0001765,1000000000.0,0.8221052631578948,-54.93,1.128487619831394e-12,2.635832761242599e-12,6.1565711693654324e-12,1.4380035456268114e-11,3.358775754148259e-11,7.845164638823451e-11,1.8324119475446584e-10,4.2800039260973167e-10,9.996897057975511e-10,2.3349967082597277e-09,5.453901941737008e-09,1.2738795855627432e-08,2.9754278970345253e-08,6.949770818833214e-08,1.6232728906804796e-07,3.7915133409543777e-07,8.855919110808753e-07,2.06849603956415e-06,4.831430608337875e-06,1.1284876198313918e-05,199.9244537632692,200.4961550244865,201.63840547634288,203.90928913165823,208.3802159844,217.01701096232463,233.13582424698512,261.50492080578493,307.2803444747992,379.99177933297017,489.71166697915896,711.6095500681596,998.3233307093858,,,,,,,,200.54480989550527,201.2968050649036,202.52121234150223,204.508938771331,207.7209499326064,212.8721882200324,221.0329217419059,233.71275370440569,252.8301562100283,280.41654326856025,318.17232351232497,371.5233807815365,441.5665878973012,528.7268326172042,721.692582311413,879.0148754449917,,,,,189.9151903839744,97.24641350906012,1.0,0.9976480209680976,0.994038792874194,0.9850107649825266,0.9630425063061588,0.9130260850821535,0.814629323514698,0.6664016426639833,0.5087412579969594,0.3759971364977231,0.2597038075891378,0.1499884651460553,0.0641090012390514,0.0192830217287341,0.0040110044994988,0.0,,,
bepridil,0.0,3.1077203519116287e-12,9.827474642900756e-12,3.107720351911629e-11,9.827474642900756e-11,3.1077203519116286e-10,9.827474642900759e-10,3.107720351911629e-09,9.827474642900761e-09,3.1077203519116294e-08,9.82747464290076e-08,3.10772035191163e-07,9.82747464290076e-07,3.10772035191163e-06,9.827474642900762e-06,,,,,0.6055937217082638,1.3953612180879892e-05,37350000.0,0.0001765,1000000000.0,0.8565263157894737,-54.93,3.107720351911632e-12,6.831989576362272e-12,1.5019395661778572e-11,3.301852901320824e-11,7.258769145888306e-11,1.5957624730109278e-10,3.5081124899975235e-10,7.71220870939255e-10,1.695446293322027e-09,3.727256667779969e-09,8.193973658870421e-09,1.8013571456632e-08,3.960090307001535e-08,8.70583341974298e-08,1.9138840192182613e-07,4.207468558624438e-07,9.249667949599176e-07,2.0334402024815952e-06,4.470299993036583e-06,9.827474642900768e-06,199.88142233752384,200.38589087346924,201.3724430101534,203.2926462025621,207.00044602698904,214.0514242254432,227.09413322851293,250.1053472158493,287.8304530172828,345.49952090928736,436.4358214983308,559.9069643211939,878.3113818509909,,,,,,,,200.4721250994409,201.1515228335628,202.2419840762533,203.98764079040544,206.7713320913316,211.18175182000329,218.09974239378545,228.77960892143025,244.86605298992788,268.229285882054,300.54938695416587,344.18837251660267,404.9227821559504,481.6166058195984,569.5129126731324,849.2316696686556,928.4146725612538,,,,151.26623932904658,75.05586970712883,1.0,0.997821380964302,0.9942573968444224,0.9849885014553472,0.9615910828081552,0.9067587372609022,0.7979957402227799,0.6386682934118024,0.4778980073957692,0.3450357799286124,0.2254355533523103,0.1159149944683629,0.0410333336374906,0.0090680794415784,0.0,,,,
bepridil,0.0,7.913948043307462e-12,2.5026101101084438e-11,7.913948043307459e-11,2.5026101101084436e-10,7.913948043307462e-10,2.502610110108444e-09,7.913948043307462e-09,2.5026101101084453e-08,7.913948043307463e-08,2.502610110108445e-07,7.913948043307464e-07,2.502610110108445e-06,7.913948043307465e-06,2.502610110108445e-05,,,,,0.628645854604604,1.4330529006438484e-05,37350000.0,0.0001765,1000000000.0,0.8909473684210527,-54.93,7.913948043307457e-12,1.7397965201885246e-11,3.824755880498636e-11,8.408315211381029e-11,1.8484778350016983e-10,4.0636800840526215e-10,8.93356442410939e-10,1.963948235809971e-09,4.317529364350694e-09,9.491624815835658e-09,2.0866318220891987e-08,4.5872360585630187e-08,1.0084546029740981e-07,2.216979185889596e-07,4.873790744940389e-07,1.0714505745770013e-06,2.355469066769356e-06,5.178245881008268e-06,1.1383817678810004e-05,2.502610110108448e-05,199.8413837281215,200.33385305812925,201.32290673966057,203.30071420524828,207.2217825013145,214.86476241018744,229.305373780844,255.15471386319967,297.7253187733129,365.0111260639289,468.93746274239606,602.520849082347,944.0614161277824,,,,,,,,200.4178659709381,201.0956562866694,202.203449189552,204.0088694550913,206.93920464033403,211.6620428983387,219.1889233165797,230.97005273726552,248.89729499233425,275.0591492125379,311.2429552607751,361.982660375581,429.9055402122597,515.62497327674,651.2298410657867,869.4277020702647,,,,,166.00689139578154,83.54061527140121,1.0,0.9979877763369738,0.994483764339624,0.985008249697792,0.9601980052759248,0.9003910410478294,0.7811139563749991,0.611974169094126,0.4498312046704814,0.3165929174046252,0.1938992670664435,0.0880745663809908,0.0266084153721707,0.0052089745776499,0.0,,,,
bepridil,0.0,1.8799400967034302e-11,5.944892570260039e-11,1.87994009670343e-10,5.94489257026004e-10,1.87994009670343e-09,5.9448925702600406e-09,1.8799400967034305e-08,5.9448925702600414e-08,1.879940096703431e-07,5.944892570260042e-07,1.879940096703431e-06,5.944892570260043e-06,1.8799400967034312e-05,5.9448925702600434e-05,,,,,0.6522331343307021,1.4532403151353002e-05,37350000.0,0.0001765,1000000000.0,0.9253684210526316,-54.93,1.879940096703428e-11,4.132846488894284e-11,9.085619340061496e-11,1.997375876755228e-10,4.3910164444735536e-10,9.653178272564102e-10,2.122147615256206e-09,4.66531371717989e-09,1.0256191380484673e-08,2.2547135736182275e-08,4.9567457455323335e-08,1.0896873409257709e-07,2.395560639849514e-07,5.266382900549014e-07,1.1577577454661014e-06,2.5452061167960542e-06,5.595362417003779e-06,1.230080360526144e-05,2.704199622090549e-05,5.9448925702600434e-05,199.80432920225533,200.28412401490164,201.27460352931607,203.3089185737026,207.4493180899713,215.72073564520213,231.6769090723648,260.6217580422826,308.4464238359583,386.015119463175,504.2481072647777,859.7510793958957,,,,,,,,,200.36363995925947,201.0377619375878,202.1600035913833,204.0232706842756,207.1024556604588,212.15304969684053,220.33335851917585,233.31491228331083,253.26339938812103,282.4857535887813,322.9375494268616,381.095836598074,457.5320671657512,550.7703391250266,848.7729047572379,916.705746306474,,,,,151.83247877150112,71.52753623297276,1.0,0.9981403527158148,0.9946975093719652,0.9850186915266552,0.9587318731177008,0.8936030195696485,0.7633762915777698,0.5853669338802115,0.422701404159031,0.2881845764301732,0.162965669805161,0.0642978859130298,0.0166136235929561,0.0029517978562179,0.0,,,,
bepridil,0.0,4.197045022428771e-11,1.3272221713147396e-10,4.19704502242877e-10,1.3272221713147395e-09,4.1970450224287704e-09,1.3272221713147396e-08,4.197045022428772e-08,1.3272221713147397e-07,4.197045022428771e-07,1.32722217131474e-06,4.197045022428772e-06,1.3272221713147402e-05,4.197045022428773e-05,,,,,,0.6779469551815845,1.4135062883759495e-05,37350000.0,0.0001765,1000000000.0,0.9597894736842104,-54.93,4.197045022428776e-11,8.684265684060657e-11,1.796894483340829e-10,3.7180228032255936e-10,7.69310256860724e-10,1.5918091486627247e-09,3.293672927364958e-09,6.815064080747635e-09,1.4101308614712521e-08,2.9177554648253725e-08,6.037238943650964e-08,1.2491881003097412e-07,2.584742668826328e-07,5.34818948595083e-07,1.1066142530398595e-06,2.289737692069172e-06,4.737783454424215e-06,9.80312816562472e-06,2.028402580154309e-05,4.197045022428776e-05,199.7702568645795,200.18757657813737,201.02294149852028,202.689127624706,205.98835629730576,212.4291955648505,224.6734578407855,246.88719700828045,284.2800141633793,342.33958642608223,435.48409682609815,563.1977090417881,884.2301867657508,,,,,,,,200.30236563896875,200.9032769229649,201.8833784107032,203.47852311378043,206.0653927379304,210.2340182799296,216.8864332394765,227.3349234814877,243.3424955347259,266.960800008563,300.0677034938931,345.29089253983585,408.5927190340224,489.0731645136647,580.040202643137,853.3255089607493,977.756238832358,,,,151.8753880902673,74.75667538953711,1.0,0.9982777008925064,0.9948930616394774,0.9849993936005308,0.9571298716522412,0.886216260921312,0.7444803701175815,0.5584056090934197,0.3954747304284622,0.258589075991892,0.1320693071596,0.0435822259796487,0.0084447089183503,0.0,,,,,
bepridil,0.0,8.863215689794992e-11,2.802794897309257e-10,8.863215689794991e-10,2.802794897309257e-09,8.863215689794992e-09,2.8027948973092577e-08,8.863215689794994e-08,2.802794897309258e-07,8.863215689794995e-07,2.8027948973092586e-06,8.863215689794995e-06,2.8027948973092583e-05,8.863215689794996e-05,,,,,,0.7012460504958873,1.440345987197913e-05,37350000.0,0.0001765,1000000000.0,0.9942105263157895,-54.93,8.863215689794991e-11,1.8339217104888908e-10,3.7946372489557367e-10,7.85162843583098e-10,1.6246103395341632e-09,3.361543120502967e-09,6.955496881942132e-09,1.4391883471501621e-08,2.9778794149850533e-08,6.161643698513405e-08,1.274929161885507e-07,2.63800447958106e-07,5.458395526852574e-07,1.1294174046397288e-06,2.336920561413895e-06,4.8354113261616445e-06,1.0005133712814828e-05,2.0702003171830568e-05,4.28353031181938e-05,8.863215689794991e-05,199.73878465297412,200.14387676392235,200.97513561696343,202.6753771574489,206.125416824303,213.01876438126584,226.39257073628403,251.00973809302303,292.6669106368823,359.1754211929744,464.2141566035109,601.380401958266,,,,,,,,,200.2550757645496,200.8510833331028,201.83996562196504,203.47669311338657,206.17501173448085,210.59384697809588,217.75311844863097,229.14776956904683,246.780802401754,272.9282699402543,309.5814574863823,361.3575327589902,431.39702134257686,520.1394395664747,693.273224322271,877.369352296195,,,,,87.38181572203682,46.397993955598245,1.0,0.9984085978695298,0.995092450106759,0.985012965663276,0.9555682810409768,0.8786907851453474,0.7255616070944639,0.5330728019429806,0.3704531834684215,0.2308661248303427,0.1055689389226788,0.0297464355404669,0.0051028244706662,0.0,,,,,
bepridil,0.0,1.7803757325252568e-10,5.630042405670533e-10,1.7803757325252567e-09,5.630042405670533e-09,1.7803757325252566e-08,5.630042405670533e-08,1.780375732525257e-07,5.630042405670534e-07,1.780375732525257e-06,5.630042405670534e-06,1.780375732525257e-05,5.630042405670535e-05,0.0001780375732525,,,,,,0.7249416624982453,1.455477045321747e-05,37350000.0,0.0001765,1000000000.0,1.0286315789473686,-54.93,1.7803757325252594e-10,3.683843226860654e-10,7.62238030555417e-10,1.577175735896152e-09,3.2633943757529713e-09,6.752413576566302e-09,1.3971676070709826e-08,2.8909327014905966e-08,5.981738942594249e-08,1.2377043837409078e-07,2.5609812735610256e-07,5.299023878146961e-07,1.0964412099010456e-06,2.268688261109828e-06,4.69422927524044e-06,9.713008554883876e-06,2.0097555883103963e-05,4.158461821506299e-05,8.604431713740659e-05,0.0001780375732525,199.7095749589436,200.1022191806381,200.9287720495531,202.6617559383236,206.2653038919992,213.633896829432,228.2189337464158,255.43448533394263,301.6753244670607,377.3285564109319,495.2786105405564,859.450869353683,,,,,,,,,200.20857581811137,200.79828858281743,201.79395168393324,203.47018181584852,206.28070357532863,210.95958048656905,218.65648969513768,231.07043629601293,250.46804072366623,279.35272266348494,319.86253598896167,378.4255080721062,456.3051714866469,551.8955057695209,848.5020325204348,930.5504110791902,,,,,151.40232889653197,69.94510727495849,1.0,0.9985289555264468,0.9952822364500016,0.9850208249237444,0.953935593676052,0.8707292447910967,0.7060775191853698,0.5083573174285514,0.3458732571198873,0.2032417177312503,0.0818998782701054,0.0196855825588607,0.0030542872049514,0.0,,,,,
bepridil,0.0,3.4183397816266187e-10,1.080973952630271e-09,3.4183397816266187e-09,1.0809739526302714e-08,3.4183397816266196e-08,1.0809739526302715e-07,3.41833978162662e-07,1.0809739526302716e-06,3.41833978162662e-06,1.0809739526302716e-05,3.4183397816266204e-05,0.000108097395263,0.0003418339781626,,,,,,0.7488677427116647,1.463911566639807e-05,37350000.0,0.0001765,1000000000.0,1.0630526315789477,-54.93,3.4183397816266176e-10,7.073017016353252e-10,1.4635048856909422e-09,3.028193690880677e-09,6.265750882792758e-09,1.2964703758365108e-08,2.6825762256805237e-08,5.550620624048754e-08,1.1485000507040419e-07,2.3764051910740002e-07,4.917110477010083e-07,1.017418053703005e-06,2.105178439330581e-06,4.355904876360707e-06,9.01296865739155e-06,1.8649076672902897e-05,3.8587514721532894e-05,7.984289616590129e-05,0.0001652059769633,0.0003418339781626,199.6826124957127,200.06305735702136,200.8836004463605,202.6481099623164,206.4077986000121,214.2754598166397,230.15773547775564,260.1743640565733,311.33669383712754,396.7531828882523,527.8247648248747,870.2165115092752,,,,,,,,,200.16354244092253,200.74621417182,201.7469297029336,203.4612640504855,206.385125807041,211.33353173867164,219.5997004732528,233.1084791339308,254.41147012807156,286.23738737282616,331.01489851580624,396.66477730225614,483.12661140972943,583.437117278539,859.7796640520713,,,,,,152.55992943711712,72.96254753615864,1.0,0.998639783420204,0.9954636104854032,0.9850248322212356,0.9522362872905438,0.8623428136828286,0.6861720273188555,0.4843817477630427,0.3216306087503142,0.1761112234721717,0.0616679211285855,0.0127212511810338,0.0018202601624227,0.0,,,,,
bepridil,0.0,6.300104952861946e-10,1.992268114915149e-09,6.300104952861945e-09,1.992268114915149e-08,6.300104952861946e-08,1.9922681149151495e-07,6.300104952861947e-07,1.9922681149151498e-06,6.300104952861948e-06,1.99226811491515e-05,6.300104952861949e-05,0.0001992268114915,,,,,,,0.774329025322678,1.4346389777988744e-05,37350000.0,0.0001765,1000000000.0,1.0974736842105264,-54.93,6.300104952861934e-10,1.226934754534375e-09,2.389434625530315e-09,4.6533834081910114e-09,9.062385265644821e-09,1.7648841605962272e-08,3.437081970164755e-08,6.693658843672038e-08,1.303578707298653e-07,2.538697423650314e-07,4.944070176019033e-07,9.62849281591577e-07,1.8751326458879277e-06,3.6517890254459648e-06,7.111797192380944e-06,1.3850104415432604e-05,2.697284345002039e-05,5.252915515702872e-05,0.000102299638769,0.0001992268114915,199.65783747261327,199.9825926512753,200.6559067455084,202.04629700333012,204.8994736248033,210.67930821227617,222.0924144451822,243.60293496074237,281.11148212024506,340.8084180221563,438.5657852420159,573.2728565053766,900.329167254189,,,,,,,,200.11550515771765,200.62717293279897,201.48165532878625,202.90606735432024,205.27204529976413,209.17895550186205,215.5677552515328,225.85039664079895,241.97868148108336,266.28790395812405,300.95076894697246,349.2886024192579,417.0238874382524,503.8104895007866,599.3388195230472,866.5072362563876,,,,,154.45628583969696,75.47500588834174,1.0,0.9987408061951054,0.9956322775231524,0.9850111634747436,0.9504194599601762,0.853380582174734,0.6656224838261255,0.4606132711299634,0.2968576509931593,0.149016484098741,0.0440859805907101,0.0070138941065802,0.0,,,,,,
bepridil,0.0,1.1187436591236443e-09,3.5377780807017286e-09,1.118743659123644e-08,3.5377780807017295e-08,1.1187436591236441e-07,3.537778080701729e-07,1.1187436591236442e-06,3.5377780807017286e-06,1.1187436591236443e-05,3.537778080701729e-05,0.0001118743659123,0.0003537778080701,,,,,,,0.7979242732537475,1.4507935000281032e-05,37350000.0,0.0001765,1000000000.0,1.1318947368421053,-54.93,1.1187436591236464e-09,2.178734302148761e-09,4.243048101902162e-09,8.263264215971487e-09,1.6092566914889406e-08,3.1340001135343906e-08,6.103412068180333e-08,1.188629148835563e-07,2.3148351080984405e-07,4.5081021132070586e-07,8.779452407647574e-07,1.7097834663579757e-06,3.329774302648556e-06,6.484678981132071e-06,1.2628802335007506e-05,2.459437836178718e-05,4.7897134736679454e-05,9.327885755990783e-05,0.0001816589930799,0.0003537778080701,199.6348943053783,199.94853355303977,200.61341314598147,202.01869608044137,204.9683205027274,211.0739787485898,223.36694018024696,246.87103635808063,288.0985715136117,355.1787414504276,463.90689861053,607.4252291265769,,,,,,,,,200.07655102664347,200.58091852491404,201.43690151301777,202.886103678338,205.3308151248039,209.42933849706824,216.22797117801585,227.30964547167287,244.8622693290946,271.454492624474,309.38173024263705,363.7516249892496,437.9456836249983,531.9643332698516,855.8196728766537,898.0265146249877,,,,,87.83149364770348,45.86474094797523,1.0,0.9988364179710426,0.9958013360348676,0.9850188468529724,0.9486137836812422,0.8442231444761066,0.6454178463070254,0.4384334257808736,0.2732952233022152,0.124662739860836,0.0315335983090399,0.0044551082817806,0.0,,,,,,
bepridil,0.0,1.9204079793420486e-09,6.072863251482459e-09,1.920407979342049e-08,6.072863251482459e-08,1.920407979342049e-07,6.07286325148246e-07,1.920407979342049e-06,6.07286325148246e-06,1.920407979342049e-05,6.072863251482461e-05,0.0001920407979342,0.0006072863251482,,,,,,,0.8217642761715427,1.4604970807706422e-05,37350000.0,0.0001765,1000000000.0,1.1663157894736842,-54.93,1.9204079793420503e-09,3.739961969474081e-09,7.283512505454541e-09,1.4184517075336028e-08,2.762410643351308e-08,5.3797478771901114e-08,1.0476967749812861e-07,2.040371700243156e-07,3.9735892813333403e-07,7.738497732959907e-07,1.5070593089311786e-06,2.9349724442800764e-06,5.715809057834998e-06,1.1131441199490512e-05,2.167829294574932e-05,4.221810784602045e-05,8.221904900716365e-05,0.0001601202034988,0.0003118313806608,0.0006072863251482,199.61354870271617,199.916058622498,200.5722683487218,201.99105682281188,205.03773105633223,211.48222904041705,224.70766383007776,250.3460201833776,295.537337834373,370.7310331091544,491.0624453064913,859.4713863465332,,,,,,,,,200.0387315840813,200.53531158136644,201.391343915824,202.8640027844597,205.38739368261983,209.6827210639275,216.9113473508782,228.84367062202745,247.92420531258117,276.95927513054914,318.3898431984788,378.9515995656787,460.48203357076255,560.240715607754,850.028326137308,939.6164947817178,,,,,150.63856778283463,68.54911111758601,1.0,0.9989243575159994,0.9959632622055804,0.9850236976888772,0.9467357925231062,0.8346349354455199,0.6251337729488619,0.4168994354357674,0.2497480888492261,0.102123365071584,0.0220275798994827,0.0028145558935788,0.0,,,,,,
bepridil,0.0,3.1959681093555797e-09,1.010653855482572e-08,3.195968109355579e-08,1.0106538554825721e-07,3.1959681093555795e-07,1.0106538554825722e-06,3.19596810935558e-06,1.0106538554825723e-05,3.1959681093555805e-05,0.00010106538554825724,0.0003195968109355581,0.0010106538554825726,,,,,,,0.8457573471071589,1.4662609516586228e-05,37350000.0,0.0001765,1000000000.0,1.2007368421052633,-54.93,3.1959681093555785e-09,6.224093689059233e-09,1.212131689824601e-08,2.360605908069348e-08,4.597239969873465e-08,8.953046871719219e-08,1.7435906938181298e-07,3.3956133047535506e-07,6.612899321096065e-07,1.2878509272458722e-06,2.5080678387421027e-06,4.884419578890847e-06,9.512324289688198e-06,1.852509022427988e-05,3.607729902456451e-05,7.025992797605612e-05,0.00013683001811858013,0.00026647413963634274,0.0005189538675160554,0.0010106538554825728,199.59396186990014,199.88538667331386,200.53237267399322,201.96414539567195,205.10797693662113,211.9038987401616,226.11754248144638,254.03674302208645,303.44487992782126,387.14844274792205,519.4852592378345,868.6551740325211,,,,,,,,,200.00227338461488,200.49056765149214,201.34579543480285,202.84075487582004,205.44284289507146,209.94041880233465,217.61947414391005,230.45567290851557,251.16938309515757,282.80637239520087,328.04028610668917,395.05798340303534,484.4679782405508,588.3631095840435,865.0898381008581,,,,,,151.4374696062276,71.05532988688742,1.0,0.9990050008362892,0.9961177244831887,0.9850264065810622,0.9447886143929076,0.8246316408016618,0.6049046378649005,0.39595991222387034,0.2263001260582437,0.08187136661013678,0.015094292275417346,0.001772786967705551,0.0,,,,,,
bepridil,0.0,5.1699005449645205e-09,1.634866099863363e-08,5.16990054496452e-08,1.6348660998633633e-07,5.16990054496452e-07,1.634866099863363e-06,5.16990054496452e-06,1.6348660998633632e-05,5.1699005449645205e-05,0.00016348660998633633,0.0005169900544964521,0.0016348660998633637,,,,,,,0.8698459329359609,1.4696337209988686e-05,37350000.0,0.0001765,1000000000.0,1.235157894736842,-54.93,5.169900544964517e-09,1.006829362933344e-08,1.960783108394826e-08,3.81859184853849e-08,7.436642861362538e-08,1.4482735846362074e-07,2.820488243226868e-07,5.492853017946371e-07,1.069723809316219e-06,2.083268976029926e-06,4.057130998386364e-06,7.90119381004551e-06,1.5387440940095685e-05,2.996678025843401e-05,5.835979631397267e-05,0.00011365471353399138,0.0002213406270131365,0.0004310571171508534,0.0008394764248832493,0.0016348660998633641,199.57581886584921,199.85645431877938,200.4939867142896,201.93733208719638,205.17936792135615,212.3398288321406,227.59954997001125,257.9512556520356,311.8429093329225,404.6756347336145,548.2945000509072,892.3259009288613,,,,,,,,,199.9676864249099,200.44717438495854,201.30066527700043,202.8166270950519,205.49735177038443,210.203086728808,218.3539217804268,232.14874280753133,254.60340549325252,289.0001266778522,338.5361431153142,412.2322139393185,509.55588716975524,706.3313166304209,892.5356785053291,,,,,,155.9656866765767,74.74711615942958,1.0,0.999080176629189,0.9962664685200225,0.9850277670821178,0.9427724369700743,0.8142255428175451,0.5848439674302202,0.3755370831481088,0.20308538827800385,0.06422936551383276,0.010196214508765851,0.0011133025518491,0.0,,,,,,
bepridil,0.0,8.147710119194266e-09,2.5765321691455867e-08,8.147710119194265e-08,2.576532169145587e-07,8.147710119194265e-07,2.576532169145587e-06,8.147710119194267e-06,2.5765321691455874e-05,8.147710119194268e-05,0.0002576532169145588,0.000814771011919427,,,,,,,,0.8950838044428433,1.448735556390516e-05,37350000.0,0.0001765,1000000000.0,1.2695789473684211,-54.93,8.147710119194271e-09,1.493459548593736e-08,2.737482544980832e-08,5.017752701190355e-08,9.197443913009262e-08,1.6858737281509192e-07,3.0901740245998034e-07,5.664229380206871e-07,1.0382423195649544e-06,1.903078144932489e-06,3.4883055308680305e-06,6.393996751571192e-06,1.1720072710755261e-05,2.1482667208367987e-05,3.937731461017105e-05,7.217785812482385e-05,0.00013230062169200218,0.00024250448759257956,0.00044450604804750164,0.0008147710119194271,199.55917080175803,199.79397472312348,200.30015784043144,201.3873385349858,203.7097102213853,208.6158619299199,218.74130549132911,238.72574529282133,275.18935400893383,335.1003912165182,435.5933065666775,576.9901318398349,915.7725889062881,,,,,,,,199.93220715385556,200.34600514955173,201.05634852651247,202.272549557887,204.3487035492671,207.874266657269,213.80515997072,223.628498140526,239.48128871915526,264.02774201771143,299.83487941224774,350.69852597822637,422.7571533243883,515.7355340622721,702.1940156500949,884.3562727357918,,,,,156.71726097475337,75.3396699397453,1.0,0.9991486009990914,0.9964066365122959,0.9850184584842813,0.9406452633365363,0.8032951127227189,0.564744970003625,0.35508847351380607,0.17972446328243952,0.04867601733776379,0.006129404371811995,0.0,,,,,,,
bepridil,0.0,1.2536015175658396e-08,3.9642360737516326e-08,1.2536015175658396e-07,3.964236073751633e-07,1.2536015175658397e-06,3.964236073751633e-06,1.2536015175658398e-05,3.964236073751634e-05,0.000125360151756584,0.0003964236073751634,0.0012536015175658402,,,,,,,,0.918918157466572,1.4576196283344705e-05,37350000.0,0.0001765,1000000000.0,1.304,-54.93,1.2536015175658408e-08,2.297827400768457e-08,4.2118733024308104e-08,7.720282519825793e-08,1.4151128941017496e-07,2.5938746385387724e-07,4.754522178759022e-07,8.714947442890301e-07,1.5974330558736398e-06,2.9280639782624912e-06,5.367084792238425e-06,9.837762897575153e-06,1.8032429628998284e-05,3.305309567939718e-05,6.0585686813633896e-05,0.00011105239528192597,0.00020355689844350931,0.00037311586840383,0.000683914189689713,0.0012536015175658407,199.54367982407285,199.76928639797114,200.2655796733083,201.35385353756888,203.72772862774474,208.84404677528977,219.59920747859996,241.13310801729102,280.69671286135764,346.45963743019973,457.08873484606454,606.6991208684107,998.439764914325,,,,,,,,199.90184370857602,200.30761677593784,201.0140362201662,202.2413615694749,204.36686310622053,208.026784538419,214.26679445558926,224.72787742873265,241.77282043616987,268.30879748194826,307.0389479750498,363.3326853548346,441.4029616325271,540.6285182127566,849.3638533015976,929.8606635147999,,,,,175.40177887870863,83.6085438898891,1.0,0.9992131920363397,0.9965451792785025,0.9850229215295216,0.938503901362413,0.7921753334181304,0.5453999194735791,0.3355782702547352,0.1578038268142382,0.03673947751787735,0.004105452237489731,0.0,,,,,,,
