,drug_conc_ikr,drug_conc_ikr,drug_conc_ikr,drug_conc_ikr,drug_conc_ikr,drug_conc_ikr,drug_conc_ikr,drug_conc_ikr,drug_conc_ikr,drug_conc_ikr,drug_conc_ikr,drug_conc_ikr,drug_conc_ikr,drug_conc_ikr,drug_conc_ikr,drug_conc_ikr,drug_conc_ikr,drug_conc_ikr,drug_conc_ikr,drug_conc_ikr,drug_conc_ikr,drug_conc_ikr,drug_conc_ikr,Hill_curve,Hill_curve,param_values,param_values,param_values,param_values,param_values,drug_conc_AP,drug_conc_AP,drug_conc_AP,drug_conc_AP,drug_conc_AP,drug_conc_AP,drug_conc_AP,drug_conc_AP,drug_conc_AP,drug_conc_AP,drug_conc_AP,drug_conc_AP,drug_conc_AP,drug_conc_AP,drug_conc_AP,drug_conc_AP,drug_conc_AP,drug_conc_AP,drug_conc_AP,drug_conc_AP,APD_trapping,APD_trapping,APD_trapping,APD_trapping,APD_trapping,APD_trapping,APD_trapping,APD_trapping,APD_trapping,APD_trapping,APD_trapping,APD_trapping,APD_trapping,APD_trapping,APD_trapping,APD_trapping,APD_trapping,APD_trapping,APD_trapping,APD_trapping,APD_conductance,APD_conductance,APD_conductance,APD_conductance,APD_conductance,APD_conductance,APD_conductance,APD_conductance,APD_conductance,APD_conductance,APD_conductance,APD_conductance,APD_conductance,APD_conductance,APD_conductance,APD_conductance,APD_conductance,APD_conductance,APD_conductance,APD_conductance,RMSE,ME,peak_current,peak_current,peak_current,peak_current,peak_current,peak_current,peak_current,peak_current,peak_current,peak_current,peak_current,peak_current,peak_current,peak_current,peak_current,peak_current,peak_current,peak_current,peak_current,peak_current,peak_current,peak_current,peak_current
,conc_0,conc_1,conc_2,conc_3,conc_4,conc_5,conc_6,conc_7,conc_8,conc_9,conc_10,conc_11,conc_12,conc_13,conc_14,conc_15,conc_16,conc_17,conc_18,conc_19,conc_20,conc_21,conc_22,Hill_coef,IC50,Kmax,Ku,halfmax,n,Vhalf,conc_0,conc_1,conc_2,conc_3,conc_4,conc_5,conc_6,conc_7,conc_8,conc_9,conc_10,conc_11,conc_12,conc_13,conc_14,conc_15,conc_16,conc_17,conc_18,conc_19,conc_0,conc_1,conc_2,conc_3,conc_4,conc_5,conc_6,conc_7,conc_8,conc_9,conc_10,conc_11,conc_12,conc_13,conc_14,conc_15,conc_16,conc_17,conc_18,conc_19,conc_0,conc_1,conc_2,conc_3,conc_4,conc_5,conc_6,conc_7,conc_8,conc_9,conc_10,conc_11,conc_12,conc_13,conc_14,conc_15,conc_16,conc_17,conc_18,conc_19,RMSE,ME,conc_0,conc_1,conc_2,conc_3,conc_4,conc_5,conc_6,conc_7,conc_8,conc_9,conc_10,conc_11,conc_12,conc_13,conc_14,conc_15,conc_16,conc_17,conc_18,conc_19,conc_20,conc_21,conc_22
sotalol,0.0,5.711145080589595e-13,1.8060226502329018e-12,5.7111450805895946e-12,1.8060226502329016e-11,5.711145080589596e-11,1.8060226502329016e-10,5.711145080589592e-10,1.806022650232902e-09,5.711145080589597e-09,1.806022650232902e-08,5.7111450805895984e-08,1.8060226502329026e-07,5.711145080589599e-07,1.8060226502329029e-06,5.711145080589599e-06,1.806022650232903e-05,5.7111450805896e-05,0.0001806022650232,0.0005711145080589,0.0018060226502329,0.0057111450805896,0.018060226502329,0.6654436129743685,0.0005622505823957,2403.0,0.01985,9619000.0,0.65,-55.0,5.711145080589605e-13,2.0387068008237056e-12,7.277569315916833e-12,2.5978730794725048e-11,9.273624535993514e-11,3.3104046812033923e-10,1.181714777301935e-09,4.218365877812035e-09,1.505829580951606e-08,5.3753581186395226e-08,1.918840967738465e-07,6.849684389778607e-07,2.445131046731517e-06,8.728381477856118e-06,3.115769329616095e-05,0.000111223581829,0.000397034691795,0.0014172942814508,0.0050593137621082,0.018060226502329,199.3594344887616,199.3638049826395,199.3738301555396,199.3969222728577,199.44974583947885,199.5705023790348,199.84616504803049,200.4757128905119,201.9106644196452,205.16757804908912,212.4879820383488,228.57297122052097,262.040609020792,323.55115618768684,425.7396112669777,567.1499998672746,880.3300970035759,,,,199.3578889779708,199.3603050121803,199.3660429195941,199.3792226127018,199.41045067586623,199.48303371993245,199.6520025104321,200.0459187678363,200.96151268417955,203.08221129236645,207.94883476227312,218.8826246743272,242.30625890780232,287.7882025274728,367.9002953268953,497.9774952214648,848.7965346619242,,,,25.33656875121933,13.652232463267392,1.0,0.9999835418031148,0.9999658383869316,0.999927519081906,0.9998480391989186,0.999678367427212,0.9993215423865482,0.9985681599830176,0.9969793929930938,0.9936376493333516,0.986649137382335,0.972190911497812,0.9429667412648132,0.8865639978631457,0.786796890360416,0.6348322603504022,0.449050563457476,0.2753018330804331,0.1483116239991301,0.0714447197805618,0.0302161907339686,0.0096957811908638,0.0
sotalol,0.0,6.26651970396029e-12,1.9816475266838588e-11,6.266519703960289e-11,1.981647526683859e-10,6.266519703960285e-10,1.981647526683859e-09,6.266519703960291e-09,1.9816475266838592e-08,6.26651970396029e-08,1.9816475266838602e-07,6.266519703960291e-07,1.98164752668386e-06,6.266519703960292e-06,1.98164752668386e-05,6.266519703960292e-05,0.0001981647526683,0.000626651970396,0.0019816475266838,0.0062665197039602,0.0198164752668386,,,0.7016143641735361,0.0005556443210685,2403.0,0.01985,9619000.0,0.6844210526315789,-55.0,6.266519703960279e-12,1.981647526683856e-11,6.266519703960279e-11,1.9816475266838558e-10,6.266519703960275e-10,1.9816475266838553e-09,6.2665197039602784e-09,1.9816475266838595e-08,6.26651970396029e-08,1.9816475266838602e-07,6.266519703960291e-07,1.98164752668386e-06,6.266519703960304e-06,1.9816475266838635e-05,6.266519703960304e-05,0.0001981647526683,0.000626651970396,0.0019816475266838,0.0062665197039603,0.0198164752668386,199.36267145623685,199.3707183332941,199.3882018184328,199.42717043826656,199.5125648536257,199.7000614879188,200.11229322916927,201.01691034444227,202.99657651939148,207.30603694024447,216.5728719047072,235.955441046896,273.96303428941883,339.4046422797711,444.57898561911776,582.358242012073,888.2179452695133,,,,199.3595470586121,199.36421072295656,199.37416749719344,199.3965932891629,199.44734355361635,199.5608237623449,199.8149594265919,200.38410277151627,201.6553336578144,204.47996234750315,210.6838896933856,223.96642671939497,250.8952978290746,300.07424127460047,384.0997815908656,514.1555250168041,850.6198243951264,,,,26.55812738260744,14.818372778585644,1.0,0.9999674696071666,0.9999300159854402,0.999847937885192,0.9996653313952258,0.9992650124430564,0.9983867385930116,0.9964602164268916,0.9922501057672636,0.983113204138094,0.9635949906038034,0.9232496738612718,0.8452587798944574,0.7123025780278529,0.5277825017538965,0.3339675917506556,0.1815517423538699,0.0866159867057971,0.035940671981461,0.0112823268253955,0.0,,
sotalol,0.0,1.9301268044771308e-11,6.103596875090212e-11,1.9301268044771307e-10,6.103596875090212e-10,1.930126804477131e-09,6.103596875090213e-09,1.930126804477131e-08,6.103596875090214e-08,1.9301268044771325e-07,6.103596875090215e-07,1.930126804477132e-06,6.103596875090216e-06,1.930126804477132e-05,6.103596875090217e-05,0.0001930126804477,0.000610359687509,0.0019301268044771,0.0061035968750902,0.0193012680447713,,,,0.7391848519540442,0.0005404101644103,2403.0,0.01985,9619000.0,0.718842105263158,-55.0,1.9301268044771272e-11,5.7447356970367365e-11,1.7098352373666228e-10,5.089070573688162e-10,1.514686253856033e-09,4.508238615283537e-09,1.3418102501817165e-08,3.9936988725240255e-08,1.188665139667828e-07,3.537885202067226e-07,1.05299897214989e-06,3.134095008794622e-06,9.328168197635396e-06,2.776390686281153e-05,8.263514421644678e-05,0.000245951230618,0.0007320372998209,0.00217880027265,0.0064848753325287,0.0193012680447713,199.3620929069436,199.36952152082992,199.385717105024,199.4209840293692,199.4982713753252,199.66779249808368,200.03850703277743,200.84914675385863,202.61704880743173,206.45501943258145,214.6960417633412,231.970083539852,266.20331058128266,326.39842318909064,423.74127582201385,556.8878705124573,865.6979244362075,,,,199.35925043390904,199.36323722608665,199.3722756739442,199.39222643468827,199.4372164733023,199.53814886897888,199.7635238968704,200.2676499977188,201.3922888325594,203.8901130593383,209.38159457187385,221.1851614467086,245.35625153518288,290.3516578641473,367.3323550744039,489.7765870185473,850.7131033148014,,,,24.006710774081444,12.728611151965207,1.0,0.9999701022331056,0.9999328451956024,0.9998477019130532,0.9996511252797192,0.9992035396021092,0.9981806114086044,0.9958482605719948,0.990553144494706,0.9786431601215378,0.95242772574958,0.8973508870133463,0.792174721065618,0.6235958244184228,0.4170011670091863,0.233892348136855,0.112118727718514,0.0460052835051163,0.0141953544104447,0.0,,,
sotalol,0.0,5.364076086235326e-11,1.69626979749454e-10,5.364076086235325e-10,1.69626979749454e-09,5.364076086235325e-09,1.6962697974945405e-08,5.364076086235327e-08,1.696269797494541e-07,5.364076086235327e-07,1.696269797494541e-06,5.3640760862353285e-06,1.6962697974945413e-05,5.3640760862353294e-05,0.0001696269797494,0.0005364076086235,0.0016962697974945,0.0053640760862353,0.0169626979749454,0.0536407608623533,,,,0.7667412146028848,0.0005918018416565,2403.0,0.01985,9619000.0,0.7532631578947369,-55.0,5.364076086235336e-11,1.5965375592286588e-10,4.751856866028776e-10,1.4143196033630403e-09,4.2095121903970305e-09,1.2528987676452784e-08,3.729067053299128e-08,1.1099014100026717e-07,3.3034566617300785e-07,9.832247997506904e-07,2.9264225501856327e-06,8.710061976067409e-06,2.592420551916637e-05,7.715954647011743e-05,0.0002296539273719,0.0006835307978098,0.0020344278754606,0.0060551723400221,0.0180223209235509,0.0536407608623532,199.36170988431007,199.36897671744725,199.38539420213533,199.42320599475664,199.5088421252708,199.7035697112989,200.1455605770651,201.1490288599728,203.41873732094493,208.5194169919763,219.8075330284638,243.9022760696974,291.05715904708563,371.0977405169831,496.9669028067008,859.5319463803287,,,,,199.3593371233045,199.3635805401952,199.37339790188483,199.39618166029285,199.4489665529936,199.5703247126781,199.8504410414801,200.4951001351001,201.97620125463047,205.3564300042919,212.95951691722627,229.5129797841805,263.10670829859504,323.2094076509067,427.1254484188648,575.4202492230544,899.9474825892207,,,,74.55634399154768,28.55148306342239,1.0,0.9999727737444248,0.9999355495013732,0.999848469130438,0.9996393252221396,0.9991423463508352,0.9979618318688186,0.9951635467398234,0.9885635955488082,0.9731979765660912,0.9384561730096816,0.8648572406475291,0.7283945725350375,0.5282723581593679,0.3175378676469283,0.16030422561885,0.0704872567998718,0.0270099168384165,0.0078997609295086,0.0,,,
sotalol,0.0,1.3633495056405008e-10,4.3112896846885596e-10,1.3633495056405007e-09,4.31128968468856e-09,1.3633495056405009e-08,4.31128968468856e-08,1.363349505640501e-07,4.311289684688561e-07,1.3633495056405012e-06,4.311289684688561e-06,1.3633495056405012e-05,4.311289684688561e-05,0.000136334950564,0.0004311289684688,0.0013633495056405,0.0043112896846885,0.013633495056405,0.0431128968468856,,,,,0.8047464174374193,0.000572712909367,2403.0,0.01985,9619000.0,0.7876842105263158,-55.0,1.3633495056404984e-10,3.8192283555031476e-10,1.0699021176251183e-09,2.9971775310301142e-09,8.396163541064546e-09,2.3520649503892565e-08,6.588973051551828e-08,1.845806420732183e-07,5.170762296582386e-07,1.4485149920083265e-06,4.057807266560452e-06,1.1367365821821028e-05,3.184404710197929e-05,8.920653665306496e-05,0.0002498993345961,0.0007000571905901,0.0019611099440856,0.0054937686013185,0.0153900058157658,0.0431128968468856,199.36128906918617,199.36790038317804,199.3827721436768,199.4162392423516,199.4915634937519,199.66113329242165,200.04230534617383,200.898963097818,202.8188192775292,207.09746925487133,216.51431319978263,236.6452691747616,276.788816573212,346.46903475362814,459.2082740549369,604.0112762882148,929.523964028742,,,,199.35891904887765,199.3627657656669,199.37130815183423,199.3910978746422,199.4364187689845,199.5400640742006,199.77767382170435,200.32078378835376,201.56033043497752,204.37360750595911,210.6839032116127,224.46331575285632,252.8501040929096,305.11842907954923,395.4882697204996,533.9054113893802,861.5189893543762,,,,30.74994220274585,17.06929475516776,1.0,0.99997480538335,0.9999381524540664,0.99984820064563,0.9996240675238044,0.9990702240119016,0.99770115916545,0.9943269872349556,0.986067318876338,0.9661846202985064,0.920189955317135,0.8229377741797219,0.6514116438798702,0.427576623282271,0.2282605571076011,0.1021673394187196,0.0389744950053486,0.0112322723982965,0.0,,,,
sotalol,0.0,3.2047626184060166e-10,1.0134349234328067e-09,3.204762618406017e-09,1.0134349234328069e-08,3.204762618406017e-08,1.0134349234328069e-07,3.2047626184060175e-07,1.013434923432807e-06,3.204762618406018e-06,1.0134349234328071e-05,3.2047626184060184e-05,0.0001013434923432,0.0003204762618406,0.0010134349234328,0.003204762618406,0.010134349234328,0.0320476261840602,0.1013434923432807,,,,,0.8341343593618176,0.0006088138047271,2403.0,0.01985,9619000.0,0.8221052631578948,-55.0,3.2047626184060203e-10,8.977683429109094e-10,2.5149694174037828e-09,7.045326581652441e-09,1.9736473254366228e-08,5.5288902793339385e-08,1.548839416593884e-07,4.33885177168659e-07,1.2154671746453925e-06,3.4049571877081507e-06,9.538499839378918e-06,2.6720741016738467e-05,7.485432851148413e-05,0.0002096936792806,0.0005874268062335,0.0016455920553516,0.0046098904304346,0.0129139477256839,0.0361765747751135,0.1013434923432807,199.36086675154897,199.3673815422441,199.38242531051225,199.41768291636905,199.5002922162059,199.692442098538,200.14025570808536,201.18221941517223,203.59871567081345,209.16301927229085,221.7531865955233,249.0619652239502,302.4919176746714,393.8778816375283,531.3831971243573,857.2854889122201,,,,,199.35896809394885,199.36277334163503,199.3719625734813,199.3937494713882,199.44531293513683,199.56697605755767,199.85359428458568,200.52945971088093,202.11689042008183,205.82032327076269,214.3197368592565,233.1039694990808,271.35730223219724,339.6200269271508,457.88092470093335,695.5893696792513,,,,,47.29251332774096,21.872974875793847,1.0,0.9999766296438048,0.9999409808361808,0.9998481795494396,0.999610100139078,0.9989968777050188,0.9974202948063408,0.9933810066231664,0.9831218060916598,0.9576292350873984,0.8976011599700745,0.7725116147392039,0.5674167318491963,0.3352267306927079,0.1609449378999989,0.0660998625627348,0.0235646206962197,0.0064592934021618,0.0,,,,
sotalol,0.0,7.0331642137738e-10,2.22408180735126e-09,7.033164213773802e-09,2.2240818073512602e-08,7.033164213773802e-08,2.22408180735126e-07,7.033164213773804e-07,2.2240818073512605e-06,7.033164213773805e-06,2.224081807351261e-05,7.033164213773806e-05,0.0002224081807351,0.0007033164213773,0.0022240818073512,0.0070331642137738,0.0222408180735126,0.070331642137738,,,,,,0.8726325868115294,0.0005870995973342,2403.0,0.01985,9619000.0,0.8565263157894737,-55.0,7.033164213773798e-10,1.8543998745164847e-09,4.88940509574937e-09,1.2891654339964356e-08,3.399079200158811e-08,8.962185227954387e-08,2.3630153735873898e-07,6.230446608482851e-07,1.6427512649747803e-06,4.331361599186183e-06,1.1420288453220422e-05,3.0111313813943588e-05,7.939302262948613e-05,0.0002093316844689,0.0005519345739878,0.0014552587905453,0.0038370093979765,0.0101168542776116,0.0266746129233889,0.070331642137738,199.3605323541198,199.36635725651965,199.379648025574,199.41042825899365,199.48081570892907,199.64240867333035,200.01262284795823,200.86034499372929,202.79674082886285,207.194439575128,217.04985717136333,238.45231907208745,281.50753827804584,356.3302196055975,477.26543591725874,745.1352994218424,,,,,199.3586685089861,199.36193326461256,199.3697795397683,199.388341235828,199.4312979046696,199.53110644495587,199.76395726104136,200.30570363264965,201.56309235150468,204.4652774040973,211.08056035627425,225.7318956343554,256.18853934220994,312.28371884651415,410.08332461094335,556.2770561411065,880.7810848813361,,,,51.82230146893663,21.81629721936394,1.0,0.9999782882855972,0.9999432058060418,0.9998484073975388,0.999593577110476,0.9989124622079796,0.9970900627228034,0.9922379471279898,0.9794588293273748,0.9467516282671504,0.8688524172845948,0.7112943632345814,0.4768240566734007,0.2506954488289622,0.1069088255390915,0.0383094151640112,0.0103750043725548,0.0,,,,,
sotalol,0.0,1.4525453226472467e-09,4.593351624189459e-09,1.4525453226472468e-08,4.59335162418946e-08,1.452545322647247e-07,4.593351624189461e-07,1.452545322647247e-06,4.59335162418946e-06,1.4525453226472471e-05,4.5933516241894606e-05,0.0001452545322647,0.0004593351624189,0.0014525453226472,0.0045933516241894,0.0145254532264724,0.0459335162418946,0.1452545322647248,,,,,,0.9028504620896588,0.0006155565079669,2403.0,0.01985,9619000.0,0.8909473684210527,-55.0,1.4525453226472447e-09,3.829854930404432e-09,1.009799044425775e-08,2.6624875580222792e-08,7.020050212717833e-08,1.8509421702494734e-07,4.880288336686199e-07,1.2867616628986937e-06,3.392741294933614e-06,8.945474384446322e-06,2.3586093075319767e-05,6.21882935045798e-05,0.0001639688199593,0.0004323285365095,0.0011398994243348,0.0030055168416345,0.007924498681645,0.020894136570947,0.0550905439679823,0.1452545322647248,199.36024889973584,199.36582803519488,199.37943878439063,199.41153156339385,199.4877691573344,199.66838783957064,200.0968876859306,201.110775929772,203.50262251729808,209.103664432054,221.98670624657325,250.3322188250121,306.22204809562965,402.6163635107447,545.3750070737742,867.8187321660832,,,,,199.3584649746097,199.36197122426844,199.3701960538156,199.3901995410394,199.43805912375308,199.55301293722067,199.8283377230004,200.48775040877,202.06209069806343,205.79438344036348,214.4938618787932,233.9874090508801,274.0440086825359,346.29165322965326,470.9834047336186,854.6502459421861,,,,,25.313308448372823,12.858948819995042,1.0,0.999979564417079,0.999945080534336,0.9998487915535836,0.9995781531094418,0.9988255031096764,0.9967323461507088,0.9909408261603864,0.9751317155947776,0.9335688015902964,0.834230701148353,0.6426224373545992,0.3900251658677721,0.184010592837511,0.071806914914495,0.0240222721112358,0.0061936630881608,0.0,,,,,
sotalol,0.0,2.842339823242624e-09,8.98826772564709e-09,2.8423398232426245e-08,8.988267725647091e-08,2.842339823242624e-07,8.988267725647091e-07,2.842339823242625e-06,8.988267725647093e-06,2.842339823242625e-05,8.988267725647095e-05,0.0002842339823242,0.0008988267725647,0.0028423398232426,0.008988267725647,0.0284233982324262,0.0898826772564709,,,,,,,0.9422657073086704,0.0005899801854597,2403.0,0.01985,9619000.0,0.9253684210526316,-55.0,2.842339823242625e-09,7.053632713889818e-09,1.7504498953856973e-08,4.343967088365839e-08,1.0780114366339953e-07,2.675224360299799e-07,6.63891414759762e-07,1.6475321364908863e-06,4.08856340121893e-06,1.0146297189316992e-05,2.517934456470708e-05,6.248578972985125e-05,0.0001550665430598,0.0003848176182217,0.0009549745313963,0.0023698924176856,0.0058811935677403,0.0145949400585064,0.0362192253762594,0.0898826772564709,199.359840923192,199.36486055398152,199.3766260890612,199.4038555237002,199.46721872591132,199.61371360686067,199.9534140061707,200.73984646080265,202.5553783739809,206.72534287635523,216.1809464337429,236.97843202674065,279.416420174379,354.07746932580324,475.7135602465143,746.8357270512371,994.5802447968344,,,,199.3582035169047,199.36115014854505,199.3681279627881,199.38438138805483,199.4230363199433,199.51382741729583,199.7274529041964,200.2297095626268,201.40800740482976,204.15785176386115,210.49789431233427,224.71222349491052,254.65251008265503,310.5024611577519,408.54037513834544,556.2280339209427,882.5327295666691,,,,57.44623923921385,27.102642419565463,1.0,0.9999809620994758,0.9999474267793568,0.9998484469105658,0.9995601308279168,0.9987260683365377,0.996313048554062,0.9893759021401178,0.96977659556884,0.9170115304229236,0.7916718374048078,0.5655490100392746,0.306763751944233,0.1283711932046586,0.0438273137906246,0.0112301408725053,0.0,,,,,,
sotalol,0.0,5.300426083957042e-09,1.6761418994671122e-08,5.3004260839570414e-08,1.676141899467112e-07,5.300426083957041e-07,1.676141899467112e-06,5.300426083957042e-06,1.6761418994671123e-05,5.300426083957043e-05,0.0001676141899467,0.0005300426083957,0.0016761418994671,0.005300426083957,0.0167614189946711,0.0530042608395704,0.1676141899467113,,,,,,,0.972553662969512,0.000615794925746,2403.0,0.01985,9619000.0,0.9597894736842104,-55.0,5.300426083957035e-09,1.31536906733065e-08,3.264257921692645e-08,8.100676870071688e-08,2.010287401532522e-07,4.98878735885759e-07,1.2380318999623724e-06,3.072335770341255e-06,7.624397308345027e-06,1.8920924879588248e-05,4.6954714428009046e-05,0.000116524177388,0.000289169768816,0.0007176120619039,0.0017808468481974,0.0044194010456295,0.0109673134564496,0.0272168022793429,0.0675420037235488,0.1676141899467113,199.3596503990176,199.3644801233976,199.37632324528963,199.4044202862976,199.4723523104776,199.6342874779181,200.0217274493182,200.9466990736244,203.1484828282017,208.3541246387038,220.45552388830103,247.43666268348795,301.5982808813019,395.94087117960254,538.5276372673399,864.023625069882,,,,,199.3581688624228,199.36105698949203,199.36849725512536,199.3858348223006,199.428430576254,199.5313552379581,199.77993834109503,200.38085212563385,201.82865848190136,205.29388662644504,213.45673875051585,231.97898491508244,270.64024508929725,340.9845740526625,464.259281368565,858.2033186044823,,,,,24.78366474003073,12.114082918932995,1.0,0.9999825861354787,0.9999493776050612,0.9998487938983972,0.9995430542210392,0.9986241335648968,0.9958588731918476,0.987601716943868,0.9634774187841524,0.8972391494976737,0.7426384677169587,0.4869941946204942,0.2368326379427672,0.0901533530603944,0.0286470779184692,0.0069724324420795,0.0,,,,,,
sotalol,0.0,9.466861092864576e-09,2.993684334588285e-08,9.466861092864576e-08,2.9936843345882853e-07,9.466861092864574e-07,2.993684334588285e-06,9.466861092864577e-06,2.993684334588286e-05,9.466861092864578e-05,0.0002993684334588,0.0009466861092864,0.0029936843345882,0.0094668610928645,0.0299368433458828,0.0946686109286458,0.2993684334588288,,,,,,,1.0045172852928623,0.0006316483207692,2403.0,0.01985,9619000.0,0.9942105263157895,-55.0,9.466861092864565e-09,2.349323629653132e-08,5.830149468451211e-08,1.446826754537026e-07,3.590487120393225e-07,8.910256685040928e-07,2.211195069949773e-06,5.487365639621561e-06,1.361760528146588e-05,3.379384312626122e-05,8.386377851594022e-05,0.0002081187783435,0.0005164735797227,0.0012816957733211,0.0031806933013514,0.0078933004913072,0.01958824279587,0.0486107498697812,0.1206338428376357,0.2993684334588287,199.3593408954542,199.36408885925675,199.37590671642064,199.40527614074705,199.477827679034,199.6567207586224,200.09790778775923,201.1844571386421,203.85084665135187,210.33604873300536,225.76541072882748,260.4261749029554,328.0657111886585,444.9951882850226,604.917267704533,938.1944149233884,,,,,199.35800024129256,199.36102871231176,199.36843496721468,199.38687772134023,199.4330949873516,199.54832388394897,199.83514256537245,200.5481661552789,202.31466438241745,206.6555479600536,217.10237736407345,241.0243319342078,290.1125538383277,380.4624892982198,528.5693203307075,868.3608306114451,,,,,32.382985139923726,17.689462758757216,1.0,0.9999835774407004,0.9999512229779052,0.9998489964759518,0.9995254010220396,0.9985128918429144,0.9953457260513952,0.985522703660957,0.9558833550483404,0.8732932697066338,0.6863732922642596,0.4088916935439584,0.1784104790410343,0.0622482982404735,0.0185112926100942,0.0043225492830058,0.0,,,,,,
sotalol,0.0,1.626458212957551e-08,5.143312472033049e-08,1.626458212957551e-07,5.143312472033048e-07,1.6264582129575509e-06,5.143312472033048e-06,1.626458212957551e-05,5.1433124720330486e-05,0.0001626458212957,0.0005143312472033,0.0016264582129575,0.005143312472033,0.0162645821295755,0.0514331247203304,0.1626458212957551,,,,,,,,1.0436103115945434,0.0006092357985499,2403.0,0.01985,9619000.0,1.0286315789473686,-55.0,1.626458212957551e-08,3.7989533665829046e-08,8.873296938399885e-08,2.0725550160632294e-07,4.840911246889306e-07,1.130702032931918e-06,2.6410050134629265e-06,6.168652109920002e-06,1.4408253168488225e-05,3.365366625772371e-05,7.860559079175923e-05,0.0001836007660028,0.0004288402508941,0.0010016513808235,0.0023395786347333,0.0054646040457712,0.0127637929897845,0.0298126653132618,0.069634082422984,0.1626458212957551,199.3590546245535,199.36335108668592,199.3733467426556,199.3975663692933,199.4555413704698,199.59402865737044,199.9251003491664,200.71624784446155,202.6016488365247,207.0677805199452,217.4969194068709,241.00194099309613,289.42626359350254,374.8289517171162,511.0473171455872,851.7160599172323,,,,,199.3577935363081,199.3603030874029,199.3662996953355,199.3813520029488,199.4172109661731,199.50430929340445,199.71551017569865,200.2264235506496,201.459690417723,204.42059778203705,211.4326870770259,227.5119911282086,261.78309082269266,325.46964081685064,438.6532366256726,598.0764994451666,932.9879148706108,,,,67.54710167212446,26.70215517195209,1.0,0.9999852341157732,0.999953197216239,0.9998487090846369,0.9995055315823602,0.9983873023831998,0.99474980149756,0.98304544061238,0.9466249384050696,0.8442320656415304,0.6228256739874258,0.3331871467109565,0.1293381551201702,0.0398230749424615,0.0092192067417784,0.0,,,,,,,
sotalol,0.0,2.6981064897147773e-08,8.532161877180364e-08,2.698106489714777e-07,8.532161877180365e-07,2.698106489714777e-06,8.532161877180365e-06,2.6981064897147773e-05,8.532161877180366e-05,0.0002698106489714,0.000853216187718,0.0026981064897147,0.0085321618771803,0.0269810648971477,0.0853216187718036,0.2698106489714779,,,,,,,,1.075016822529105,0.0006268482009373,2403.0,0.01985,9619000.0,1.0630526315789477,-55.0,2.6981064897147743e-08,6.302025253918183e-08,1.4719775684324854e-07,3.438129608606829e-07,8.030513140337387e-07,1.8757041949696364e-06,4.381122557852982e-06,1.023308201709226e-05,2.3901629362282437e-05,5.5827548847717904e-05,0.0001303976044102,0.000304572484139,0.0007113964900976,0.0016616240549564,0.0038810909787184,0.0090651475224846,0.0211736596887365,0.04945577151419,0.1155149072961092,0.2698106489714778,199.3586818828936,199.36290412364272,199.37301747339356,199.39786773698196,199.4592485545332,199.61016033376117,199.9823606898916,200.89717296062096,203.14012712934607,208.5984940605289,221.64029270172412,251.36215375439983,311.3958038058556,416.91533560698593,570.0739480584986,898.8117941133635,,,,,199.35765895217227,199.36027365747665,199.3664986549373,199.3820421133144,199.4209070324588,199.517675041025,199.75823248372555,200.355845138974,201.83630183709835,205.4785227976805,214.28503997739023,234.70267081699345,277.75273123306295,357.6208546434264,494.5683378427496,850.5026290088103,,,,,28.53286515281332,15.38207135969535,1.0,0.999986082455742,0.9999546854580478,0.9998489327161794,0.9994862463964233,0.9982572193177696,0.9940993647528074,0.9802202070363156,0.9357698067351335,0.8105536475534164,0.5559766915540563,0.2669590297950203,0.0940570548878204,0.0269448060602352,0.0059432301560196,0.0,,,,,,,
sotalol,0.0,4.33597409603956e-08,1.3711554018974686e-07,4.33597409603956e-07,1.3711554018974685e-06,4.33597409603956e-06,1.3711554018974683e-05,4.33597409603956e-05,0.0001371155401897,0.0004335974096039,0.0013711554018974,0.0043359740960395,0.0137115540189746,0.0433597409603956,0.1371155401897468,0.4335974096039561,,,,,,,,1.107603981615719,0.0006377613402074,2403.0,0.01985,9619000.0,1.0974736842105264,-55.0,4.3359740960395584e-08,1.0127627785538228e-07,2.365531764963528e-07,5.52522332923997e-07,1.2905382751623396e-06,3.014337955979211e-06,7.040653878873875e-06,1.644500642131835e-05,3.8410954557598174e-05,8.971729120842709e-05,0.0002095546032241,0.0004894611856972,0.0011432449997194,0.0026703018902745,0.0062370814540663,0.0145680850567264,0.034026989030527,0.079477568807096,0.1856374637738216,0.4335974096039561,199.35859520729437,199.36256828583004,199.3725981418116,199.3981977886037,199.4631409422153,199.62799711530644,200.04534475465243,201.1021541450892,203.76726314704865,210.4274320941905,226.68407404929047,263.9383637952023,337.08158146939365,464.2213816019878,874.7972380550443,,,,,,199.35757261033936,199.3600547538458,199.36645463394672,199.38273415779645,199.4244086717279,199.5309319638842,199.80308943546737,200.49840066138125,202.26783547054924,206.7313674438676,217.7448796326277,243.48296213202732,296.78201345725773,396.06196247892825,555.2074746850186,898.293583654034,,,,,85.21426120523688,30.909719226953012,1.0,0.9999870662526024,0.9999570074792276,0.9998490693211868,0.9994668102030174,0.9981157178311092,0.9933664146303172,0.9769218003985066,0.9228424876769302,0.7714421299985204,0.4867686155822579,0.2095240591933936,0.0674595892740381,0.0180761443034306,0.0038338581702516,0.0,,,,,,,
sotalol,0.0,6.769921370289995e-08,2.140837111036455e-07,6.769921370289993e-07,2.140837111036455e-06,6.769921370289993e-06,2.1408371110364548e-05,6.769921370289993e-05,0.0002140837111036,0.0006769921370289,0.0021408371110364,0.0067699213702899,0.0214083711103645,0.0676992137028999,0.2140837111036455,,,,,,,,,1.147283512284834,0.0006142732489862,2403.0,0.01985,9619000.0,1.1318947368421053,-55.0,6.769921370289999e-08,1.4882945373821245e-07,3.271855770322764e-07,7.192823673615226e-07,1.581265068863836e-06,3.4762415032929783e-06,7.642143766509276e-06,1.6800432677842795e-05,3.6933947696675306e-05,8.119531910983544e-05,0.000178499192653,0.0003924113129564,0.0008626741457337,0.0018964965003446,0.0041692439649507,0.0091656352838612,0.0201496652301933,0.044296875919093,0.097381926388099,0.2140837111036456,199.35844013383175,199.36190744690447,199.3701108736803,199.39064842874643,199.44058703406324,199.56226474978163,199.8588800650161,200.58136604826183,202.33647108577787,206.57642484463423,216.67693370897337,239.90933872475256,288.7126468659955,376.046054622826,516.0590463740948,854.043994023479,,,,,199.3573892006436,199.3594628310813,199.3646049177051,199.3772121225714,199.4082602772477,199.48510730433256,199.67471830960991,200.1418266766642,201.2909964824725,204.10271098204112,210.89137428841144,226.76605402376413,261.2373368945737,326.2335573244557,442.9330531970105,610.9920487220252,,,,,65.13039889937838,26.041837592263064,1.0,0.9999879081740028,0.9999582008899816,0.9998487782004698,0.999443944819277,0.9979565299058688,0.9925222117195592,0.973012261193803,0.9073084220266834,0.7262004997733529,0.4165988449543006,0.159457750311851,0.0454732516235353,0.0096096940750424,0.0,,,,,,,,
sotalol,0.0,1.0295782526228498e-07,3.255812307664434e-07,1.0295782526228495e-06,3.2558123076644343e-06,1.0295782526228498e-05,3.2558123076644344e-05,0.0001029578252622,0.0003255812307664,0.0010295782526228,0.0032558123076644,0.0102957825262285,0.0325581230766443,0.102957825262285,0.3255812307664436,,,,,,,,,1.17900471693682,0.0006289180705272,2403.0,0.01985,9619000.0,1.1663157894736842,-55.0,1.0295782526228489e-07,2.2634172619945523e-07,4.975879870076833e-07,1.0938937727998751e-06,2.404808028759485e-06,5.286712292349854e-06,1.1622269440151846e-05,2.555031170032665e-05,5.616961741813824e-05,0.0001234828740214,0.0002714638425091,0.0005967841158039,0.0013119658131412,0.0028842159991683,0.0063406392503026,0.0139392147169531,0.0306438671646627,0.0673672523075071,0.1480996722468747,0.3255812307664436,199.35817336787383,199.36154477941275,199.36988021175705,199.39059642019689,199.4431684186575,199.57430995325345,199.90251223149824,200.72424960748137,202.77400504169043,207.8521741296442,220.2157868128972,248.9782989089402,308.38993201799985,414.2965682751578,569.9312973342146,902.9276831714416,,,,,199.35736938623936,199.3593894405836,199.36444611494545,199.37754280331737,199.4107967503396,199.49473726770736,199.706953700645,200.2436326308881,201.5959550223382,204.98199339528836,213.32206551420128,233.04596497345025,275.5051702898939,355.3744365231009,494.2286142268098,851.3450305101044,,,,,28.783846020170284,15.423505133266508,1.0,0.9999891070801122,0.9999593600352634,0.9998489619151496,0.9994222127027382,0.9977912109732308,0.991596288807833,0.9685593017346478,0.8893595066878327,0.6766619635144866,0.3512739687557791,0.1212783502960388,0.0320582001686978,0.0064419964362615,0.0,,,,,,,,
sotalol,0.0,1.5286079325135687e-07,4.833882716143832e-07,1.5286079325135686e-06,4.833882716143832e-06,1.5286079325135686e-05,4.833882716143832e-05,0.00015286079325135688,0.00048338827161438323,0.001528607932513569,0.004833882716143833,0.01528607932513569,0.048338827161438336,0.15286079325135693,0.4833882716143834,,,,,,,,,1.211667550084078,0.0006386313010069548,2403.0,0.01985,9619000.0,1.2007368421052633,-55.0,1.5286079325135695e-07,3.360480441830413e-07,7.387655499965478e-07,1.6240967543451165e-06,3.5704023657934074e-06,7.849146314440753e-06,1.7255505557511114e-05,3.793437657003474e-05,8.339465459073839e-05,0.00018333419560668884,0.0004030405479068257,0.000886041377711795,0.001947866851349427,0.004282176166969113,0.009413904606598194,0.02069545868423631,0.045496744236258324,0.10001970807615802,0.21988259097597793,0.4833882716143834,199.3580716473747,199.36131626866964,199.3694323588234,199.39081654466028,199.44563026673504,199.58689040383868,199.95011634573473,200.8838507121359,203.27529735789082,209.34962585821376,224.44571458332297,259.81229420838366,331.08584786785786,456.8143191554626,737.4170644154158,,,,,,199.35718772091823,199.35925650504947,199.36433164428072,199.3779207845118,199.41309996009264,199.50429871618877,199.74090778810663,200.35464152000614,201.94049017829647,206.00589715338418,216.2180904267359,240.58219324460157,292.26297786853,389.8441763394211,549.4968216532961,894.619874401118,,,,,52.76173968909441,21.781599766073334,1.0,0.9999904286398451,0.9999615765373568,0.9998490789523693,0.9993989325691977,0.9976114010523512,0.9905525420038196,0.9633839328033241,0.8683831519506799,0.6226616522410612,0.2908974374654489,0.09107690028694537,0.02242675630202773,0.004320445132213844,0.0,,,,,,,,
sotalol,0.0,2.220069664683114e-07,7.020476704644916e-07,2.2200696646831136e-06,7.020476704644916e-06,2.2200696646831138e-05,7.020476704644916e-05,0.00022200696646831143,0.0007020476704644918,0.002220069664683115,0.007020476704644919,0.02220069664683115,0.07020476704644919,0.2220069664683115,0.702047670464492,,,,,,,,,1.2449653433356804,0.0006450004568624098,2403.0,0.01985,9619000.0,1.235157894736842,-55.0,2.2200696646831157e-07,4.880584830801529e-07,1.072944181418288e-06,2.358752601069531e-06,5.18546437867606e-06,1.1399686771018708e-05,2.5060987596740214e-05,5.5093890905902805e-05,0.00012111800476475753,0.00026626493131971064,0.0005853548676630742,0.0012868398380462603,0.0028289792402240404,0.006219207165492555,0.013672259314370506,0.030056994370051084,0.06607707547001551,0.14526335697160078,0.31934589611542574,0.702047670464492,199.35801325520353,199.3609514551196,199.36922928212942,199.3908383702377,199.44833108893954,199.6002169748186,200.0018073920386,201.06191181740755,203.8495922108652,211.10580507113326,229.48602752115403,272.6177448442515,357.29977427000136,503.4021967017745,854.689449924982,,,,,,199.35724727916056,199.35912098519302,199.3644232580991,199.37823260538397,199.41516191318306,199.51399588783553,199.77707472170954,200.4768386569922,202.33185459545115,207.20202205705124,219.6672956978041,249.57090114101356,311.71351449492687,429.2627536434482,605.1764908597304,,,,,,68.54535720866618,27.231664158871595,1.0,0.9999902069453709,0.9999628972317421,0.9998486341557014,0.999375429136545,0.9974163778291683,0.9893774003495857,0.9573816609137593,0.8440832780101167,0.5653013414892765,0.23696161065957524,0.06767930308568454,0.01560524775245795,0.002903604718160311,0.0,,,,,,,,
sotalol,0.0,3.159722389376459e-07,9.99191952425903e-07,3.1597223893764585e-06,9.991919524259029e-06,3.159722389376459e-05,9.99191952425903e-05,0.00031597223893764596,0.0009991919524259033,0.00315972238937646,0.009991919524259034,0.031597223893764605,0.09991919524259035,0.3159722389376461,,,,,,,,,,1.2844133957324697,0.0006244689492566096,2403.0,0.01985,9619000.0,1.2695789473684211,-55.0,3.1597223893764605e-07,6.537901921609848e-07,1.35278218365965e-06,2.7990931316638042e-06,5.791710191312432e-06,1.198384811162518e-05,2.4796236486059174e-05,5.1306837181633025e-05,0.00010616093063407313,0.0002196616243015464,0.0004545102318018597,0.0009404444288775375,0.0019459093809627624,0.004026355202548556,0.00833108487768787,0.017238164977423524,0.03566814360332629,0.07380231421231334,0.15270717881109683,0.3159722389376461,199.35769875545128,199.36044310992546,199.36695633007497,199.3838023667659,199.42583882620428,199.53197249637242,199.79852053726233,200.46905898717336,202.15028903543612,206.34268435361503,216.64743361758048,241.04686422823158,293.34189627243825,388.5136234271294,538.1108020811963,870.3425175805796,,,,,199.35696949916905,199.35867156889245,199.36270666408646,199.3731016322667,199.39953578103626,199.46705981874337,199.63855067887326,200.0742735728031,201.1789387056637,203.96498375065832,210.89643637308535,227.5630399881797,264.530103050462,335.08104951084516,463.1382393207698,852.9762993547713,,,,,24.785707878989058,12.364402670945676,1.0,0.9999914933770601,0.999964303133785,0.9998489063061048,0.9993483401704666,0.9971992787108556,0.9880321581923311,0.9503405792395182,0.8158519953167663,0.5050442312590662,0.18863237240339387,0.04798972088934235,0.008889369909935843,0.0,,,,,,,,,
sotalol,0.0,4.4140679538987667e-07,1.3958508481079218e-06,4.414067953898766e-06,1.3958508481079219e-05,4.414067953898766e-05,0.00013958508481079216,0.00044140679538987667,0.001395850848107922,0.004414067953898767,0.01395850848107922,0.044140679538987676,0.1395850848107922,0.4414067953898768,,,,,,,,,,1.3168083905473067,0.0006345102496959379,2403.0,0.01985,9619000.0,1.304,-55.0,4.4140679538987635e-07,9.133316096040375e-07,1.8898092141175807e-06,3.910276210972301e-06,8.090901415800022e-06,1.6741192229977397e-05,3.463983836630926e-05,7.167460868739163e-05,0.000148304662284083,0.00030686282433886445,0.0006349415555179829,0.001313781751804518,0.0027183958529324276,0.005624736378847001,0.011638356237704036,0.024081366093013278,0.04982767162832026,0.10310033285944045,0.21332882489507876,0.4414067953898768,199.3576557958202,199.3601222798013,199.36672344827525,199.38356078116846,199.42729845664127,199.54006837477706,199.83113983893887,200.58104717321996,202.50775998297877,207.42682505594803,219.76518263740542,249.28873181065632,311.5404516945753,424.10582130629973,587.702542931031,981.7488517937809,,,,,199.35697886358844,199.35849782373884,199.3625278084816,199.3733648362291,199.40111117396472,199.47351707118344,199.66221505418574,200.15295318512807,201.4263849508201,204.7091597205998,213.03367070597568,233.2702499720387,277.78782424009387,363.23101311836757,511.4081308226299,862.3947480090713,,,,,39.70350950396391,19.8457147503263,1.0,0.9999920604815942,0.9999664035874651,0.9998490333874941,0.9993229203856568,0.9969714029185909,0.9865539855146036,0.942346857823168,0.7843136114879116,0.44578072351251746,0.149641659773079,0.03517703293704399,0.006196550406290726,0.0,,,,,,,,,
