,drug_conc_ikr,drug_conc_ikr,drug_conc_ikr,drug_conc_ikr,drug_conc_ikr,drug_conc_ikr,drug_conc_ikr,drug_conc_ikr,drug_conc_ikr,drug_conc_ikr,drug_conc_ikr,drug_conc_ikr,drug_conc_ikr,drug_conc_ikr,drug_conc_ikr,drug_conc_ikr,drug_conc_ikr,Hill_curve,Hill_curve,param_values,param_values,param_values,param_values,param_values,drug_conc_AP,drug_conc_AP,drug_conc_AP,drug_conc_AP,drug_conc_AP,drug_conc_AP,drug_conc_AP,drug_conc_AP,drug_conc_AP,drug_conc_AP,drug_conc_AP,drug_conc_AP,drug_conc_AP,drug_conc_AP,drug_conc_AP,drug_conc_AP,drug_conc_AP,drug_conc_AP,drug_conc_AP,drug_conc_AP,APD_trapping,APD_trapping,APD_trapping,APD_trapping,APD_trapping,APD_trapping,APD_trapping,APD_trapping,APD_trapping,APD_trapping,APD_trapping,APD_trapping,APD_trapping,APD_trapping,APD_trapping,APD_trapping,APD_trapping,APD_trapping,APD_trapping,APD_trapping,APD_conductance,APD_conductance,APD_conductance,APD_conductance,APD_conductance,APD_conductance,APD_conductance,APD_conductance,APD_conductance,APD_conductance,APD_conductance,APD_conductance,APD_conductance,APD_conductance,APD_conductance,APD_conductance,APD_conductance,APD_conductance,APD_conductance,APD_conductance,RMSE,ME,peak_current,peak_current,peak_current,peak_current,peak_current,peak_current,peak_current,peak_current,peak_current,peak_current,peak_current,peak_current,peak_current,peak_current,peak_current,peak_current,peak_current
,conc_0,conc_1,conc_2,conc_3,conc_4,conc_5,conc_6,conc_7,conc_8,conc_9,conc_10,conc_11,conc_12,conc_13,conc_14,conc_15,conc_16,Hill_coef,IC50,Kmax,Ku,halfmax,n,Vhalf,conc_0,conc_1,conc_2,conc_3,conc_4,conc_5,conc_6,conc_7,conc_8,conc_9,conc_10,conc_11,conc_12,conc_13,conc_14,conc_15,conc_16,conc_17,conc_18,conc_19,conc_0,conc_1,conc_2,conc_3,conc_4,conc_5,conc_6,conc_7,conc_8,conc_9,conc_10,conc_11,conc_12,conc_13,conc_14,conc_15,conc_16,conc_17,conc_18,conc_19,conc_0,conc_1,conc_2,conc_3,conc_4,conc_5,conc_6,conc_7,conc_8,conc_9,conc_10,conc_11,conc_12,conc_13,conc_14,conc_15,conc_16,conc_17,conc_18,conc_19,RMSE,ME,conc_0,conc_1,conc_2,conc_3,conc_4,conc_5,conc_6,conc_7,conc_8,conc_9,conc_10,conc_11,conc_12,conc_13,conc_14,conc_15,conc_16
terfenadine,0.0,2.496004739396904e-09,7.893060027069227e-09,2.496004739396904e-08,7.893060027069226e-08,2.496004739396904e-07,7.893060027069225e-07,2.496004739396904e-06,7.893060027069226e-06,2.496004739396904e-05,7.893060027069226e-05,0.0002496004739396,0.0007893060027069,0.0024960047393969,0.0078930600270692,0.024960047393969,0.0789306002706922,0.4465737985745643,0.0056153052146699,9884.0,8.18e-05,41380.0,0.65,-77.49,2.4960047393969035e-09,6.194157552825157e-09,1.537160053569907e-08,3.814660847968484e-08,9.466572691131853e-08,2.3492520590450026e-07,5.82997185676004e-07,1.446782677906045e-06,3.590377738550953e-06,8.909985239897513e-06,2.2111277073378908e-05,5.487198470615586e-05,0.0001361719043002,0.0003379281361892,0.0008386122366076,0.0020811243814104,0.0051645784569291,0.0128165672729753,0.0318059640360994,0.0789306002706922,201.18031000204505,202.64500438272324,205.2782405351536,209.99406151780155,218.37198774776044,233.0049012211731,257.67484439902336,296.6119165802199,355.53520238441484,444.0731418849583,559.3375036989232,865.0050850250356,,,,,,,,,203.0509135776144,204.8774181607297,207.5898540796713,211.5967632533874,217.4704528095193,225.9824393893924,238.11531357788044,255.00817599410965,277.7957310376793,307.4083633092566,345.8365060659239,396.9942096235643,459.3710494683463,532.7449756068623,654.2818196231757,858.9783299374594,949.0191582955796,,,,155.86252271470997,79.74883820837529,1.0,0.9908473975866472,0.9809778275998232,0.9610124717983796,0.9222828955865012,0.8529588006357467,0.7452381179746101,0.6102210777341182,0.479519481654608,0.3756945864909636,0.2943734850387246,0.2213862056081297,0.1496501460827192,0.0845452260201992,0.0372274067489296,0.0112167275542299,0.0
terfenadine,0.0,5.681443426890275e-09,1.7966301626365598e-08,5.6814434268902747e-08,1.7966301626365596e-07,5.681443426890275e-07,1.7966301626365597e-06,5.681443426890275e-06,1.7966301626365598e-05,5.681443426890276e-05,0.0001796630162636,0.000568144342689,0.0017966301626365,0.0056814434268902,0.0179663016263656,0.0568144342689027,0.179663016263656,0.4678067606533645,0.0058212017502067,9884.0,8.18e-05,41380.0,0.6844210526315789,-77.49,5.681443426890266e-09,1.4099234331632045e-08,3.4989067707232066e-08,8.682988240536302e-08,2.1547954754366962e-07,5.347402774641628e-07,1.3270269387608546e-06,3.2931884326125544e-06,8.172471662722999e-06,2.028104204927774e-05,5.033002053475745e-05,0.000124900434646,0.0003099565310924,0.0007691970923812,0.0019088617518152,0.0047370865330017,0.0117556909502779,0.0291732626701409,0.0723972124157377,0.179663016263656,200.9760666801711,202.3698816730372,204.95579992313864,209.73402556675603,218.4885459639445,234.22858084875784,261.40245693341353,304.8761695774677,372.9222932458146,474.03039688832496,598.0360466052443,896.3252550810545,,,,,,,,,202.79670520587223,204.5981728919272,207.3255142713248,211.4322687163472,217.5638683968617,226.6055566164639,239.6940415199209,258.145738492651,283.2396425340368,316.0256672244308,360.2475547180132,417.10358007888544,487.3453816353609,565.8695472502816,849.1491050659786,891.3364176786322,,,,,163.79254833966314,86.13060069336582,1.0,0.9918829535474318,0.9824424813266992,0.9625640912488566,0.9225258004006616,0.8487013870154664,0.7326298085484196,0.5895679201302906,0.4567809642311859,0.3545862327382766,0.2731328711371813,0.1971401024146262,0.123339403773921,0.0622014269675709,0.0241319461146506,0.0065637025043273,0.0
terfenadine,0.0,1.19525989797987e-08,3.779743673476879e-08,1.19525989797987e-07,3.779743673476879e-07,1.19525989797987e-06,3.77974367347688e-06,1.1952598979798702e-05,3.77974367347688e-05,0.0001195259897979,0.0003779743673476,0.0011952598979798,0.0037797436734768,0.0119525989797987,0.0377974367347688,0.119525989797987,,0.4933867306254562,0.0056618268980338,9884.0,8.18e-05,41380.0,0.718842105263158,-77.49,1.1952598979798712e-08,2.7917942048540534e-08,6.520853661558999e-08,1.5230897894098276e-07,3.557513520476493e-07,8.309360706355324e-07,1.9408352196247983e-06,4.533250490443892e-06,1.058841049529312e-05,2.4731577717395303e-05,5.776607703899107e-05,0.000134925466325,0.0003151483084224,0.0007360986699298,0.0017193214667238,0.0040158560620944,0.0093799212210097,0.0219088833742864,0.0511730492611125,0.119525989797987,200.79472701142137,202.00032499174188,204.2111428372102,208.25220407200328,215.58821378508247,228.7123285870108,251.4626560267528,288.51410364004295,344.793652021375,432.5219149280585,549.8594377944519,862.7317978064838,,,,,,,,,202.4997200992223,204.11596869067685,206.5497506062261,210.19587805398447,215.62022991756533,223.60149580396487,235.15876906080865,251.5109674346415,273.9207906872442,303.4501234337297,341.7757947789549,393.7591448789816,457.51783613518967,533.0619265677188,670.3987869404357,861.9275608098528,967.277983773243,,,,154.54083653364927,77.27365583796953,1.0,0.9927646060451316,0.9837115492985568,0.96386671142999,0.9223614695542124,0.8435440136168474,0.7183314722221146,0.5670575250317401,0.4325748861095072,0.3314380116293735,0.2485001688497304,0.1688300043487219,0.0945062889173312,0.0399212640900763,0.0112343682326978,0.0,
terfenadine,0.0,2.349341294298682e-08,7.429269491071789e-08,2.349341294298682e-07,7.429269491071788e-07,2.3493412942986822e-06,7.429269491071788e-06,2.3493412942986826e-05,7.429269491071789e-05,0.0002349341294298,0.0007429269491071,0.0023493412942986,0.0074292694910717,0.0234934129429868,0.0742926949107179,0.2349341294298683,,0.5148669794300167,0.0058281684530165,9884.0,8.18e-05,41380.0,0.7532631578947369,-77.49,2.34934129429868e-08,5.4874068993134e-08,1.2817054104359561e-07,2.993706844204235e-07,6.992465348169866e-07,1.6332451435589086e-06,3.814805746097728e-06,8.910323681568821e-06,2.0812034319582424e-05,4.861111537568909e-05,0.0001135420258194,0.0002652025473503,0.0006194392835036,0.0014468376332773,0.0033794097223335,0.0078933598413063,0.0184366900445929,0.0430629727561159,0.1005831099893029,0.2349341294298683,200.6336839584596,201.77406902630605,203.92747169146284,207.98081973674243,215.55504618567284,229.4860074589733,254.2151000542216,295.08878171806987,359.3035198608382,458.0041555107382,584.2071720899154,886.769220475473,,,,,,,,,202.2802843973381,203.8655658482577,206.29624299102065,210.00518215737105,215.62040328842363,224.02224628375376,236.37374047484727,254.06905320947,278.52690923212737,310.9178746560117,354.44468842888506,411.7334854067464,482.87685907951845,563.4244452060649,849.0880919709042,893.4598546889815,,,,,160.3788658405569,82.39911428271837,1.0,0.9935814011779632,0.9849598298785064,0.9652867422367026,0.9225542188330352,0.8389939221523031,0.7050699743381581,0.546953008763152,0.4123125097298092,0.312397176141149,0.2274762665353698,0.1448188391825366,0.0728456337452109,0.0270869000427896,0.0068707665800961,0.0,
terfenadine,0.0,4.352912646251054e-08,1.3765118417904132e-07,4.352912646251054e-07,1.3765118417904132e-06,4.352912646251054e-06,1.3765118417904132e-05,4.3529126462510544e-05,0.000137651184179,0.0004352912646251,0.0013765118417904,0.004352912646251,0.0137651184179041,0.0435291264625105,0.1376511841790413,0.4352912646251055,,0.5371770575891702,0.0059211780786077,9884.0,8.18e-05,41380.0,0.7876842105263158,-77.49,4.3529126462510574e-08,1.0167191520922486e-07,2.3747727515769694e-07,5.546807700068549e-07,1.2955797829964534e-06,3.026113514063937e-06,7.068158302702888e-06,1.650924909455076e-05,3.856100754869886e-05,9.006777320124216e-05,0.0002103732315392,0.0004913732734281,0.0011477111040832,0.0026807334661203,0.0062614467097257,0.0146249955074702,0.0341599159921447,0.0797880491651675,0.1863626594118999,0.4352912646251055,200.49054505282555,201.56686062408977,203.6604567342941,207.71734870232387,215.5218633643458,230.27889450457167,257.0940485671852,302.0311240719488,374.609016008695,485.3410927861971,686.9953121869321,953.3463041070158,,,,,,,,,202.06632383561268,203.6157940202673,206.03753972069973,209.8026332462317,215.6085033724886,224.4484179485597,237.64855401813475,256.8001037625325,283.4925481295619,319.04161915781634,368.21465983162057,431.6196045652087,510.3369032145938,594.6283614372232,856.9077686468978,,,,,,185.34927244271995,96.68804709180752,1.0,0.9942994473365938,0.986098446514464,0.9666171444282932,0.9226607143794924,0.8341713054452489,0.6913081986655965,0.5269461842279852,0.3927259932148554,0.2934063499000832,0.2057054034064922,0.1209746039021167,0.053957459619044,0.0176883285097722,0.0041242625261296,0.0,
terfenadine,0.0,2.422064520918395e-07,7.659240525986667e-07,2.4220645209183943e-06,7.659240525986668e-06,2.4220645209183944e-05,7.659240525986667e-05,0.0002422064520918,0.0007659240525986,0.0024220645209183,0.0076592405259866,0.0242206452091839,0.0765924052598667,0.2422064520918395,,,,0.5612755965381016,0.0058538781168744,9884.0,8.18e-05,41380.0,0.8221052631578948,-77.49,2.422064520918396e-07,5.011585935149302e-07,1.0369663305196698e-06,2.1456265233121147e-06,4.439597547235027e-06,9.186140349807812e-06,1.900739281625245e-05,3.932892029881564e-05,8.137696667940791e-05,0.0001683801806819,0.000348401843954,0.0007208915228559,0.001491624102294,0.0030863762327653,0.0063861385958623,0.0132138025599758,0.027341182073178,0.0565726810103057,0.1170566886291831,0.2422064520918395,201.9482659005011,204.05891510049523,207.8724758830269,214.71913688087028,226.85163585275933,247.7569820744356,281.8289621506816,333.17766028729903,413.430629814652,524.0478433668858,858.1462830452962,948.0827083528118,,,,,,,,,204.1086698572136,206.46520404200515,209.961433718612,215.11347493385472,222.62971849670896,233.4346438883817,248.64244536635533,269.4334901036914,296.8335950521836,331.9282853169671,379.7066938779565,438.4092943958045,509.4871739388869,584.9500154210966,849.8126516917486,908.5221151909756,,,,,213.0295005750212,117.10454580499838,1.0,0.987113134808102,0.9677978893973952,0.922528769017617,0.828722882771072,0.6764056513570225,0.5060919318427026,0.372394688965574,0.2727149857733806,0.1815282529452987,0.0960864606579672,0.0361672729310473,0.0088063872713615,0.0,,,
terfenadine,0.0,4.072558389484445e-07,1.2878560414797972e-06,4.072558389484444e-06,1.2878560414797972e-05,4.072558389484444e-05,0.0001287856041479,0.0004072558389484,0.0012878560414797,0.0040725583894844,0.0128785604147979,0.0407255838948444,0.1287856041479797,0.4072558389484446,,,,0.5834632866774667,0.0059476990869417,9884.0,8.18e-05,41380.0,0.8565263157894737,-77.49,4.072558389484441e-07,8.426685651245775e-07,1.743597617857622e-06,3.607744229250239e-06,7.464920971663797e-06,1.5445952254981982e-05,3.195980800986402e-05,6.612925581832714e-05,0.0001368305614894,0.0002831213254382,0.0005858171160398,0.0012121365033669,0.0025080777986259,0.0051895592835354,0.010737914737766,0.0222182282956754,0.0459725822614841,0.0951236206444191,0.1968239058888846,0.4072558389484446,201.75106657154527,203.81177733296337,207.6293597843676,214.65635740994287,227.40921113808832,249.84920036004047,286.9366996437198,343.8135889620256,433.3299409498779,553.3994779652139,865.2833600402571,,,,,,,,,,203.87616258574525,206.22745136961032,209.77237047869096,215.0787151507324,222.9363157438317,234.38688124325503,250.68988851772625,273.1631807201665,302.9223460338659,341.6751999289741,394.411509386676,459.2919642370679,536.0788653460274,693.1361638400067,865.227194450827,,,,,,162.40609439469213,84.79363809079709,1.0,0.9880921620951564,0.9690365765155372,0.9226388629847936,0.8236969583012417,0.6623666797842452,0.4874596343868511,0.3550091659037973,0.2545588786549725,0.1601138067741405,0.0763208330248035,0.0252503502471318,0.0055816928624783,0.0,,,
terfenadine,0.0,6.57825746423215e-07,2.080227662197722e-06,6.57825746423215e-06,2.080227662197722e-05,6.57825746423215e-05,0.0002080227662197,0.0006578257464232,0.0020802276621977,0.0065782574642321,0.0208022766219772,0.0657825746423215,0.2080227662197722,0.6578257464232153,,,,0.6061642794946352,0.0060009921425786,9884.0,8.18e-05,41380.0,0.8909473684210527,-77.49,6.578257464232157e-07,1.361132302662037e-06,2.8163706808734826e-06,5.827459826330513e-06,1.2057819042827048e-05,2.494929255670453e-05,5.162353132595102e-05,0.0001068162145481,0.000221017497202,0.0004573157200535,0.0009462493714552,0.0019579206087089,0.0040512080912791,0.0083825089361859,0.0173445684551473,0.0358883070910477,0.0742578628688289,0.1536497718840938,0.3179225941599792,0.6578257464232153,201.56896404208229,203.57755382036265,207.39333043356743,214.59372765143505,227.9777396858239,252.0214100409604,292.28863650515865,355.7977388060147,454.67322711057415,582.3372409475946,886.6067882910352,,,,,,,,,,203.648099153988,205.9896359293135,209.5782462349514,215.03692144335656,223.24452898802951,235.3729102273996,252.84107228209183,277.1151704097573,309.4117993065488,352.7716164775463,410.2796853916085,481.8035203508374,563.0530330376645,849.1856067818154,894.7572323768644,,,,,,167.53575228897893,89.41333377181981,1.0,0.988991707848342,0.9702121655724258,0.9227033537662456,0.8184682517545956,0.6480654461400692,0.4693069483351465,0.3381293028577402,0.236127615352905,0.1387661521845368,0.0588630501469187,0.0171619603647805,0.0035144442130896,0.0,,,
terfenadine,0.0,1.0253267517772234e-06,3.2423678815181224e-06,1.0253267517772232e-05,3.242367881518123e-05,0.0001025326751777,0.0003242367881518,0.0010253267517772,0.0032423678815181,0.0102532675177722,0.0324236788151812,0.1025326751777223,0.3242367881518124,,,,,0.6318466822342663,0.0058613207142021,9884.0,8.18e-05,41380.0,0.9253684210526316,-77.49,1.0253267517772223e-06,1.9968064594508764e-06,3.888746713760836e-06,7.573268271550126e-06,1.4748811515522978e-05,2.872306028529197e-05,5.59376727598829e-05,0.0001089376689918,0.0002121542627687,0.0004131668285865,0.0008046353913252,0.0015670137779162,0.0030517327557952,0.0059431977842453,0.0115742768876411,0.0225407079378889,0.0438976464165755,0.0854899218881922,0.1664901729603788,0.3242367881518124,201.40069880420376,203.1383929897213,206.34186195821025,212.21669117883664,222.87310528135703,241.73891282396352,273.49155604652265,322.6570375526577,400.191651909704,510.5971845626825,860.0243875771052,979.8976832136182,,,,,,,,,203.3939934534812,205.4794015382058,208.6187340803899,213.3146729551029,220.2735110344261,230.4412834725852,244.99570732518083,265.2343526555309,292.33291691783944,327.369243654002,375.3020207311755,435.0308783348341,507.9632757139645,585.8393710135956,850.6789723704093,918.7698232264448,,,,,220.0949054258174,117.73187064548574,1.0,0.9897973497947984,0.971271262293562,0.9225698359046898,0.812659440111647,0.6327973792666345,0.4505370659526022,0.3202281630889763,0.2157547754135682,0.1160809154097124,0.0420390171693272,0.0092533965051128,0.0,,,,
terfenadine,0.0,1.548062079181382e-06,4.895402129549097e-06,1.548062079181382e-05,4.895402129549097e-05,0.0001548062079181,0.0004895402129549,0.0015480620791813,0.004895402129549,0.0154806207918138,0.0489540212954909,0.1548062079181382,0.4895402129549098,,,,,0.6541685689268687,0.0059361284640295,9884.0,8.18e-05,41380.0,0.9597894736842104,-77.49,1.5480620791813805e-06,3.0148246439316258e-06,5.871319862355799e-06,1.1434295853817311e-05,2.226809724860824e-05,4.33667417227034e-05,8.445599400106836e-05,0.0001644766159357,0.0003203154199963,0.0006238088478642,0.0012148571513606,0.0023659136981866,0.0046075768011062,0.0089731776752315,0.0174751113366012,0.0340324829485482,0.0662776833482816,0.1290746642452216,0.2513707194994863,0.4895402129549098,201.24525363431871,202.9318308723832,206.1141124583024,212.08519954086188,223.1601766220616,243.1672364699038,277.33870997300966,330.7545827026637,416.399949410227,536.280266134028,860.3456865114458,,,,,,,,,,203.1950398813005,205.2651740578057,208.42797310087093,213.22897654095328,220.44358265019983,231.1229705290836,246.58065493222225,268.254929647345,297.4180422973285,335.4815854390593,388.048237584809,453.34041047331925,531.68165811507,681.0098754964683,865.2197278574299,963.7658404827372,,,,,160.27314803518428,81.1232579698389,1.0,0.9905725742081318,0.9723725446244984,0.9226554629085016,0.8072688966269722,0.6185540947932912,0.4340740244576055,0.3047799210794712,0.1976001581310778,0.0971908965325834,0.030963222734677,0.0061614970441165,0.0,,,,
terfenadine,0.0,2.2715645366669653e-06,7.18331778793268e-06,2.2715645366669653e-05,7.18331778793268e-05,0.0002271564536666,0.0007183317787932,0.0022715645366669,0.0071833177879326,0.0227156453666696,0.0718331778793268,0.2271564536666966,0.7183317787932683,,,,,0.6769032511121972,0.0059817184226591,9884.0,8.18e-05,41380.0,0.9942105263157895,-77.49,2.2715645366669653e-06,4.423833409217108e-06,8.615340535832056e-06,1.677822957657132e-05,3.267531754006813e-05,6.363462673291582e-05,0.0001239273563132,0.0002413464246008,0.0004700180686527,0.0009153522171518,0.0017826329184461,0.003471647375057,0.0067609743834673,0.0131668829450601,0.0256422812239684,0.0499379077882492,0.0972532284661429,0.1893990130141848,0.368851365620583,0.7183317787932683,201.1014727062257,202.7368691995234,205.89379100450708,211.955112575048,223.4504406594886,244.6391684901062,281.3458038662551,339.4542438754679,433.6604740921445,561.7032264857935,873.845774405345,,,,,,,,,,203.0012276586397,205.05276915460863,208.23532360193752,213.1382078766084,220.61232614592865,231.82247614311552,248.231465520146,271.4284173734821,302.7871011566792,344.4766347731413,401.6315525719713,472.92795058051706,555.7352177351297,850.7527132520473,890.7241715713909,,,,,,163.26602750649465,84.4880795803315,1.0,0.9912851711663956,0.9734220273786944,0.922708682542834,0.8016999487733937,0.6042141304689914,0.4181498337643942,0.2894679038120769,0.1792060960814973,0.0796629975118524,0.022296602014282,0.004080141035565,0.0,,,,
terfenadine,0.0,3.248749058021503e-06,1.0273446569674465e-05,3.248749058021503e-05,0.0001027344656967,0.0003248749058021,0.0010273446569674,0.0032487490580215,0.0102734465696744,0.032487490580215,0.1027344656967447,0.3248749058021505,1.0273446569674471,,,,,0.6998973831506469,0.0060093742550467,9884.0,8.18e-05,41380.0,1.0286315789473686,-77.49,3.248749058021503e-06,6.326883691416427e-06,1.2321498684508778e-05,2.3995909714338907e-05,4.673162719585681e-05,9.100905139126998e-05,0.0001772385840626,0.0003451691364795,0.0006722110391938,0.0013091195980693,0.0025494882144522,0.004965085058093,0.0096694189423406,0.0188310293959809,0.0366731103726961,0.0714202604715275,0.1390897459741658,0.2708749213099052,0.5275243151876595,1.0273446569674471,200.96864882594303,202.55239379515515,205.6805762592659,211.82637818121736,223.744194809576,246.1559453692053,285.51503173027936,349.10279664887497,451.9967152776608,586.9442744169806,898.1630257363508,,,,,,,,,,202.814550604306,204.8448541988167,208.04298824098163,213.04491579654825,220.780867413777,232.53922782024424,249.9447538945521,274.7465764523828,308.4282692682653,354.4319369517581,416.0866870469801,493.5786531653291,579.7526548102827,851.3890411872553,950.905601178358,,,,,,168.9743119511191,88.81312303289974,1.0,0.9919421400353452,0.9744261916868104,0.9227419262712496,0.7959807929336561,0.5898740001255586,0.4028095562332785,0.2742683355549293,0.1608040451597783,0.0639446206103554,0.0157835496701017,0.0027089706648831,0.0,,,,
terfenadine,0.0,4.539879225047387e-06,1.4356358653229888e-05,4.539879225047387e-05,0.0001435635865322,0.0004539879225047,0.0014356358653229,0.0045398792250473,0.0143563586532298,0.0453987922504738,0.1435635865322989,0.4539879225047389,,,,,,0.7256209463842765,0.0058848314518787,9884.0,8.18e-05,41380.0,1.0630526315789477,-77.49,4.539879225047387e-06,8.321511049020775e-06,1.5253169237834051e-05,2.795876499201253e-05,5.124787692905609e-05,9.39363698820745e-05,0.0001721835540394,0.0003156091332769,0.0005785054534591,0.0010603893373019,0.0019436732012468,0.0035627154860473,0.0065303887641088,0.0119700766388484,0.0219409195861952,0.0402172823794214,0.0737175028435806,0.1351227607630186,0.2476774140730388,0.4539879225047389,200.84599676410747,202.1897439981896,204.73885587242185,209.55439220934744,218.5709338348985,235.11636058057417,264.1528280965716,311.0237493730513,385.8160981428916,496.42815851561295,723.7737563483323,961.883658652226,,,,,,,,,202.61048566657885,204.3870380088026,207.11626694236597,211.2847096462378,217.59616703359973,227.0258071688641,240.8355746121516,260.4836957812527,287.36393395190663,322.654459311546,371.2251041776446,432.87923121334927,508.8635912813231,590.1683821908845,853.4493691583993,953.6180918773002,,,,,193.0473494858372,102.3860049061604,1.0,0.9925357015348316,0.9753452755551916,0.9226231568443424,0.7897479565092846,0.5748344668384391,0.3869448237819201,0.2577895610729289,0.1410813596184121,0.0485836813989081,0.0092490734796459,0.0,,,,,
terfenadine,0.0,6.212355767195439e-06,1.9645193859620328e-05,6.212355767195438e-05,0.0001964519385962,0.0006212355767195,0.001964519385962,0.0062123557671954,0.0196451938596203,0.0621235576719544,0.1964519385962033,0.6212355767195442,,,,,,0.7481417606108612,0.0059383460840195,9884.0,8.18e-05,41380.0,1.0974736842105264,-77.49,6.212355767195443e-06,1.1387128290097896e-05,2.087238650752376e-05,3.8258681857330274e-05,7.012742586636118e-05,0.0001285422189133,0.0002356154077958,0.0004318784976646,0.0007916249556425,0.0014510332739064,0.0026597160018465,0.004875208127677,0.0089361624593255,0.0163798134168085,0.0300238820400444,0.0550331966437099,0.1008747879033686,0.1849015404361879,0.3389209570227358,0.6212355767195442,200.73272252490185,202.02943673863405,204.54163739704344,209.38754166687028,218.64958609540912,235.9750260594436,266.8459000196358,317.0905022087521,398.6044449857206,518.1865698962931,858.1150771586803,,,,,,,,,,202.44826435946692,204.202232012481,206.93420197053612,211.16307083198143,217.6507345319184,227.4631882308752,241.98932427367407,262.83046817217473,291.48864250540066,329.33442061084435,382.1115050250325,448.7478489368209,529.7458285082952,688.1472790261844,868.35354537207,,,,,,158.7938402875659,77.50385383881807,1.0,0.993102290695548,0.976287688248566,0.9226829084651216,0.7838931518077167,0.56092610539403,0.3730967059366349,0.2430988138181188,0.123896549650635,0.0376717488149562,0.0064646785821751,0.0,,,,,
terfenadine,0.0,8.340342605399442e-06,2.6374479099205192e-05,8.340342605399441e-05,0.000263744790992,0.0008340342605399,0.0026374479099205,0.0083403426053994,0.0263744790992051,0.0834034260539944,0.2637447909920519,0.8340342605399443,,,,,,0.770967299749035,0.0059729897116865,9884.0,8.18e-05,41380.0,1.1318947368421053,-77.49,8.34034260539945e-06,1.5287687117431147e-05,2.8022035599492786e-05,5.136385073213016e-05,9.414894762607096e-05,0.0001725732049437,0.0003163233558684,0.0005798146096926,0.0010627889954254,0.0019480717282998,0.0035707779012916,0.0065451670157342,0.0119971648890176,0.0219905718262455,0.0403082939776833,0.0738843253476567,0.1354285431951228,0.2482379073727976,0.4550152959117465,0.8340342605399443,200.62787670539475,201.87803284278917,204.3514044503657,209.22339097756495,218.72826667894253,236.85255829473545,269.6326044737529,323.42739707379843,412.0639689686861,540.0784059405665,864.9819987461891,,,,,,,,,,202.29145912841503,204.02102685949976,206.7523109313151,211.03876668064407,217.7023478631619,227.9073413621636,243.1796127946797,265.2730291267634,295.80193495467205,336.4831069888404,393.5665622552089,465.56763639277074,550.8626521901148,851.6027350616394,891.883080471804,,,,,,159.93737428826972,79.80258238249289,1.0,0.9936238891046608,0.9771884888090974,0.9227220653519138,0.7778879837110686,0.5471234322059347,0.3596578383640146,0.2282634285870438,0.1073196744601415,0.0286970629161303,0.0045034673734306,0.0,,,,,
terfenadine,0.0,1.1004251399971656e-05,3.479849836900698e-05,0.0001100425139997,0.00034798498369,0.0011004251399971,0.0034798498369006,0.0110042513999716,0.0347984983690069,0.1100425139997165,0.3479849836900698,1.1004251399971658,,,,,,0.7940002135451154,0.0059951879563827,9884.0,8.18e-05,41380.0,1.1663157894736842,-77.49,1.1004251399971658e-05,2.017058055329889e-05,3.697228508048867e-05,6.776948538793366e-05,0.0001242201594991,0.0002276931562584,0.0004173571634102,0.0007650076300587,0.0014022442295372,0.0025702866246178,0.0047112858042351,0.0086356960023817,0.0158290641969785,0.02901436934359,0.0531827793437685,0.0974830086855854,0.1786844745545889,0.327525195183791,0.6003473650835169,1.1004251399971658,200.53103490158244,201.7354379881744,204.16823763151305,209.0617668598912,218.80730420114435,237.74971621010968,272.51377901997245,330.07348277942486,426.2556018452474,561.7211583153952,879.6128381194246,,,,,,,,,,202.14103026871143,203.84440746434584,206.57210968972996,210.91317368692523,217.75260063924787,228.3585454455594,244.4050409229102,267.8076475859221,300.29748541559536,344.2837407632361,405.6234062132685,483.2238539140959,571.9065022013906,849.8939441888493,940.35050655857,,,,,,163.090367372902,82.74828816149342,1.0,0.9941057298118844,0.9780527439192932,0.922748166063184,0.7717535749291069,0.5334895884297352,0.3466161942699652,0.2133178118087771,0.0916621126602408,0.0215417801759189,0.0031429613445465,0.0,,,,,
terfenadine,0.0,1.4290108880380793e-05,4.518929207380195e-05,0.00014290108880380791,0.0004518929207380195,0.0014290108880380791,0.004518929207380195,0.014290108880380794,0.04518929207380196,0.14290108880380795,0.4518929207380196,1.4290108880380796,,,,,,0.8171771523710821,0.0060090745824774505,9884.0,8.18e-05,41380.0,1.2007368421052633,-77.49,1.4290108880380783e-05,2.6193493933433296e-05,4.80121691292896e-05,8.800537989921247e-05,0.00016131216380473685,0.0002956820846767251,0.0005419795577511601,0.0009934380750233705,0.0018209528289243441,0.003337771410754079,0.006118070613080193,0.011214305421286768,0.02055560552260228,0.037678028422410664,0.06906309932047501,0.1265913288847354,0.23203946400436493,0.4253238616718986,0.7796104343013525,1.4290108880380796,200.44152928674683,201.6007474082921,203.99184500682802,208.90281770461115,218.88671704719542,238.66635775872766,275.4909918103434,337.1080361153018,441.20643274502584,583.2116095425147,903.3698917113257,,,,,,,,,,201.99703072503527,203.67271473170723,206.39443372767704,210.78682860253332,217.80125164814535,228.81655875755848,245.66440933618327,270.4322180411035,304.9718113100821,352.7984138970926,418.314543921677,501.550781681137,593.1010284545937,860.0906829258869,983.1418263362691,,,,,,168.51714892523316,86.47516013073795,1.0,0.9945508112519315,0.9788817708740857,0.9227658070527809,0.7655025755528512,0.5200745497909746,0.33393697117717086,0.19830405029114434,0.07718479050699241,0.01598595955018859,0.002205782268812664,0.0,,,,,
terfenadine,0.0,1.8288832723718297e-05,5.783436715277078e-05,0.00018288832723718294,0.0005783436715277078,0.0018288832723718294,0.0057834367152770775,0.018288832723718295,0.05783436715277078,0.18288832723718296,0.5783436715277078,1.8288832723718298,,,,,,0.8404561569910122,0.006017393723464038,9884.0,8.18e-05,41380.0,1.235157894736842,-77.49,1.828883272371829e-05,3.35230776062167e-05,6.144715461993392e-05,0.00011263144915387718,0.0002064512737321609,0.0003784212024778384,0.0006936387647118933,0.0012714264760025388,0.002330500205754312,0.0042717619237386765,0.007830057207481452,0.014352343826027989,0.02630756938834433,0.048221267237721015,0.0883886526986387,0.16201469545307204,0.2969698116368726,0.5443399364299297,0.9977646036118145,1.8288832723718298,200.35884653319047,201.47363686708013,203.82177779707536,208.7465717844304,218.96614118002066,239.6033528351661,278.5663837137215,344.71248186068624,456.90841253092054,605.2387371347058,964.9181047343826,,,,,,,,,,201.85968932676175,203.50660425008132,206.2199579008971,210.660551577219,217.84903031848836,229.28116659344835,246.95702506798978,273.14506599690804,309.8249501678475,361.63617974341946,431.6559175964254,520.3289514253664,693.6397484306059,877.329410756817,,,,,,,183.79557646380104,93.70166440289944,1.0,0.9949615600703643,0.9796802909570835,0.9227775457581701,0.759144875051158,0.5069173312841513,0.3215783086960598,0.18327797283614117,0.06408558529396748,0.011768637253183493,0.0015606096518959514,0.0,,,,,
terfenadine,0.0,2.3095441729930342e-05,7.303419943427926e-05,0.00023095441729930341,0.0007303419943427927,0.002309544172993034,0.007303419943427927,0.023095441729930343,0.07303419943427927,0.23095441729930344,0.7303419943427928,2.309544172993035,,,,,,0.86381214190625,0.006021815930796319,9884.0,8.18e-05,41380.0,1.2695789473684211,-77.49,2.3095441729930362e-05,4.2333499199116895e-05,7.759648745402156e-05,0.00014223286473157275,0.00026071009749941164,0.0004778765798356656,0.0008759385529973515,0.0016055784715186205,0.0029429943680214566,0.005394451908671824,0.00988792629410867,0.01812437816723404,0.03322163557637256,0.06089461719379551,0.11161865870975235,0.20459484838396488,0.3750184106234944,0.6874015128799037,1.259993713705896,2.309544172993035,200.2824877064458,201.35375871088797,203.6579899401651,208.59270758041242,219.04623148169253,240.56089436049126,281.7403408427336,353.01694642356483,473.3080059262079,730.8700566331037,,,,,,,,,,,201.7288771358155,203.346118738,206.04884303434227,210.53450117142575,217.89575961878114,229.75252943254026,248.28299431866333,275.9453348239774,314.8598009107413,370.7236378628345,445.6481914433397,539.2851162855567,852.000872702256,903.6449660763838,,,,,,,127.28094774800861,63.33110225585837,1.0,0.9953424340314992,0.9804480732249086,0.9227858971185163,0.7526886693931134,0.49404563425580883,0.30948975959665076,0.16831397303051582,0.05248877532609112,0.008624177635570883,0.0011142439493226253,0.0,,,,,
terfenadine,0.0,2.880822485937342e-05,9.109960590190392e-05,0.0002880822485937342,0.0009109960590190392,0.002880822485937342,0.009109960590190392,0.02880822485937342,0.09109960590190393,0.28808224859373427,0.9109960590190395,,,,,,,0.8886916264841821,0.005957996502247961,9884.0,8.18e-05,41380.0,1.304,-77.49,2.8808224859373423e-05,4.9700253452493546e-05,8.57434015910353e-05,0.00014792542101277112,0.0002552024969358508,0.0004402780400852811,0.0007595723196629318,0.0013104221793264384,0.00226075416865201,0.0039002769425838957,0.006728798929041425,0.011608594900820971,0.02002727039289972,0.03455125816837248,0.05960819510584726,0.10283668705961121,0.17741493743632944,0.3060781217824627,0.5280492048055488,0.9109960590190395,200.21191737844316,201.0976510122416,202.89642228083267,206.53863608608611,213.8626399187039,228.34419387776705,255.82839296513123,303.5808894918299,383.1354343131752,506.0257930024162,858.0004508531439,,,,,,,,,,201.59461413065827,202.9790914478388,205.2085385756723,208.77994782194486,214.45350398741436,223.34832124183168,237.00525392950658,257.3180071661582,286.19279064107934,325.2540328368306,380.5702953161213,451.973104554474,539.2101565093053,856.8937566236915,886.3089715874369,,,,,,157.40843011618463,74.25618400770132,1.0,0.9956899480320968,0.9811719921197025,0.9227300073780087,0.7459355866918562,0.4810649975808279,0.29705702812662094,0.15282504396549687,0.04166975905168628,0.005512433432987723,0.0,,,,,,
