,drug_conc_ikr,drug_conc_ikr,drug_conc_ikr,drug_conc_ikr,drug_conc_ikr,drug_conc_ikr,drug_conc_ikr,drug_conc_ikr,drug_conc_ikr,drug_conc_ikr,drug_conc_ikr,drug_conc_ikr,drug_conc_ikr,drug_conc_ikr,drug_conc_ikr,drug_conc_ikr,drug_conc_ikr,drug_conc_ikr,drug_conc_ikr,drug_conc_ikr,drug_conc_ikr,Hill_curve,Hill_curve,param_values,param_values,param_values,param_values,param_values,drug_conc_AP,drug_conc_AP,drug_conc_AP,drug_conc_AP,drug_conc_AP,drug_conc_AP,drug_conc_AP,drug_conc_AP,drug_conc_AP,drug_conc_AP,drug_conc_AP,drug_conc_AP,drug_conc_AP,drug_conc_AP,drug_conc_AP,drug_conc_AP,drug_conc_AP,drug_conc_AP,drug_conc_AP,drug_conc_AP,drug_conc_AP,drug_conc_AP,drug_conc_AP,drug_conc_AP,drug_conc_AP,drug_conc_AP,drug_conc_AP,drug_conc_AP,drug_conc_AP,drug_conc_AP,APD_trapping,APD_trapping,APD_trapping,APD_trapping,APD_trapping,APD_trapping,APD_trapping,APD_trapping,APD_trapping,APD_trapping,APD_trapping,APD_trapping,APD_trapping,APD_trapping,APD_trapping,APD_trapping,APD_trapping,APD_trapping,APD_trapping,APD_trapping,APD_trapping,APD_trapping,APD_trapping,APD_trapping,APD_trapping,APD_trapping,APD_trapping,APD_trapping,APD_trapping,APD_trapping,APD_conductance,APD_conductance,APD_conductance,APD_conductance,APD_conductance,APD_conductance,APD_conductance,APD_conductance,APD_conductance,APD_conductance,APD_conductance,APD_conductance,APD_conductance,APD_conductance,APD_conductance,APD_conductance,APD_conductance,APD_conductance,APD_conductance,APD_conductance,APD_conductance,APD_conductance,APD_conductance,APD_conductance,APD_conductance,APD_conductance,APD_conductance,APD_conductance,APD_conductance,APD_conductance,RMSE,ME,peak_current,peak_current,peak_current,peak_current,peak_current,peak_current,peak_current,peak_current,peak_current,peak_current,peak_current,peak_current,peak_current,peak_current,peak_current,peak_current,peak_current,peak_current,peak_current,peak_current,peak_current
,conc_0,conc_1,conc_2,conc_3,conc_4,conc_5,conc_6,conc_7,conc_8,conc_9,conc_10,conc_11,conc_12,conc_13,conc_14,conc_15,conc_16,conc_17,conc_18,conc_19,conc_20,Hill_coef,IC50,Kmax,Ku,halfmax,n,Vhalf,conc_0,conc_1,conc_2,conc_3,conc_4,conc_5,conc_6,conc_7,conc_8,conc_9,conc_10,conc_11,conc_12,conc_13,conc_14,conc_15,conc_16,conc_17,conc_18,conc_19,conc_20,conc_21,conc_22,conc_23,conc_24,conc_25,conc_26,conc_27,conc_28,conc_29,conc_0,conc_1,conc_2,conc_3,conc_4,conc_5,conc_6,conc_7,conc_8,conc_9,conc_10,conc_11,conc_12,conc_13,conc_14,conc_15,conc_16,conc_17,conc_18,conc_19,conc_20,conc_21,conc_22,conc_23,conc_24,conc_25,conc_26,conc_27,conc_28,conc_29,conc_0,conc_1,conc_2,conc_3,conc_4,conc_5,conc_6,conc_7,conc_8,conc_9,conc_10,conc_11,conc_12,conc_13,conc_14,conc_15,conc_16,conc_17,conc_18,conc_19,conc_20,conc_21,conc_22,conc_23,conc_24,conc_25,conc_26,conc_27,conc_28,conc_29,RMSE,ME,conc_0,conc_1,conc_2,conc_3,conc_4,conc_5,conc_6,conc_7,conc_8,conc_9,conc_10,conc_11,conc_12,conc_13,conc_14,conc_15,conc_16,conc_17,conc_18,conc_19,conc_20
verapamil,0.0,6.132580661219738e-13,1.939292282415581e-12,6.132580661219739e-12,1.9392922824155807e-11,6.13258066121974e-11,1.9392922824155808e-10,6.132580661219737e-10,1.939292282415581e-09,6.132580661219739e-09,1.939292282415581e-08,6.13258066121974e-08,1.9392922824155815e-07,6.132580661219742e-07,1.939292282415582e-06,6.132580661219743e-06,1.9392922824155823e-05,6.132580661219743e-05,0.0001939292282415,0.0006132580661219,0.0019392922824155,0.5594383493051366,0.0006235734616602,46460.0,0.0007927,9184000.0,0.65,-100.0,6.132580661219741e-13,1.9392922824155817e-12,6.132580661219741e-12,1.9392922824155817e-11,6.132580661219741e-11,1.9392922824155816e-10,6.13258066121974e-10,1.939292282415581e-09,6.132580661219741e-09,1.9392922824155817e-08,6.132580661219743e-08,1.9392922824155815e-07,6.132580661219741e-07,1.939292282415581e-06,6.132580661219741e-06,1.9392922824155816e-05,6.132580661219742e-05,0.0001939292282415,0.0006132580661219,0.0019392922824155,0.0061325806612197,0.0193929228241558,0.0613258066121974,0.1939292282415584,0.6132580661219749,1.939292282415584,6.132580661219749,19.392922824155843,61.3258066121975,193.9292282415585,210.5482871604556,210.55994711931612,210.5847798881514,210.6371211894408,210.7483132018511,210.9827024817777,211.4770032905883,212.5157687171788,214.68688270905977,219.1660939633611,228.1656360764835,245.31564020339027,275.15953270876565,322.09577816076825,394.5190226456409,478.14309984414615,526.5402197506528,549.791538934755,560.9498687715513,566.299297918792,568.8628916349151,570.0879564638288,570.6734561874968,570.9505308942969,571.0823692475144,571.1441574009983,571.1740367280518,571.1892107046983,571.1971083134481,571.19946524931,210.55852567068064,210.5772170689753,210.61263890257368,210.6800882411003,210.8089006067214,211.05376401967143,211.51828052232696,212.3970995199276,214.0499267087137,217.12480102309743,222.7336481110343,232.62231971117973,249.1110529075117,274.4337482368298,309.33453773967864,351.82518932708024,397.7290378340346,442.4917121311956,482.1641751008725,513.9520783856876,536.7887469548006,551.5864469500955,560.4308309381078,565.4313717338824,568.1665724600828,569.6365388717563,570.4180873719575,570.8297698704976,571.047166478068,571.1620537692504,46.52201957017216,24.8390463464431,1.0,0.999839666025207,0.9996705226816534,0.9993254429455052,0.9986240908608188,0.9972076522060128,0.9943696988489422,0.988749341991178,0.9778223373451962,0.9572119252676604,0.920263822122476,0.8591641993326034,0.7686334965751495,0.6493980042312102,0.5080939014307809,0.3578862281091096,0.2188314622859152,0.111165319054905,0.0448719701164029,0.0129387539407336,0.0
verapamil,0.0,2.120271358626931e-12,6.704886750880802e-12,2.120271358626931e-11,6.704886750880801e-11,2.1202713586269308e-10,6.704886750880802e-10,2.120271358626931e-09,6.704886750880802e-09,2.120271358626931e-08,6.704886750880802e-08,2.1202713586269317e-07,6.704886750880803e-07,2.120271358626932e-06,6.704886750880804e-06,2.120271358626932e-05,6.704886750880805e-05,0.0002120271358626,0.000670488675088,0.0021202713586269,0.0067048867508808,0.5853305380225909,0.0006612784515114,46460.0,0.0007927,9184000.0,0.6844210526315789,-100.0,2.120271358626928e-12,6.7048867508807925e-12,2.1202713586269278e-11,6.704886750880792e-11,2.120271358626928e-10,6.70488675088079e-10,2.1202713586269278e-09,6.7048867508807925e-09,2.120271358626928e-08,6.704886750880794e-08,2.120271358626928e-07,6.704886750880792e-07,2.120271358626928e-06,6.704886750880792e-06,2.120271358626928e-05,6.704886750880793e-05,0.0002120271358626,0.000670488675088,0.0021202713586269,0.0067048867508808,0.0212027135862693,0.067048867508808,0.2120271358626932,0.6704886750880807,2.120271358626933,6.704886750880808,21.202713586269333,67.0488675088081,212.02713586269337,670.4886750880811,210.5471504831715,210.5582591056848,210.58302394359063,210.6371211894408,210.75686580414896,211.01933725823005,211.5948064670651,212.85272578775425,215.5799727954531,221.39228159711456,233.33524758463125,256.1535880032951,295.07553697709454,356.52630788157984,446.23955267503806,512.7991920788281,544.2783670758703,558.7983353304792,565.4954127463157,568.5822456737609,570.0037375671947,570.6550454639074,570.9511859465933,571.0868139202757,571.1495391136348,571.1777624337792,571.1913219987476,571.1963659690165,571.2002514692508,571.2008164428211,210.55724341702503,210.576088577378,210.61247427180888,210.6842275355808,210.82522306450284,211.1012267922952,211.64074873512487,212.69070155216963,214.71948375224247,218.5858023016016,225.76688583320288,238.5197835986644,259.5930473305144,291.00256969027146,332.16366459234024,379.2569101560477,427.0571664865332,470.7051000297009,506.50902843308415,532.6191951693803,549.5741000709013,559.5936478596446,565.146050721008,568.1085860425252,569.6535214749666,570.4520566857017,570.8612004341774,571.0699623120103,571.1773543909075,571.2323189768729,46.05621766071086,24.018760016519447,1.0,0.9998576252379056,0.9996959371939108,0.9993532945572324,0.9986300552485478,0.9971140442579582,0.9939646098378424,0.987509835296708,0.974566076582576,0.9495593830308798,0.9042320238525569,0.8298837937393196,0.7225716210520483,0.585980981862334,0.430981318522121,0.2772615315244701,0.1495087728680559,0.065264529832991,0.0230294002811024,0.0060726605389409,0.0
verapamil,0.0,2.0584710478081895e-11,6.509457008587235e-11,2.05847104780819e-10,6.509457008587236e-10,2.0584710478081903e-09,6.5094570085872356e-09,2.05847104780819e-08,6.509457008587236e-08,2.058471047808191e-07,6.509457008587237e-07,2.0584710478081905e-06,6.509457008587237e-06,2.0584710478081903e-05,6.509457008587237e-05,0.0002058471047808,0.0006509457008587,0.0020584710478081,0.0065094570085872,,,0.615697604719159,0.0006522589598626,46460.0,0.0007927,9184000.0,0.718842105263158,-100.0,2.058471047808192e-11,5.7665117875096e-11,1.6154056784473004e-10,4.5253276193973913e-10,1.267705712323882e-09,3.5512959684289367e-09,9.948446972176693e-09,2.78691491889356e-08,7.807142950928477e-08,2.1870592691229535e-07,6.126733270700244e-07,1.7163165671938196e-06,4.808015019866032e-06,1.3468965383847427e-05,3.773137724439453e-05,0.0001056990487529,0.0002961007448763,0.0008294838236552,0.0023236801177017,0.0065094570085872,0.0205847104780819,0.0650945700858724,0.2058471047808192,0.6509457008587244,2.058471047808193,6.509457008587245,20.58471047808193,65.09457008587245,205.8471047808193,650.9457008587245,210.5567361990064,210.5774743584452,210.62146298047128,210.7133656348792,210.9059419698032,211.30890902957265,212.1502671966236,213.89847470313987,217.495093894013,224.73923267440315,238.7267167093475,263.72686509299893,303.98200486074626,365.7110823901002,451.1417953957167,512.591170388849,542.895641528205,557.5311006987702,564.6110050940877,568.0287702474816,569.8021989415822,570.5875061072965,570.9326788729351,571.0825854648574,571.1495691151526,571.1787651912232,571.1924299852323,571.1972466623014,571.2005576392409,571.2001812342827,210.5730607595754,210.60430066503432,210.66308943157503,210.7740368046233,210.98306129395883,211.3763301147415,212.1136082253265,213.488801500163,216.0334062151273,220.66393174576515,228.8562163761269,242.69049017728008,264.4478988620675,295.51059223008275,334.9639073902324,379.4112959982351,424.4655751649632,466.04887340775656,500.9747397721832,527.4295645880615,547.1048627359809,558.6052730749024,564.8307995968273,568.0565171994649,569.6821029533422,570.4949795414482,570.8961467758552,571.0946458366554,571.1933697724521,571.2418456616509,47.28795614605666,25.20545021297686,1.0,0.9997180406998476,0.9993766851098638,0.9986287494815534,0.9970014603345894,0.9934967885170404,0.9860648470564816,0.9707070801367436,0.9403847125479702,0.8850670401694297,0.7956361554689756,0.6703823655593064,0.5166804366528894,0.351342578926769,0.2011667697635347,0.0921883063943337,0.0329137550444119,0.0085291739017213,0.0,,
verapamil,0.0,5.703956987140199e-11,1.8037495754994788e-10,5.703956987140197e-10,1.8037495754994787e-09,5.703956987140199e-09,1.8037495754994788e-08,5.7039569871402e-08,1.803749575499479e-07,5.7039569871402e-07,1.8037495754994792e-06,5.703956987140201e-06,1.8037495754994792e-05,5.703956987140201e-05,0.0001803749575499,0.000570395698714,0.0018037495754994,0.0057039569871402,0.0180374957549947,,,0.6428837652054764,0.0006737547512936,46460.0,0.0007927,9184000.0,0.7532631578947369,-100.0,5.7039569871401896e-11,1.5978818471512707e-10,4.476237116114151e-10,1.2539537109955708e-09,3.512771706527842e-09,9.840526770629862e-09,2.756682620266245e-08,7.722451496762262e-08,2.1633341713485293e-07,6.060270807639746e-07,1.697698060167774e-06,4.755857939325199e-06,1.3322854793629946e-05,3.732206935460602e-05,0.0001045524313284,0.0002928886604017,0.0008204856290949,0.0022984729645316,0.0064388427796234,0.0180374957549947,0.057039569871402,0.1803749575499479,0.5703956987140202,1.80374957549948,5.703956987140202,18.0374957549948,57.03956987140202,180.374957549948,570.3956987140203,1803.74957549948,210.5552959369413,210.5758142177866,210.620739999352,210.71824477927652,210.92954205835133,211.3878055912815,212.3788590064344,214.5090875721329,219.02517082312744,228.34180756636704,246.49352976431004,278.532832549559,329.4867020993035,408.8986788490817,490.6904036624859,533.6413822469041,553.6793236889916,563.0420705744954,567.4071402121768,569.440465435174,570.4588103392825,570.8877391171809,571.0690833690489,571.1451850557529,571.1782770523444,571.1920745817932,571.1978038517591,571.2004747907047,571.2010890478306,571.201764558598,210.5715752635739,210.60301098070573,210.66433376306023,210.7831046001984,211.0134214711478,211.45855261015032,212.31597179551727,213.95855128727004,217.0697881808185,222.84346510867744,233.1764019363872,250.5992656945952,277.48112882875165,314.4033012893635,358.8662545840757,406.1753227750641,451.44530054313054,490.59604818923947,520.9581865350226,541.9396057933919,556.1313800222151,563.755080924595,567.6193345727028,569.5193152720417,570.4409151969492,570.8826688920014,571.0945119324107,571.1961175999936,571.2446649871122,571.2673123055938,46.5963321178054,24.367110182069045,1.0,0.9997392416157976,0.9994011821619444,0.9986317763321952,0.9968946874238878,0.9930161315148338,0.9845085810972212,0.9664099816660856,0.9299827451855416,0.8634342590929354,0.7579976577207549,0.6150658386680058,0.4467137585566107,0.2773664054685701,0.1394431253060322,0.054760458434261,0.0172472188329562,0.0041149340602512,0.0,,
verapamil,0.0,1.4458477697607708e-10,4.5721721023187597e-10,1.4458477697607702e-09,4.572172102318761e-09,1.4458477697607709e-08,4.57217210231876e-08,1.445847769760771e-07,4.572172102318761e-07,1.445847769760771e-06,4.572172102318761e-06,1.4458477697607714e-05,4.572172102318762e-05,0.000144584776976,0.0004572172102318,0.0014458477697607,0.0045721721023187,0.0144584776976077,,,,0.67332515615199,0.0006642165201786,46460.0,0.0007927,9184000.0,0.7876842105263158,-100.0,1.4458477697607708e-10,3.8121958215670165e-10,1.005142953907078e-09,2.6502110727715924e-09,6.9876814068483594e-09,1.8424076461408123e-08,4.8577857760248616e-08,1.2808285232195512e-07,3.377097676866304e-07,8.904227624809735e-07,2.3477339769454294e-06,6.190154900292971e-06,1.6321277481137577e-05,4.30335109390689e-05,0.000113464345293,0.0002991658679906,0.000788795954707,0.0020797795628933,0.0054836526536637,0.0144584776976077,0.0457217210231876,0.1445847769760772,0.4572172102318764,1.4458477697607723,4.572172102318765,14.458477697607725,45.721721023187655,144.58477697607725,457.21721023187655,1445.8477697607727,210.5539103349131,210.57249020432533,210.61247643602485,210.6982627833569,210.8823737959789,211.27675768411424,212.119471601143,213.91106612734177,217.6800531532691,225.43031767344425,240.6373780710108,268.0254097782029,312.2352471970037,381.05798484545966,468.49009157550586,522.5455763249672,548.2267105193868,560.3623254685543,566.0969931094888,568.8013597918696,570.2272414900548,570.805553031863,571.0416611536465,571.1358633322433,571.1750029808984,571.1916651348686,571.1983040452906,571.2002976605676,571.2005910905137,571.200790986831,210.56905208858103,210.59773609458009,210.6527220890669,210.75862334098912,210.96155952596723,211.35089227240547,212.09427653279948,213.5070882226443,216.1682032073544,221.09056434199653,229.92167472360228,244.9705509020672,268.6788733175039,302.2689628758835,344.23945862773024,390.51629421255205,436.3301115971682,477.4351851376962,510.73080365083695,534.8531274755765,552.7180694840807,562.2781416691101,567.0314602577348,569.3037481390405,570.3691467729611,570.8631993531627,571.0918637787861,571.1983721368632,571.2468896414941,571.2694516170131,46.7823439142748,24.51757080982968,1.0,0.9997582089344708,0.9994228325942472,0.998630543730122,0.9967737045322428,0.9924764084054568,0.9827302708543404,0.9614081639122803,0.917785064040596,0.8383943410501741,0.7157127282811442,0.5550542456273605,0.3747621113466097,0.2078718308575382,0.0890015851094137,0.028868947455116,0.0068141720053774,0.0,,,
verapamil,0.0,3.3903373777081833e-10,1.0721188149960432e-09,3.3903373777081832e-09,1.0721188149960433e-08,3.3903373777081835e-08,1.0721188149960434e-07,3.390337377708184e-07,1.0721188149960435e-06,3.3903373777081843e-06,1.0721188149960436e-05,3.390337377708185e-05,0.0001072118814996,0.0003390337377708,0.001072118814996,0.0033903373777081,0.0107211881499604,0.0339033737770818,,,,0.7010707518048155,0.0006786982222228,46460.0,0.0007927,9184000.0,0.8221052631578948,-100.0,3.3903373777081875e-10,8.939136093933407e-10,2.356938121594248e-09,6.214423016553335e-09,1.6385264031685963e-08,4.320222113507895e-08,1.1390917518295373e-07,3.0033872911976897e-07,7.918883800571717e-07,2.087933208971867e-06,5.505150971924639e-06,1.451516125777142e-05,3.827141297551905e-05,0.0001009083554175,0.0002660601060011,0.0007015076176042,0.0018496306904225,0.0048768304222218,0.0128584993157067,0.0339033737770818,0.1072118814996044,0.3390337377708186,1.072118814996044,3.390337377708186,10.721188149960442,33.90337377708187,107.21188149960444,339.03373777081873,1072.1188149960446,3390.337377708188,210.55263952857536,210.570913798678,210.61153943449096,210.70166964463004,210.901563979463,211.344440387348,212.3213847906909,214.46717960513595,219.11011006318768,228.87178502289,248.16732154383857,282.46107941694567,337.4092738179897,422.86035014528153,500.8040829941215,539.0411329621714,556.5115161433506,564.5014585323286,568.1530382511032,569.8177708623573,570.6624360639458,570.9909054994525,571.1190722419344,571.1686665430577,571.1897626469238,571.1978419528954,571.2002805854003,571.2002335127663,571.2017144489892,571.2024286655023,210.5672511809216,210.59614635710463,210.652883487983,210.7648286666769,210.98556953672505,211.4198722994483,212.2718758561976,213.9315754865173,217.1297506937163,223.1588762858866,234.0916251201091,252.67987930225183,281.39108012172267,320.5264232327303,366.9619867530132,415.48244362410696,460.914978052117,499.12351994676624,527.6969305965114,546.646008321667,559.4870586445477,565.8414408972043,568.8198968015274,570.1786604050516,570.791749224304,571.0656755166582,571.1892734799484,571.2444150953313,571.2682161363707,571.2798085668055,46.064122280403794,23.738463113184128,1.0,0.9997762370929206,0.9994451053364228,0.9986324595596604,0.9966559070980492,0.9919154637083446,0.980802712486189,0.9558310397741362,0.9040633326418344,0.8107060749716117,0.6705077181822425,0.4935909955817935,0.3063898636033075,0.1497970752231946,0.0549272294379243,0.0157442647244226,0.0034245599930875,0.0,,,
verapamil,0.0,7.423613627519515e-10,2.3475527532026513e-09,7.423613627519516e-09,2.3475527532026512e-08,7.423613627519516e-08,2.3475527532026517e-07,7.423613627519517e-07,2.347552753202652e-06,7.423613627519518e-06,2.347552753202652e-05,7.42361362751952e-05,0.0002347552753202,0.0007423613627519,0.0023475527532026,0.0074236136275195,0.0234755275320265,,,,,0.7316970975638316,0.0006681772593584,46460.0,0.0007927,9184000.0,0.8565263157894737,-100.0,7.423613627519514e-10,1.842265429001806e-09,4.5718191721532614e-09,1.1345558687595462e-08,2.8155466584879548e-08,6.987142021300282e-08,1.7339493728027328e-07,4.303018914282041e-07,1.067849619319622e-06,2.6500065005438658e-06,6.576332777455268e-06,1.6320017626732816e-05,4.050022776370693e-05,0.0001005065365998,0.0002494199281604,0.0006189677076548,0.0015360481656183,0.0038119015546689,0.009459725149073,0.0234755275320265,0.0742361362751952,0.2347552753202653,0.7423613627519524,2.347552753202654,7.423613627519526,23.475527532026543,74.23613627519526,234.75527532026544,742.3613627519527,2347.5527532026545,210.55136435883705,210.56798053810536,210.6034456280144,210.6808943673659,210.85015462984543,211.21682975438188,212.01386482286847,213.73373075888145,217.40832678929831,225.0830004918252,240.3675949070496,268.24370424151584,313.639971497083,384.92504955088873,473.2362514609762,525.5170450706388,549.9417209469742,561.3201159905382,566.616436853798,569.078279215375,570.403296852571,570.9029204588362,571.089035774697,571.158279963782,571.1862043365132,571.1963829627819,571.1999229312297,571.1992265528779,571.201047756224,571.2021148272943,210.56518001621583,210.59103810606376,210.64104358144772,210.73866681175963,210.92795402272705,211.2958296049852,212.0074806776325,213.37671289348128,215.9880773848339,220.88062509878915,229.7655129353916,245.06845314484548,269.36679547447363,303.9115496801549,347.00771477380874,394.2711334270934,440.6711151619263,481.8079562546267,514.5708267115346,537.8002644282078,555.3696378185933,564.1008787645129,568.1260094761726,569.9127808559718,570.6941526239539,571.0306194854049,571.1776494553296,571.2408785659177,571.2687526462256,571.2793601757118,46.39825903252556,24.029318141109165,1.0,0.9997924434249664,0.9994652825739138,0.9986311317304596,0.9965256486970552,0.9912921772661836,0.9786172120826074,0.9494022922641135,0.88824722453877,0.779517999638908,0.6212476907310676,0.4295789879426781,0.2407698070280586,0.1009923232968512,0.0307166508085754,0.0066829816219447,0.0,,,,
verapamil,0.0,1.5299870622464207e-09,4.8382439072885035e-09,1.5299870622464207e-08,4.838243907288504e-08,1.5299870622464208e-07,4.838243907288503e-07,1.5299870622464208e-06,4.838243907288504e-06,1.5299870622464208e-05,4.838243907288504e-05,0.0001529987062246,0.0004838243907288,0.0015299870622464,0.0048382439072885,0.0152998706224642,0.048382439072885,,,,,0.7596147774910557,0.0006800199176422,46460.0,0.0007927,9184000.0,0.8909473684210527,-100.0,1.529987062246423e-09,3.796860145236875e-09,9.422397952386233e-09,2.3382895281120188e-08,5.8027669229292665e-08,1.440031422842211e-07,3.573623628719094e-07,8.868407756362405e-07,2.200809718769937e-06,5.461593051759851e-06,1.3553647282011909e-05,3.363512310496946e-05,8.346989432046932e-05,0.0002071413039318,0.0005140478509513,0.0012756760146428,0.003165754494107,0.0078562279151766,0.0194962424187004,0.048382439072885,0.1529987062246421,0.4838243907288506,1.5299870622464216,4.838243907288507,15.299870622464216,48.38243907288507,152.99870622464218,483.82439072885074,1529.987062246422,4838.243907288508,210.5505309510629,210.56645521815625,210.60228385343885,210.6830657926667,210.86454739495315,211.2713943562312,212.18180975868228,214.2071178462792,218.6531776145826,228.13761274311565,247.1729299387195,281.47435274654987,336.9419421408965,423.74114086179327,502.17861179564784,540.0645413990554,557.1556714207619,564.8769744371351,568.3601914367085,569.9282996878163,570.7415395342865,571.0365395581911,571.1415879281766,571.1800832719678,571.1944503428813,571.1987379135616,571.2005897074446,571.2013910688719,571.201679694435,571.2025543097924,210.56382692353304,210.58940782454283,210.6405856394215,210.7428403696377,210.94678902329656,211.35225166315723,212.15642266384265,213.7411625402349,216.83026432826432,222.7236837864089,233.5411861542707,252.1407032743258,281.1374299210235,320.8885736847969,368.1307340133919,417.3874632677427,463.26540938759535,501.5009669002477,529.7159553963464,548.1194721947271,560.9245429569715,566.8255223154623,569.4008866639683,570.497335676707,570.95727252075,571.1506706952222,571.2308911724,571.2646476533841,571.2780300986132,571.2839248767431,45.71981002010154,23.3327650378944,1.0,0.999807856541307,0.9994858777179516,0.99863272381777,0.9963983238725296,0.990642634286782,0.9762475754429742,0.942265706736497,0.8707075220423003,0.7458597472949577,0.5700545720600031,0.3670055009763293,0.1834771454216737,0.0660220647262118,0.0176426409646573,0.0035306485903558,0.0,,,,
verapamil,0.0,2.988098920672574e-09,9.449198463216128e-09,2.9880989206725744e-08,9.449198463216129e-08,2.988098920672574e-07,9.449198463216128e-07,2.9880989206725748e-06,9.44919846321613e-06,2.9880989206725757e-05,9.449198463216131e-05,0.0002988098920672,0.0009449198463216,0.0029880989206725,0.0094491984632161,0.0298809892067257,,,,,,0.7906937624162931,0.0006667972508281,46460.0,0.0007927,9184000.0,0.9253684210526316,-100.0,2.9880989206725787e-09,6.979366800779961e-09,1.630185687723659e-08,3.8076597094195945e-08,8.89363253028082e-08,2.0773048439175205e-07,4.852005521783056e-07,1.1332933465372525e-06,2.647057600284051e-06,6.1827892669016345e-06,1.444127362956212e-05,3.3730792857573266e-05,7.87857370468656e-05,0.0001840215374784,0.0004298230558633,0.00100394693949,0.0023449404203942,0.005477127683652,0.0127930447196539,0.0298809892067257,0.0944919846321613,0.2988098920672578,0.944919846321614,2.988098920672578,9.44919846321614,29.880989206725783,94.4919846321614,298.80989206725786,944.9198463216144,2988.098920672579,210.54951262720024,210.56361524322512,210.59445104344871,210.6621367291388,210.810918364006,211.13685599759737,211.8484445469564,213.39552356664524,216.72929923120284,223.7644135319223,237.969824172767,264.34504056664764,307.96546684354774,376.6907969821097,466.68534203396337,522.6934067664833,548.7728042414611,560.8407149745435,566.4247739597951,569.005014820453,570.4377666636151,570.9375311507531,571.1087544380584,571.1689599076907,571.1913735907189,571.1987372861412,571.2005310910442,571.2022176747417,571.2015213529894,571.2024829712201,210.5616508899344,210.58457055012047,210.62897503804345,210.71597662694927,210.8861092820867,211.2181935830863,211.8647722597583,213.1175105427355,215.5236739258703,220.07041464517567,228.4115402844544,242.95801581097737,266.3933161176058,300.2338793962675,343.0744755439614,390.5898147316244,437.6104659413135,479.5503365312808,513.1179669591903,536.9920310793469,555.9355234183785,564.8073891078903,568.6276144021452,570.2082006473472,570.8512732429616,571.1128508446103,571.2177289980483,571.259981145789,571.277025017537,571.2832470110587,46.17200385117662,23.720456959817945,1.0,0.9998219536332744,0.9995043314682036,0.9986309752078056,0.99625700181113,0.989921512891018,0.9735654149291944,0.9340881277608768,0.8507928472594615,0.7087547728240109,0.5156500332438486,0.3047260956309002,0.1326144445415681,0.0396105209680946,0.0080791104939789,0.0,,,,,
verapamil,0.0,5.5622543335545985e-09,1.7589392619174462e-08,5.562254333554599e-08,1.7589392619174464e-07,5.562254333554598e-07,1.7589392619174464e-06,5.562254333554599e-06,1.7589392619174463e-05,5.562254333554599e-05,0.0001758939261917,0.0005562254333554,0.0017589392619174,0.0055622543335546,0.0175893926191744,0.055622543335546,,,,,,0.8184989823257937,0.0006786348911609,46460.0,0.0007927,9184000.0,0.9597894736842104,-100.0,5.5622543335546035e-09,1.2991876863423053e-08,3.034540571367245e-08,7.087841561367479e-08,1.6555223704395297e-07,3.8668391431945787e-07,9.031859204277628e-07,2.109590744923052e-06,4.9274163939105936e-06,1.15090722584036e-05,2.688198716326281e-05,6.2788834549038e-05,0.0001466572288753,0.0003425504380813,0.0008001024124729,0.0018688163822837,0.0043650345458875,0.0101955049021497,0.0238138596881646,0.055622543335546,0.1758939261917447,0.5562254333554602,1.7589392619174475,5.562254333554603,17.58939261917448,55.622543335546034,175.8939261917448,556.2254333554604,1758.9392619174482,5562.254333554604,210.5485912017262,210.56229935963324,210.5932274052994,210.66329447975735,210.82162052558152,211.178131602948,211.97957816791552,213.77243955117007,217.7363522746128,226.27814903892343,243.68990098157,275.72611235965894,328.1673602191529,411.5432831630828,495.3036382686287,537.1047116884617,555.8867297945877,564.3348714956074,568.1279057247239,569.8301109665402,570.7444916984194,571.049723443724,571.1503858840643,571.184722226308,571.1962344910938,571.2000871944873,571.2007695519692,571.2014598464973,571.202926662972,571.2030694893624,210.56043626903448,210.5830089113132,210.62830364332967,210.71878339926303,210.9000958398277,211.2625630106508,211.9842231277538,213.4137549872781,216.2183877528006,221.6105724780064,231.61233253579368,249.05599524851857,276.73881611951737,315.4492661476429,362.3182921379501,411.9088912693746,458.6554118005789,498.0602020084283,527.4623144752115,546.8140788419533,560.9786739699667,567.1354575426136,569.6484550310112,570.6454919557774,571.0369047729783,571.1905879842624,571.2502196702176,571.2734809170984,571.2828098996581,571.285966697614,45.55671402671201,23.116613343768503,1.0,0.9998352039633466,0.999523319546199,0.9986325589170818,0.996119857610054,0.989172481875733,0.97066986998554,0.9250942206778684,0.829132795463099,0.6697269357540678,0.4610400569501653,0.2476670427074269,0.093329679958413,0.0242027307421794,0.0045168694756085,0.0,,,,,
verapamil,0.0,9.917931150935985e-09,3.136325211369292e-08,9.917931150935983e-08,3.136325211369292e-07,9.917931150935985e-07,3.1363252113692924e-06,9.917931150935984e-06,3.136325211369293e-05,9.917931150935986e-05,0.0003136325211369,0.0009917931150935,0.0031363252113692,0.0099179311509359,0.0313632521136929,0.0991793115093599,,,,,,0.8469657024360846,0.0006849817377487,46460.0,0.0007927,9184000.0,0.9942105263157895,-100.0,9.917931150935992e-09,2.3165524718198893e-08,5.410821342703504e-08,1.2638171575563608e-07,2.9519248679088504e-07,6.894874289115723e-07,1.610450590376508e-06,3.7615640188512794e-06,8.785965836187849e-06,2.0521569030276297e-05,4.793266936343129e-05,0.0001119573649029,0.0002615012208266,0.0006107940156779,0.0014266446956108,0.0033322446443018,0.0077831953559563,0.0181793764910297,0.0424619599647705,0.0991793115093599,0.3136325211369294,0.9917931150935992,3.136325211369295,9.917931150935994,31.36325211369296,99.17931150935996,313.6325211369296,991.7931150935996,3136.3252113692965,9917.931150935998,210.5477038723972,210.56114315318217,210.59227164393891,210.66449332811987,210.83256490493727,211.2220022665093,212.1240694247732,214.1981609823108,218.9021074574109,229.2353358287537,250.41370120530723,288.87440786634977,351.89641121161765,447.0753758933231,516.2994530654183,547.232316644132,560.7486202531128,566.6514838586438,569.2253831899626,570.347269228514,570.927389269055,571.1134296044985,571.1732807385259,571.192698092834,571.1990293294284,571.2003385069777,571.2013797191104,571.202689093843,571.2032140734981,571.203300156838,210.55898558467143,210.58147816794417,210.62725552132756,210.7208651127945,210.91339466781056,211.307191568684,212.11056178586392,213.73872554207415,216.9990988922121,223.3759381349211,235.3147903422418,256.07262170933257,288.3598151723604,331.8686757853957,382.1391000611858,432.8672170107521,478.27635339957294,514.1992060929638,539.0386692844662,554.1696986349666,564.4620757890697,568.655563511736,570.2871662241214,570.9086262041824,571.14508530599,571.2343707989208,571.2681630323368,571.280803454459,571.2854533239918,571.2875501413674,44.90901204394971,22.47355078685356,1.0,0.9998472702424668,0.9995413298651736,0.9986333628241344,0.9959754140175674,0.9883629938421634,0.967459612642068,0.9150205213399986,0.8052920064026339,0.6281954895858787,0.4057770292170128,0.1953833301927926,0.0631448507909837,0.0144514942469747,0.0024864447818054,0.0,,,,,
verapamil,0.0,1.7013024904971535e-08,5.3799908588879754e-08,1.7013024904971533e-07,5.379990858887975e-07,1.7013024904971535e-06,5.379990858887976e-06,1.701302490497154e-05,5.379990858887977e-05,0.0001701302490497,0.0005379990858887,0.0017013024904971,0.0053799908588879,0.0170130249049715,0.0537999085888797,,,,,,,0.877949104925047,0.0006735475358911,46460.0,0.0007927,9184000.0,1.0286315789473686,-100.0,1.7013024904971552e-08,3.74013088860005e-08,8.222276251281131e-08,1.807579166773142e-07,3.973768752470698e-07,8.73590401371025e-07,1.920494716490718e-06,4.222001466912069e-06,9.281616988345276e-06,2.0404638556733636e-05,4.485740740581516e-05,9.861419468796504e-05,0.0002167927206754,0.0004765955234598,0.0010477440952548,0.0023033529168971,0.0050636741202421,0.0111319439621745,0.0244723837739915,0.0537999085888798,0.1701302490497155,0.5379990858887981,1.7013024904971554,5.3799908588879815,17.013024904971555,53.799908588879816,170.13024904971556,537.9990858887982,1701.3024904971558,5379.990858887983,210.5470214431113,210.55868435308415,210.58476836365625,210.64350854594807,210.77621335753477,211.07355157021092,211.74053331028105,213.22829016079876,216.51756357010024,223.63474174058285,238.3410297697067,266.11982193527564,312.5609329372568,386.82614177334113,477.72116712044703,528.9831751182172,552.1598159935648,562.6275303837747,567.3462182326552,569.474220264064,570.6690380925348,571.0382475174367,571.1505429829784,571.1851166441234,571.19714780925,571.2008921753483,571.2019025837328,571.2025415699693,571.2031986901202,571.2029674964255,210.5574671404375,210.5770487019132,210.6160129716181,210.6934776213874,210.8490907548189,211.15900815179123,211.77464431272148,212.99327379614243,215.3836615645785,219.9949090318379,228.6173127558897,243.89176773838977,268.7346397593668,304.6345250809667,349.6947567143325,398.94049974611954,446.7472882225371,488.31153808135286,520.4368222815115,542.3352363994671,559.6877951957993,566.8986584393688,569.6669083463357,570.69498281844,571.0720438854639,571.2092564280521,571.2590268139598,571.2768087226744,571.283989227749,571.2868213871296,45.56796977057636,23.047908447112604,1.0,0.9998583250331944,0.9995580088092344,0.9986318369577976,0.9958188505744652,0.9874741836533554,0.9638642318920956,0.903676156489452,0.7790145850582805,0.5839437383668402,0.3501320540344807,0.1481627949696367,0.0400326122697627,0.0071391644934231,0.0,,,,,,
verapamil,0.0,2.8181562245187775e-08,8.911792471660195e-08,2.8181562245187775e-07,8.911792471660194e-07,2.8181562245187776e-06,8.911792471660195e-06,2.818156224518778e-05,8.911792471660195e-05,0.0002818156224518,0.000891179247166,0.0028181562245187,0.0089117924716601,0.0281815622451877,0.0891179247166019,,,,,,,0.9061195436466576,0.000681625416309,46460.0,0.0007927,9184000.0,1.0630526315789477,-100.0,2.8181562245187805e-08,6.19541392732759e-08,1.361995243449602e-07,2.994200330985009e-07,6.582427996858476e-07,1.4470761319958996e-06,3.181241530923868e-06,6.993617995838432e-06,1.5374718391002256e-05,3.379966788910713e-05,7.430494142140004e-05,0.0001633514369949,0.0003591105982707,0.000789466099367,0.0017355564693744,0.0038154345839582,0.0083878233415887,0.0184397291741042,0.0405377650633622,0.0891179247166019,0.2818156224518779,0.8911792471660199,2.81815622451878,8.9117924716602,28.1815622451878,89.11792471660202,281.815622451878,891.1792471660203,2818.1562245187806,8911.792471660205,210.546223481627,210.55752956698475,210.58368554039723,210.64383796674295,210.78325090059408,211.10472929184036,211.84483701058477,213.53970511797263,217.37851661844516,225.85145426400925,243.5181269960708,276.6044892604107,331.4647161400579,419.2224600760429,501.5042415582807,540.595497691869,557.7714123375558,565.3142614828726,568.6278479879223,570.0800719473307,570.8692142573306,571.1027067936061,571.1722927378576,571.1930260202886,571.1996389496585,571.2000790900576,571.2016432929042,571.2017969364522,571.2023862597347,571.2029519349492,210.5563087242536,210.57544959148748,210.6148126138721,210.69483993443657,210.85846061809733,211.19219648868855,211.869795091022,213.2395479447841,215.979987505093,221.35455953994028,231.51264875714128,249.51141852511523,278.3654977099969,318.8004880381565,367.4658884994169,418.3695705737231,465.5613580651823,504.40040115958345,532.4498035617254,550.2320851739803,563.3220732307229,568.4048270437561,570.262210098839,570.9251915879867,571.1596339808452,571.2435937913008,571.2721617861786,571.2828886675063,571.2866618331101,571.2872050582466,44.978202816143785,22.5010355438754,1.0,0.9998687870860644,0.9995747304845872,0.998632968767549,0.995664167517608,0.986544279171778,0.9599752910390408,0.8913125002372039,0.7510807594945645,0.538724863336603,0.297417281032116,0.1097913656038829,0.0256703511433603,0.0041839665310142,0.0,,,,,,
verapamil,0.0,4.522719898641012e-08,1.430209609867147e-07,4.522719898641011e-07,1.4302096098671467e-06,4.522719898641011e-06,1.4302096098671468e-05,4.522719898641011e-05,0.0001430209609867,0.0004522719898641,0.0014302096098671,0.004522719898641,0.0143020960986714,0.0452271989864101,0.1430209609867147,,,,,,,0.9347472413162836,0.0006862419439936,46460.0,0.0007927,9184000.0,1.0974736842105264,-100.0,4.522719898641012e-08,9.942714178035601e-08,2.185798975873232e-07,4.805244400450432e-07,1.056381396593691e-06,2.3223410966664487e-06,5.105417595062308e-06,1.1223712510357188e-05,2.4674127075712896e-05,5.424341958034132e-05,0.0001192483348545,0.0002621546627333,0.000576318883418,0.0012669751967066,0.0027853089587307,0.006123202739684,0.0134612038904148,0.0295930116775244,0.0650570593295655,0.1430209609867147,0.4522719898641014,1.4302096098671475,4.522719898641014,14.302096098671475,45.227198986410144,143.02096098671478,452.2719898641015,1430.209609867148,4522.719898641016,14302.096098671482,210.5457162475373,210.5564809580888,210.5825404801749,210.64407296772544,210.790296434045,211.13748062175551,211.9578804139282,213.8861464049932,218.3602374926297,228.41780305533769,249.508694837418,288.54358558298014,353.3692811990586,451.1460111892928,519.3244210708627,549.0170857849041,561.726577095455,567.1632780600567,569.4852881917312,570.4740086672289,570.9949512999052,571.1418808043019,571.1848458116115,571.1972705016469,571.2008918233709,571.20172332551,571.2021847242082,571.2033388818791,571.2030121912171,571.2025231857838,210.55509183060843,210.5741589545073,210.6135351150089,210.6956851795028,210.86748162842963,211.22579791002835,211.97025201504653,213.5061177089453,216.64215169861524,222.8928321214053,234.81561813926717,255.88593994318325,289.0399660934009,333.90872568953387,385.6091509396144,437.3500913789973,483.0247378772085,518.3922751520638,542.1597455586633,556.2003410693626,565.8699822789788,569.4064038342434,570.6429919062389,571.0669884122457,571.2126230931707,571.2627540318847,571.2801399233362,571.2851942315428,571.287727105295,571.2881855663725,44.384987255369786,21.927894097264563,1.0,0.9998785704460016,0.9995908084021188,0.9986335351368812,0.995502203981793,0.9855426555088176,0.9556888663002008,0.8776749036168948,0.721117979318011,0.4921310524167105,0.2473982738625129,0.0787799551122227,0.0161538049743131,0.0024242283555502,0.0,,,,,,
verapamil,0.0,7.052445465004017e-08,2.2301790743538002e-07,7.052445465004016e-07,2.2301790743538e-06,7.052445465004016e-06,2.2301790743538e-05,7.052445465004015e-05,0.0002230179074353,0.0007052445465004,0.0022301790743538,0.007052445465004,0.022301790743538,0.0705244546500401,0.22301790743538,,,,,,,0.963617253547575,0.0006890139044355,46460.0,0.0007927,9184000.0,1.1318947368421053,-100.0,7.052445465004014e-08,1.5504044266767013e-07,3.408397694369612e-07,7.492996435701331e-07,1.647254828219714e-06,3.621312905161132e-06,7.961067669936388e-06,1.7501552642683356e-05,3.8475284673351535e-05,8.458378298877974e-05,0.0001859483667354,0.0004087875224992,0.000898675484409,0.0019756415786375,0.0043432359232634,0.0095481379259769,0.0209905562267909,0.0461454845045077,0.1014458939128986,0.22301790743538,0.705244546500402,2.230179074353801,7.052445465004021,22.30179074353801,70.52445465004021,223.01790743538012,705.2445465004022,2230.1790743538018,7052.445465004023,22301.79074353802,210.5449893374308,210.55551243345943,210.581337970592,210.6442413952664,210.7979502614594,211.17220880491044,212.08063167835428,214.2729802830798,219.47790651666,231.3791226669192,256.3925313603353,302.06373582311835,378.755681202084,478.5698653611408,532.5851782962637,555.1247547158013,564.5219816368384,568.4316694059854,570.0579683875012,570.7307918696765,571.0724635535448,571.1663083938677,571.1924081904401,571.1990081812856,571.2008800801028,571.2005988575922,571.2026027664457,571.2030640792138,571.201952493522,571.2020473863225,210.5539985779593,210.57273467929943,210.6121682890752,210.6963263142477,210.8765201968292,211.26078503450788,212.0768325528997,213.79764026296664,217.37999302036,224.6319183609799,238.5692606587042,263.0548903696454,300.70850136755126,349.7434147550741,403.8054573761367,455.5196378390746,498.8162285555587,530.175819673749,549.7566977920659,560.5939398521143,567.626613954668,570.0643937436436,570.8826478200392,571.1546072945056,571.244585994974,571.2733182398352,571.2831757275354,571.2868718082686,571.2881442713359,571.2885124016809,43.73839523684278,21.33289122013095,1.0,0.9998874201146748,0.9996062177824,0.9986338426591612,0.9953333026900166,0.984466249402523,0.9509778311877864,0.8627264623736756,0.6892526183650168,0.4447494939666401,0.2011944947231723,0.0549224418179405,0.0100267628302182,0.0013983128707197,0.0,,,,,,
verapamil,0.0,1.0712514995670897e-07,3.387594685502884e-07,1.0712514995670896e-06,3.387594685502884e-06,1.0712514995670896e-05,3.387594685502884e-05,0.0001071251499567,0.0003387594685502,0.001071251499567,0.0033875946855028,0.0107125149956709,0.0338759468550288,0.107125149956709,,,,,,,,0.9941603291512584,0.0006814185683597,46460.0,0.0007927,9184000.0,1.1663157894736842,-100.0,1.0712514995670905e-07,2.216567272205591e-07,4.586383752273321e-07,9.48986127643487e-07,1.963583335156796e-06,4.0629250542153125e-06,8.406752950392276e-06,1.7394732668180774e-05,3.599210377454432e-05,7.447263253934503e-05,0.000154094159988,0.0003188420945086,0.0006597283196101,0.0013650689892953,0.0028245162290998,0.0058443140903571,0.0120926928423537,0.0250214512633383,0.0517728376537312,0.107125149956709,0.3387594685502886,1.0712514995670903,3.387594685502886,10.712514995670904,33.875946855028864,107.12514995670904,338.75946855028866,1071.2514995670906,3387.594685502887,10712.514995670908,210.54453491186624,210.55347223076257,210.574743652222,210.6239915370587,210.73978651224184,211.00902867058448,211.6369941004704,213.09176702049356,216.43175374772352,223.92530900107775,239.89859552884428,270.6670672743594,322.7010870555495,407.2834540334009,495.1875702811225,538.1692135606971,556.8529229703073,564.9779398389624,568.508959213926,570.0426312695267,570.8965101445347,571.1199214628672,571.1799428695189,571.1968090006876,571.2007422662355,571.2014875760638,571.2023179846664,571.2027863099452,571.2017315723563,571.2026791519379,210.5528901209009,210.56900320197047,210.601835133059,210.6696451523852,210.80950278738788,211.0972727901704,211.6874605425928,212.89301346051337,215.3324726489759,220.18098206529453,229.4929080776874,246.31806802842203,273.909609050782,313.4967899614114,362.1256635368543,413.73092486545295,462.05390598212784,502.1234402685807,531.2093556805356,549.668274846537,563.8510619184574,568.8573040815025,570.5074143316854,571.038810597043,571.2083709727443,571.2626196957183,571.2803523280884,571.2849156001137,571.2871212135987,571.2880867697169,44.677558327134754,22.154555834656676,1.0,0.999895521573348,0.9996205346762224,0.9986328284063412,0.9951540794981054,0.983297812252212,0.9457685690133576,0.846314269676472,0.6553474223214338,0.3967417175083657,0.1590582155724173,0.0366156136628598,0.0053545621906535,0.0,,,,,,,
verapamil,0.0,1.5886718707288354e-07,5.023821566143703e-07,1.5886718707288352e-06,5.023821566143703e-06,1.588671870728835e-05,5.023821566143703e-05,0.00015886718707288353,0.0005023821566143703,0.0015886718707288354,0.005023821566143704,0.015886718707288357,0.05023821566143705,0.15886718707288358,,,,,,,,1.0227833395841215,0.0006856784095064998,46460.0,0.0007927,9184000.0,1.2007368421052633,-100.0,1.5886718707288362e-07,3.2871814661209083e-07,6.801632351085518e-07,1.4073516511373368e-06,2.912004894888035e-06,6.025340220405504e-06,1.2467260901713612e-05,2.579648429892915e-05,5.337648802179407e-05,0.00011044332400206156,0.00022852248749756471,0.0004728445812722892,0.000978380729559271,0.002024404825359956,0.0041887731157448215,0.00866714996693746,0.01793353005132309,0.03710694995800909,0.07677940323213747,0.15886718707288358,0.5023821566143705,1.5886718707288359,5.023821566143705,15.88671870728836,50.23821566143706,158.86718707288364,502.38215661437073,1588.6718707288367,5023.821566143708,15886.718707288368,210.5439646529913,210.55269264445587,210.57352722199818,210.6238034234288,210.74408896168035,211.03124173410316,211.717471719307,213.3463468068639,217.1718277166811,225.91323101555383,244.69539321164325,280.5603490899596,340.9688957042146,436.7705586965273,512.9665030759897,546.5104580399451,560.7427614198465,566.7817029438024,569.3373349287386,570.4177011097809,571.0039751680137,571.1506051206723,571.1896054438246,571.1992238015787,571.1999719158305,571.2011452462248,571.2027229099899,571.2033374739408,571.2031456495123,571.2017308069618,210.55195337718692,210.56769677162998,210.6005151218219,210.66955747584547,210.8152823896216,211.12097349442172,211.7610478309918,213.09451997308975,215.844535371968,221.39595737361628,232.1647630132872,251.61645185608648,283.0484073304839,326.799800476701,378.4507713473877,431.07772833572636,478.2175792591272,515.2144688259825,540.3578507693568,555.3016021202433,566.067848966823,569.6495838262018,570.7797014325666,571.132166127685,571.2407230808004,571.2734483021804,571.2833422477274,571.2866883013394,571.2883662690418,571.2891346768378,44.13965757964333,21.658761730276037,1.0,0.9999031726976548,0.9996347976999154,0.9986334611692095,0.9949733165087573,0.9820644982662082,0.9401332586683085,0.8287131336984964,0.6202202252205109,0.3499661414640369,0.12329973844806547,0.0245456926769379,0.0032844207705965754,0.0,,,,,,,
verapamil,0.0,2.3048265428150007e-07,7.288501486906995e-07,2.3048265428150006e-06,7.2885014869069955e-06,2.3048265428150007e-05,7.288501486906996e-05,0.00023048265428150008,0.0007288501486906996,0.002304826542815001,0.0072885014869069975,0.023048265428150014,0.07288501486906998,0.23048265428150017,,,,,,,,1.051748173989423,0.0006878229788815643,46460.0,0.0007927,9184000.0,1.235157894736842,-100.0,2.3048265428150007e-07,4.769004370102666e-07,9.86772855118228e-07,2.041769291935493e-06,4.2247025947945096e-06,8.741493020273786e-06,1.8087356094047595e-05,3.7425237280877545e-05,7.743798365262067e-05,0.00016022988090038203,0.0003315377483034678,0.000685997380341755,0.0014194233032101117,0.0029369828098937843,0.0060770229755307496,0.012574199658480188,0.026017755352901944,0.05383432838581759,0.11139065893433409,0.2304826542815002,0.7288501486907,2.304826542815002,7.288501486907,23.048265428150025,72.88501486907002,230.4826542815003,728.8501486907003,2304.826542815003,7288.501486907003,23048.265428150033,210.54338793853793,210.551915584043,210.5726723554202,210.62326279444153,210.7483624206621,211.0545293645871,211.80363153899657,213.62631365928468,218.0023625347365,228.17668004544504,250.15271616337827,291.64981609161424,361.8660459713524,463.88086669625295,526.595004453239,552.7470086608828,563.5804134335939,568.0624007085893,569.9122936522687,570.6737166512638,571.0728508005192,571.1698745067858,571.1938089210619,571.1998824951538,571.2017989319467,571.203081479032,571.2020848184161,571.2019952719946,571.2027661419561,571.2031551100472,210.55117053642874,210.56641914255442,210.59908702796668,210.66935475256622,210.82039353513318,211.1447399834991,211.83785741832315,213.31091967651093,216.40520310244085,222.75013732797584,235.16554533499573,257.53058421901767,293.0137267764265,340.7769131831743,394.92162657607344,447.8605814629018,493.08091283258364,526.5030205358946,547.7256147737405,559.5825261908398,567.6471488689941,570.1887289129425,570.9590881837739,571.1895933404058,571.2590502103842,571.2793488472798,571.2858275675192,571.287596093476,571.2879600661674,571.2887082425459,43.581546203832005,21.13951048243224,1.0,0.9999106097866193,0.9996485223711247,0.9986337789179789,0.9947851097967495,0.9807404225471538,0.9339740405258083,0.8097359366637248,0.5836441790518346,0.30441225470045685,0.09322759411813208,0.016227644172481376,0.0020022941159222713,0.0,,,,,,,
verapamil,0.0,3.2770224143681683e-07,1.0362854772827505e-06,3.2770224143681683e-06,1.0362854772827506e-05,3.277022414368168e-05,0.00010362854772827505,0.00032770224143681686,0.0010362854772827505,0.0032770224143681688,0.010362854772827506,0.03277022414368169,0.10362854772827508,0.327702241436817,,,,,,,,1.0808662344726336,0.0006890240507443888,46460.0,0.0007927,9184000.0,1.2695789473684211,-100.0,3.277022414368168e-07,6.780611870235908e-07,1.4030022233964094e-06,2.9030053283182305e-06,6.006718874502382e-06,1.2428730765783852e-05,2.5716760127406354e-05,5.321152770251093e-05,0.00011010199832355995,0.00022781623753811468,0.00047138325258640586,0.0009753570387262832,0.002018148391511906,0.00417582769021784,0.008640364094003348,0.017878106381599222,0.0369922707323883,0.07654211607929273,0.15837620718877327,0.327702241436817,1.036285477282751,3.27702241436817,10.36285477282751,32.7702241436817,103.62854772827511,327.7022414368171,1036.2854772827513,3277.022414368171,10362.854772827513,32770.22414368171,210.5431248254215,210.55116203240885,210.57158876977735,210.62303101526572,210.75286957274693,211.07867746471044,211.8965391348226,213.93383486890372,218.93397266074527,230.74679166739577,256.32419626315533,304.03304271692264,385.6173417835293,486.572090878032,537.0264700995326,557.4131276828577,565.6491426852403,568.9744966109205,570.310428961285,570.8446429477443,571.1173338604538,571.1830037666957,571.198025222563,571.2001274721312,571.2009873647211,571.2021219226827,571.2029728357331,571.201765441486,571.2026103967064,571.2033750638604,210.55001722354456,210.56518210447246,210.59769421699428,210.6689236308677,210.82582595854296,211.16910038389716,211.91848709343003,213.54345327163747,217.02218791878363,224.26064846365415,238.52589338843546,264.08400148793356,303.75478114861824,355.25336316737753,411.30496781579996,463.8270289816011,506.44654172381445,535.9856262933711,553.5252421813152,562.7770089830041,568.7567218430584,570.5522147672119,571.0756039588653,571.2274106725995,571.2712274488675,571.2832147156794,571.2872037704929,571.2880043948152,571.2888657664037,571.2886817939318,42.97868098079829,20.612792380647697,1.0,0.9999168093475937,0.9996617163804945,0.9986338859856685,0.9945895598045521,0.9793212352781395,0.9272607150928217,0.7893976685968173,0.5458542305379958,0.26082430505959897,0.068864809078751,0.010616920976587474,0.0012200642805612633,0.0,,,,,,,
verapamil,0.0,4.5735310255188864e-07,1.4462774990085352e-06,4.573531025518886e-06,1.4462774990085352e-05,4.5735310255188865e-05,0.00014462774990085353,0.00045735310255188866,0.0014462774990085354,0.004573531025518887,0.014462774990085355,0.04573531025518888,0.14462774990085359,,,,,,,,,1.111572711263428,0.0006814763613274831,46460.0,0.0007927,9184000.0,1.304,-100.0,4.573531025518885e-07,8.906874104694533e-07,1.7345986257495063e-06,3.3781014046962013e-06,6.5787951927378e-06,1.281209206089013e-05,2.495133199433316e-05,4.859229588209648e-05,9.463267210061103e-05,0.0001842955239371866,0.0003589124071987689,0.0006989758258324274,0.0013612435661148699,0.0026509987581936237,0.0051627751204012485,0.010054416985844323,0.019580806556102344,0.03813328867574352,0.07426393295195516,0.14462774990085359,0.4573531025518889,1.446277499008536,4.573531025518889,14.462774990085363,45.7353102551889,144.62774990085364,457.35310255188904,1446.2774990085366,4573.531025518891,14462.774990085367,210.5427296282905,210.54935469304542,210.56582764080974,210.60470264879353,210.69789206213318,210.91950234716188,211.44681093171067,212.69681528317778,215.63406956445232,222.39523840169443,237.23124900082212,266.73357994748017,317.8562023230669,402.1730609272143,493.5587708254503,538.1527573357637,557.142786380875,565.2304189829078,568.6705502673666,570.1352173303333,570.9618899996163,571.1476706783251,571.1900262346049,571.1997891298095,571.2007089665536,571.2025181560783,571.202537523186,571.2022303986232,571.2032714424904,571.201914353271,210.54907094819498,210.56196315507202,210.58851518239135,210.6440224787268,210.76052835280564,211.00476606992714,211.51535372595595,212.57813735069988,214.7729432809693,219.22770717194356,227.98035951229633,244.18177096383118,271.3887191750805,311.2193153196264,360.795571026241,413.67628617092697,463.12157901282524,503.80699483981095,532.9077563319667,551.0060869668002,565.1944753825742,569.5544826113703,570.802985917117,571.1533074000972,571.2504992634559,571.277461189994,571.2855815230041,571.2872980122298,571.2882001960105,571.2879710610148,44.14028985407937,21.599346127071605,1.0,0.9999229040601215,0.9996741117236273,0.9986330509748089,0.9943821935924765,0.9777846281080627,0.9199027872044084,0.7675506208269132,0.5067501765545809,0.21931052027486353,0.04912647723701364,0.006146880043880336,0.0,,,,,,,,
