,drug_conc_Hill,drug_conc_Hill,drug_conc_Hill,drug_conc_Hill,drug_conc_Hill,drug_conc_Hill,drug_conc_Hill,drug_conc_Hill,drug_conc_Hill,drug_conc_Hill,drug_conc_Hill,drug_conc_Hill,drug_conc_Hill,drug_conc_Hill,drug_conc_Hill,drug_conc_Hill,drug_conc_Hill,drug_conc_Hill,peak_current,peak_current,peak_current,peak_current,peak_current,peak_current,peak_current,peak_current,peak_current,peak_current,peak_current,peak_current,peak_current,peak_current,peak_current,peak_current,peak_current,peak_current,Hill_curve,Hill_curve,param_values,param_values,param_values,param_values,param_values,drug_conc_AP,drug_conc_AP,drug_conc_AP,drug_conc_AP,drug_conc_AP,drug_conc_AP,drug_conc_AP,drug_conc_AP,drug_conc_AP,drug_conc_AP,drug_conc_AP,drug_conc_AP,drug_conc_AP,drug_conc_AP,drug_conc_AP,drug_conc_AP,drug_conc_AP,drug_conc_AP,drug_conc_AP,drug_conc_AP,drug_conc_AP,drug_conc_AP,drug_conc_AP,drug_conc_AP,drug_conc_AP,drug_conc_AP,drug_conc_AP,drug_conc_AP,drug_conc_AP,drug_conc_AP,APD_trapping,APD_trapping,APD_trapping,APD_trapping,APD_trapping,APD_trapping,APD_trapping,APD_trapping,APD_trapping,APD_trapping,APD_trapping,APD_trapping,APD_trapping,APD_trapping,APD_trapping,APD_trapping,APD_trapping,APD_trapping,APD_trapping,APD_trapping,APD_trapping,APD_trapping,APD_trapping,APD_trapping,APD_trapping,APD_trapping,APD_trapping,APD_trapping,APD_trapping,APD_trapping,APD_conductance,APD_conductance,APD_conductance,APD_conductance,APD_conductance,APD_conductance,APD_conductance,APD_conductance,APD_conductance,APD_conductance,APD_conductance,APD_conductance,APD_conductance,APD_conductance,APD_conductance,APD_conductance,APD_conductance,APD_conductance,APD_conductance,APD_conductance,APD_conductance,APD_conductance,APD_conductance,APD_conductance,APD_conductance,APD_conductance,APD_conductance,APD_conductance,APD_conductance,APD_conductance,RMSE,ME
,conc_0,conc_1,conc_2,conc_3,conc_4,conc_5,conc_6,conc_7,conc_8,conc_9,conc_10,conc_11,conc_12,conc_13,conc_14,conc_15,conc_16,conc_17,conc_0,conc_1,conc_2,conc_3,conc_4,conc_5,conc_6,conc_7,conc_8,conc_9,conc_10,conc_11,conc_12,conc_13,conc_14,conc_15,conc_16,conc_17,Hill_coef,IC50,Vhalf,Kmax,Ku,N,EC50,conc_0,conc_1,conc_2,conc_3,conc_4,conc_5,conc_6,conc_7,conc_8,conc_9,conc_10,conc_11,conc_12,conc_13,conc_14,conc_15,conc_16,conc_17,conc_18,conc_19,conc_20,conc_21,conc_22,conc_23,conc_24,conc_25,conc_26,conc_27,conc_28,conc_29,conc_0,conc_1,conc_2,conc_3,conc_4,conc_5,conc_6,conc_7,conc_8,conc_9,conc_10,conc_11,conc_12,conc_13,conc_14,conc_15,conc_16,conc_17,conc_18,conc_19,conc_20,conc_21,conc_22,conc_23,conc_24,conc_25,conc_26,conc_27,conc_28,conc_29,conc_0,conc_1,conc_2,conc_3,conc_4,conc_5,conc_6,conc_7,conc_8,conc_9,conc_10,conc_11,conc_12,conc_13,conc_14,conc_15,conc_16,conc_17,conc_18,conc_19,conc_20,conc_21,conc_22,conc_23,conc_24,conc_25,conc_26,conc_27,conc_28,conc_29,RMSE,ME
0,0.0,3.254417053822146e-10,1.0291370346172767e-09,3.254417053822146e-09,1.0291370346172763e-08,3.254417053822146e-08,1.0291370346172766e-07,3.2544170538221464e-07,1.0291370346172769e-06,3.2544170538221467e-06,1.029137034617277e-05,3.254417053822147e-05,0.0001029137034617,0.0003254417053822,0.0010291370346172,0.0032544170538221,0.0102913703461727,0.0325441705382214,1.0,0.9877991638091428,0.9766879555915896,0.9560518449264672,0.9191609808238004,0.8575589581665778,0.7656756761675138,0.649615788965876,0.5299787480503578,0.4272079244826594,0.3456946024736896,0.2772646635571681,0.2125816522231153,0.1482700770790242,0.0889110264129582,0.0429087568695839,0.0143658405348131,0.0,0.3941683110489847,0.0057337036277551,-77.49,9884.0,8.18e-05,0.578,41380.0,3.254417053822145e-10,8.580761649803554e-10,2.262447291574551e-09,5.965283684660123e-09,1.5728370588340637e-08,4.147022244731243e-08,1.093424992862543e-07,2.8829799901252624e-07,7.601411781985405e-07,2.004226920659133e-06,5.284446711615487e-06,1.3933241171473671e-05,3.673709285699285e-05,9.686288889813072e-05,0.0002553936230668,0.0006733838257892,0.0017754780694577,0.0046813158475119,0.0123429956365829,0.0325441705382214,0.1029137034617277,0.3254417053822149,1.0291370346172777,3.254417053822149,10.291370346172778,32.5441705382215,102.9137034617278,325.44170538221505,1029.1370346172782,3254.417053822151,234.7,235.7,237.5,240.5,245.4,252.9,263.9,278.1,294.20000000000005,310.0,323.3,333.2,340.0,344.3,346.90000000000003,348.40000000000003,349.2,349.5,349.7,349.8,349.90000000000003,349.90000000000003,349.90000000000003,349.90000000000003,349.90000000000003,349.90000000000003,349.90000000000003,349.90000000000003,349.90000000000003,349.90000000000003,236.6,238.0,240.1,243.0,247.0,252.3,259.20000000000005,267.70000000000005,277.5,288.3,299.3,309.7,319.0,326.8,333.1,337.8,341.40000000000003,343.90000000000003,345.8,347.1,348.1,348.8,349.2,349.40000000000003,349.6,349.7,349.8,349.8,349.90000000000003,349.90000000000003,10.333118277332035,5.946666666666668
0,0.0,1.0180540124426988e-09,3.219369460392328e-09,1.0180540124426989e-08,3.219369460392328e-08,1.0180540124426989e-07,3.219369460392328e-07,1.0180540124426989e-06,3.219369460392328e-06,1.018054012442699e-05,3.2193694603923283e-05,0.0001018054012442,0.0003219369460392,0.0010180540124426,0.0032193694603923,0.0101805401244269,0.0321936946039233,0.1018054012442699,1.0,0.9893409051127388,0.9787090381737302,0.9580675903009014,0.9196164836903404,0.8532674153352642,0.7527938272999576,0.6274917910192076,0.5034653297334972,0.4015657317914847,0.3214265892457703,0.2514994445450317,0.183032304370032,0.1168142762290832,0.0618985263695353,0.0260231235537592,0.00773469188129,0.0,0.4164606221235161,0.0061061841820574,-77.49,9884.0,8.18e-05,0.6162105263157894,41380.0,1.0180540124426971e-09,2.684253026863081e-09,7.07743815569825e-09,1.866073367393029e-08,4.920184021233613e-08,1.2972807621504366e-07,3.420476487429557e-07,9.018602404667188e-07,2.377890613555754e-06,6.269667423314267e-06,1.6530924246421993e-05,4.358627627117206e-05,0.0001149217945026,0.0003030086527592,0.0007989280366207,0.0021064943257768,0.00555409015723,0.0146441968046901,0.0386116346662703,0.1018054012442699,0.321936946039233,1.0180540124426996,3.2193694603923304,10.180540124426996,32.193694603923305,101.80540124426996,321.9369460392331,1018.0540124426998,3219.369460392331,10180.540124426998,234.5,235.5,237.3,240.3,245.5,253.8,266.0,281.6,299.0,315.1,327.90000000000003,336.90000000000003,342.6,346.1,348.0,349.0,349.5,349.7,349.8,349.90000000000003,349.90000000000003,349.90000000000003,349.90000000000003,349.90000000000003,349.90000000000003,349.90000000000003,349.90000000000003,349.90000000000003,349.90000000000003,349.90000000000003,236.3,237.8,239.9,242.9,247.1,252.9,260.3,269.5,280.20000000000005,291.70000000000005,303.20000000000005,313.8,323.0,330.40000000000003,336.1,340.3,343.3,345.40000000000003,346.90000000000003,347.90000000000003,348.6,349.1,349.40000000000003,349.6,349.7,349.8,349.90000000000003,349.90000000000003,349.90000000000003,349.90000000000003,10.277856456155304,5.7433333333333305
0,0.0,2.787592396971304e-09,8.815141162597581e-09,2.7875923969713043e-08,8.81514116259758e-08,2.787592396971304e-07,8.815141162597579e-07,2.7875923969713043e-06,8.815141162597581e-06,2.7875923969713047e-05,8.815141162597582e-05,0.0002787592396971,0.0008815141162597,0.0027875923969713,0.0088151411625975,0.027875923969713,0.0881514116259758,,1.0,0.9906237158476656,0.9804222545311584,0.959714557341997,0.9195077179678364,0.8478303269135826,0.7378280079403553,0.602918250418545,0.4750821850595495,0.3740210523362814,0.2938926439198314,0.2207509250279747,0.1483000209909087,0.0828652550842967,0.0359919297309009,0.0107120135553182,0.0,,0.4435899602393078,0.005991768221639,-77.49,9884.0,8.18e-05,0.6544210526315789,41380.0,2.7875923969713003e-09,6.917769917404022e-09,1.7167337908560328e-08,4.2602962281996335e-08,1.0572474339752865e-07,2.623695810748086e-07,6.511039408678258e-07,1.615798371430637e-06,4.009811972014914e-06,9.950865364889572e-06,2.4694355296765165e-05,6.128222633526127e-05,0.0001520797453294,0.0003774054945871,0.0009365803910049,0.0023242449868797,0.0057679135831993,0.0143138211724909,0.0355215926179677,0.0881514116259758,0.2787592396971307,0.8815141162597588,2.787592396971307,8.81514116259759,27.875923969713075,88.15141162597591,278.7592396971308,881.5141162597592,2787.5923969713085,8815.141162597594,234.4,235.2,236.8,239.5,244.0,251.5,262.6,277.4,294.5,311.2,324.90000000000003,334.90000000000003,341.3,345.3,347.6,348.8,349.40000000000003,349.7,349.8,349.8,349.90000000000003,349.90000000000003,349.90000000000003,349.90000000000003,349.90000000000003,349.90000000000003,349.90000000000003,349.90000000000003,349.90000000000003,349.90000000000003,236.1,237.4,239.3,242.1,246.0,251.3,258.3,267.1,277.4,288.8,300.4,311.3,320.8,328.6,334.8,339.3,342.6,344.90000000000003,346.5,347.6,348.5,349.1,349.40000000000003,349.6,349.7,349.8,349.90000000000003,349.90000000000003,349.90000000000003,349.90000000000003,10.233881635690995,5.710000000000004
0,0.0,6.83000513779825e-09,2.159837266609466e-08,6.83000513779825e-08,2.1598372666094658e-07,6.83000513779825e-07,2.159837266609466e-06,6.830005137798251e-06,2.159837266609466e-05,6.830005137798251e-05,0.0002159837266609,0.0006830005137798,0.0021598372666094,0.0068300051377982,0.0215983726660946,0.0683000513779825,0.2159837266609466,,1.0,0.9917915961460592,0.9820811158725048,0.9614749579955574,0.9197622566148944,0.8429526948810512,0.7237064010352995,0.5804367839405276,0.4507052948088218,0.3511702119823601,0.2703695024826591,0.1935233093180537,0.1189055273219469,0.058402765644547,0.0220386011398401,0.005875192233122,0.0,,0.4671202140717738,0.0062072350616036,-77.49,9884.0,8.18e-05,0.6926315789473684,41380.0,6.830005137798264e-09,1.6949538293084277e-08,4.2062464456848324e-08,1.0438342836191069e-07,2.590409348877832e-07,6.428434762162132e-07,1.5952989634351235e-06,3.958940048232208e-06,9.824620127470056e-06,2.4381061464214543e-05,6.050474729905714e-05,0.0001501503308662,0.0003726174038512,0.0009246981265496,0.0022947576157386,0.0056947368701171,0.014132223724828,0.0350709351395339,0.087033046993202,0.2159837266609466,0.6830005137798252,2.1598372666094665,6.830005137798253,21.59837266609467,68.30005137798253,215.9837266609467,683.0005137798254,2159.8372666094674,6830.005137798255,21598.37266609468,234.2,235.1,236.6,239.3,244.1,252.1,264.3,280.5,298.8,315.7,329.0,337.90000000000003,343.5,346.7,348.40000000000003,349.2,349.6,349.8,349.8,349.90000000000003,349.90000000000003,349.90000000000003,349.90000000000003,349.90000000000003,349.90000000000003,349.90000000000003,349.90000000000003,349.90000000000003,349.90000000000003,349.90000000000003,235.9,237.2,239.1,242.0,246.0,251.7,259.3,268.8,279.9,292.1,304.1,315.1,324.5,331.90000000000003,337.40000000000003,341.40000000000003,344.2,346.1,347.40000000000003,348.3,348.90000000000003,349.40000000000003,349.6,349.7,349.8,349.90000000000003,349.90000000000003,349.90000000000003,349.90000000000003,349.90000000000003,10.091184271432164,5.473333333333335
0,0.0,1.5237603248269708e-08,4.8185532346512426e-08,1.523760324826971e-07,4.818553234651242e-07,1.5237603248269708e-06,4.818553234651242e-06,1.5237603248269708e-05,4.818553234651243e-05,0.0001523760324826,0.0004818553234651,0.0015237603248269,0.0048185532346512,0.0152376032482697,0.0481855323465124,0.1523760324826971,,,1.0,0.992780231612722,0.9835250490049424,0.9629859996943468,0.9196334222030316,0.8371956896961612,0.7079673737597417,0.5564221961161345,0.4253451864222939,0.3266934639517839,0.24371302906693,0.1626491803933887,0.0881324761404763,0.0357200882866261,0.0096959554194036,0.0,,,0.4945069701849204,0.0060759597171432,-77.49,9884.0,8.18e-05,0.7308421052631578,41380.0,1.523760324826969e-08,3.5590797044460894e-08,8.313018875877653e-08,1.94168966613389e-07,4.535246239499357e-07,1.0593072009208883e-06,2.474246571552688e-06,5.779150836998239e-06,1.349848668308693e-05,3.1528705145913245e-05,7.364227350192175e-05,0.000172007839251,0.0004017624029904,0.000938405070138,0.0021918528690245,0.0051195578032673,0.0119578610733394,0.027930232833396,0.0652372444656489,0.1523760324826971,0.4818553234651246,1.523760324826972,4.818553234651247,15.23760324826972,48.18553234651248,152.37603248269724,481.8553234651248,1523.7603248269725,4818.553234651248,15237.603248269726,234.1,234.8,236.1,238.5,242.6,249.4,260.20000000000005,275.1,292.70000000000005,310.2,324.7,335.0,341.7,345.6,347.8,349.0,349.5,349.7,349.8,349.90000000000003,349.90000000000003,349.90000000000003,349.90000000000003,349.90000000000003,349.90000000000003,349.90000000000003,349.90000000000003,349.90000000000003,349.90000000000003,349.90000000000003,235.6,236.8,238.6,241.1,244.8,249.9,256.8,265.6,276.20000000000005,287.9,300.0,311.3,321.2,329.2,335.40000000000003,339.90000000000003,343.1,345.40000000000003,346.90000000000003,347.90000000000003,348.8,349.3,349.6,349.7,349.8,349.90000000000003,349.90000000000003,349.90000000000003,349.90000000000003,349.90000000000003,10.110769835510382,5.503333333333334
0,0.0,3.1389337447722414e-08,9.926180057841933e-08,3.138933744772242e-07,9.926180057841933e-07,3.1389337447722414e-06,9.926180057841932e-06,3.1389337447722414e-05,9.926180057841934e-05,0.0003138933744772,0.0009926180057841,0.0031389337447722,0.0099261800578419,0.0313893374477224,0.0992618005784193,0.3138933744772243,,,1.0,0.9936762900560004,0.98491256610398,0.9645764484899229,0.9198126026233712,0.8319318532420302,0.6930870511255866,0.5347099001641357,0.4037257012572899,0.3058469445846172,0.220000770956147,0.1357390187762366,0.0649072478452033,0.0228217215685672,0.0055625472354603,0.0,,,0.5184849271997362,0.0062305862835779,-77.49,9884.0,8.18e-05,0.7690526315789473,41380.0,3.1389337447722394e-08,7.33167493771597e-08,1.712475055641317e-07,3.999864752742732e-07,9.342569976438048e-07,2.182164127044314e-06,5.096927600615717e-06,1.1905003223156133e-05,2.7806771617912863e-05,6.494887345404493e-05,0.0001517024781198,0.0003543347350586,0.0008276272479208,0.0019331067313727,0.00451519889451,0.010546246995119,0.0246330955248266,0.0575360500674854,0.1343881873892698,0.3138933744772243,0.992618005784194,3.138933744772244,9.92618005784194,31.38933744772244,99.2618005784194,313.8933744772244,992.6180057841942,3138.9337447722446,9926.180057841942,31389.33744772245,234.0,234.7,235.9,238.3,242.5,249.9,261.5,277.6,296.4,314.3,328.3,337.8,343.6,346.8,348.5,349.3,349.6,349.8,349.90000000000003,349.90000000000003,349.90000000000003,349.90000000000003,349.90000000000003,349.90000000000003,349.90000000000003,349.90000000000003,349.90000000000003,349.90000000000003,349.90000000000003,349.90000000000003,235.4,236.6,238.3,241.0,244.8,250.2,257.6,267.0,278.4,290.9,303.4,314.90000000000003,324.5,332.1,337.8,341.8,344.5,346.40000000000003,347.6,348.40000000000003,349.1,349.5,349.7,349.8,349.90000000000003,349.90000000000003,349.90000000000003,349.90000000000003,349.90000000000003,349.90000000000003,9.941746996043172,5.283333333333338
0,0.0,6.038582198379299e-08,1.909567358502532e-07,6.038582198379299e-07,1.909567358502532e-06,6.0385821983793e-06,1.909567358502532e-05,6.0385821983792994e-05,0.0001909567358502,0.0006038582198379,0.0019095673585025,0.0060385821983793,0.0190956735850253,0.060385821983793,0.1909567358502532,,,,1.0,0.994437822879114,0.9861270617439768,0.9659574873502113,0.9196525996150088,0.8258201996084686,0.676699234355029,0.5117537714437936,0.380986290626843,0.282746110218167,0.1929565602195661,0.1067644873761972,0.042580306036678,0.0108876538110321,0.0,,,,0.5463680948153099,0.0060723001463043,-77.49,9884.0,8.18e-05,0.8072631578947369,41380.0,6.038582198379299e-08,1.3275174714467736e-07,2.9184046504648405e-07,6.415799329987423e-07,1.410444608361995e-06,3.1007110586504606e-06,6.816580397583192e-06,1.498552023642564e-05,3.2944057527135265e-05,7.242397389135038e-05,0.0001592163318041,0.000350020013417,0.0007694814244506,0.0016916223069484,0.003718850044247,0.0081754925994939,0.0179729428315554,0.0395115853993136,0.0868619788867457,0.1909567358502532,0.6038582198379302,1.9095673585025328,6.038582198379302,19.095673585025327,60.38582198379302,190.9567358502533,603.8582198379303,1909.567358502533,6038.582198379304,19095.67358502533,233.9,234.5,235.5,237.5,241.0,247.0,256.8,271.1,288.70000000000005,307.0,322.5,333.8,341.0,345.3,347.7,348.90000000000003,349.5,349.7,349.8,349.90000000000003,349.90000000000003,349.90000000000003,349.90000000000003,349.90000000000003,349.90000000000003,349.90000000000003,349.90000000000003,349.90000000000003,349.90000000000003,349.90000000000003,235.2,236.3,237.8,240.1,243.4,248.2,254.7,263.20000000000005,273.70000000000005,285.6,298.0,309.8,320.1,328.6,335.1,339.8,343.1,345.40000000000003,346.90000000000003,348.0,348.90000000000003,349.40000000000003,349.6,349.8,349.8,349.90000000000003,349.90000000000003,349.90000000000003,349.90000000000003,349.90000000000003,9.967129309217704,5.336666666666661
0,0.0,3.462610827736966e-07,1.0949736866409748e-06,3.4626108277369658e-06,1.0949736866409747e-05,3.462610827736966e-05,0.000109497368664,0.0003462610827736,0.0010949736866409,0.0034626108277369,0.0109497368664097,0.0346261082773696,0.1094973686640975,0.3462610827736967,,,,,1.0,0.987295574974676,0.9674180825146254,0.9198108810230882,0.8202659278750191,0.6614372602539256,0.4915431422873282,0.3619198057236907,0.2628565657831739,0.1692178478847244,0.0838306962292482,0.0289971347486118,0.0066117393117516,0.0,,,,,0.5690077646352023,0.0062825675294416,-77.49,9884.0,8.18e-05,0.8454736842105264,41380.0,3.462610827736966e-07,7.16461992375096e-07,1.4824587920946856e-06,3.067411940406547e-06,6.346898856361385e-06,1.3132610120681252e-05,2.717318370513508e-05,5.622506918942288e-05,0.0001163374317731,0.0002407182103409,0.0004980792158341,0.0010305946728943,0.0021324426838796,0.00441231836301,0.0091296959509061,0.0188906015610193,0.0390872630650716,0.0808769444944914,0.1673455657377594,0.3462610827736967,1.0949736866409754,3.462610827736968,10.949736866409754,34.62610827736968,109.49736866409756,346.26108277369684,1094.9736866409755,3462.6108277369685,10949.736866409758,34626.10827736969,234.8,236.0,238.2,242.1,248.6,258.8,273.1,290.4,307.90000000000003,322.8,333.7,340.8,345.1,347.5,348.8,349.40000000000003,349.7,349.8,349.90000000000003,349.90000000000003,349.90000000000003,349.90000000000003,349.90000000000003,349.90000000000003,349.90000000000003,349.90000000000003,349.90000000000003,349.90000000000003,349.90000000000003,349.90000000000003,236.7,238.4,240.9,244.4,249.3,256.0,264.4,274.70000000000005,286.1,298.0,309.40000000000003,319.5,327.8,334.2,339.0,342.5,344.90000000000003,346.5,347.7,348.40000000000003,349.1,349.5,349.7,349.8,349.90000000000003,349.90000000000003,349.90000000000003,349.90000000000003,349.90000000000003,349.90000000000003,10.244705949904075,5.666666666666673
0,0.0,5.963757800283954e-07,1.8859058062492864e-06,5.963757800283954e-06,1.8859058062492863e-05,5.963757800283954e-05,0.0001885905806249,0.0005963757800283,0.0018859058062492,0.0059637578002839,0.0188590580624928,0.0596375780028395,0.1885905806249286,0.5963757800283955,,,,,1.0,0.9883577887641092,0.9687902408866944,0.919898394703804,0.8144371320751853,0.6458282759063279,0.4718170653863774,0.3433742640799708,0.2425168613546434,0.1452744886956859,0.0634423273949491,0.0190404870514314,0.0039620159046175,0.0,,,,,0.5937794846593274,0.006354931032433,-77.49,9884.0,8.18e-05,0.8836842105263158,41380.0,5.963757800283954e-07,1.2339838371112905e-06,2.5532829488471208e-06,5.283094981320645e-06,1.0931453011996977e-05,2.261868570903992e-05,4.680118394534129e-05,9.68381119425638e-05,0.0002003714251236,0.0004145961460905,0.0008578566741593,0.0017750239126415,0.0036727695725359,0.0075994673856937,0.0157243473639288,0.0325358459313821,0.0673211578179065,0.1392967713057691,0.2882242540851047,0.5963757800283955,1.8859058062492868,5.963757800283956,18.85905806249287,59.63757800283957,188.59058062492872,596.3757800283958,1885.9058062492877,5963.757800283958,18859.05806249288,59637.57800283959,234.6,235.8,238.0,242.0,248.9,259.8,275.20000000000005,293.5,311.5,326.1,336.3,342.6,346.2,348.2,349.2,349.6,349.8,349.8,349.90000000000003,349.90000000000003,349.90000000000003,349.90000000000003,349.90000000000003,349.90000000000003,349.90000000000003,349.90000000000003,349.90000000000003,349.90000000000003,349.90000000000003,349.90000000000003,236.6,238.3,240.8,244.4,249.6,256.6,265.6,276.5,288.6,301.0,312.6,322.5,330.5,336.5,340.8,343.8,345.90000000000003,347.3,348.2,348.8,349.3,349.6,349.8,349.90000000000003,349.90000000000003,349.90000000000003,349.90000000000003,349.90000000000003,349.90000000000003,349.90000000000003,10.082096342857804,5.433333333333335
0,0.0,9.818910463858244e-07,3.1050121207052462e-06,9.818910463858245e-06,3.105012120705246e-05,9.818910463858244e-05,0.0003105012120705,0.0009818910463858,0.0031050121207052,0.0098189104638582,0.0310501212070524,0.0981891046385824,0.3105012120705247,,,,,,1.0,0.9893013795776314,0.9700220600653016,0.9197566868839868,0.8079404556759475,0.6291578847717887,0.4514668027031666,0.3237562712218182,0.2199969347591099,0.1198256225797514,0.0441074792392184,0.0098403113864816,0.0,,,,,,0.6217343710695601,0.0062051308055748,-77.49,9884.0,8.18e-05,0.9218947368421052,41380.0,9.818910463858235e-07,1.912216159874654e-06,3.7240085399953344e-06,7.252443472116286e-06,1.4124010659843446e-05,2.750627121553561e-05,5.356799668338603e-05,0.0001043227650227,0.0002031668155582,0.0003956639275719,0.0007705487884501,0.0015006306969288,0.0029224528314353,0.0056914273241536,0.0110839581866624,0.0215858205835829,0.0420380194890411,0.0818683299862614,0.1594371841538977,0.3105012120705247,0.9818910463858248,3.1050121207052475,9.818910463858249,31.05012120705248,98.18910463858248,310.50121207052484,981.8910463858252,3105.012120705249,9818.910463858252,31050.121207052493,234.5,235.6,237.4,240.7,246.4,255.4,268.6,285.20000000000005,303.0,318.90000000000003,331.0,339.1,344.1,346.90000000000003,348.5,349.3,349.6,349.8,349.8,349.90000000000003,349.90000000000003,349.90000000000003,349.90000000000003,349.90000000000003,349.90000000000003,349.90000000000003,349.90000000000003,349.90000000000003,349.90000000000003,349.90000000000003,236.4,237.9,240.1,243.3,247.7,253.8,261.8,271.6,282.8,294.70000000000005,306.3,316.8,325.6,332.6,337.8,341.6,344.3,346.1,347.40000000000003,348.2,349.1,349.5,349.7,349.8,349.90000000000003,349.90000000000003,349.90000000000003,349.90000000000003,349.90000000000003,349.90000000000003,10.216424684464393,5.613333333333338
0,0.0,1.5537119478215289e-06,4.91326858293272e-06,1.553711947821529e-05,4.913268582932719e-05,0.0001553711947821,0.0004913268582932,0.0015537119478215,0.0049132685829327,0.0155371194782152,0.0491326858293272,0.1553711947821529,0.491326858293272,,,,,,1.0,0.990198946918944,0.9712946031952656,0.9198599066626032,0.8018976906548418,0.6136363105216693,0.4336820042418522,0.3068145855693498,0.1998147541014798,0.0985890710070616,0.0314838379922271,0.0062728029106045,0.0,,,,,,0.6461852476030794,0.0062945992388673,-77.49,9884.0,8.18e-05,0.9601052631578948,41380.0,1.553711947821529e-06,3.025827667286028e-06,5.892748063726216e-06,1.1476026912561951e-05,2.234936777775086e-05,4.352501469985306e-05,8.476422793974301e-05,0.0001650768963036,0.000321484455832,0.0006260855253272,0.0012192909421071,0.002374548430468,0.0046243927957784,0.0090059265396547,0.0175388891946416,0.0341566892454035,0.0665195730048573,0.129545740248932,0.2522881320272204,0.491326858293272,1.553711947821529,4.913268582932721,15.537119478215295,49.132685829327215,155.37119478215297,491.3268582932722,1553.7119478215295,4913.268582932723,15537.119478215302,49132.68582932724,234.4,235.4,237.3,240.7,246.5,256.1,270.20000000000005,287.8,306.2,322.0,333.5,340.90000000000003,345.3,347.7,348.90000000000003,349.5,349.7,349.8,349.90000000000003,349.90000000000003,349.90000000000003,349.90000000000003,349.90000000000003,349.90000000000003,349.90000000000003,349.90000000000003,349.90000000000003,349.90000000000003,349.90000000000003,349.90000000000003,236.2,237.7,239.9,243.2,247.9,254.3,262.70000000000005,273.1,284.9,297.3,309.1,319.6,328.2,334.8,339.6,343.0,345.3,346.90000000000003,347.90000000000003,348.6,349.3,349.6,349.8,349.90000000000003,349.90000000000003,349.90000000000003,349.90000000000003,349.90000000000003,349.90000000000003,349.90000000000003,10.055496009645667,5.416666666666667
0,0.0,2.373672228246397e-06,7.506210659945682e-06,2.3736722282463976e-05,7.506210659945682e-05,0.0002373672228246,0.0007506210659945,0.0023736722282463,0.0075062106599456,0.0237367222824639,0.0750621065994568,0.2373672228246398,0.7506210659945685,,,,,,1.0,0.991017787108874,0.9725003912872304,0.9199210573322746,0.7956347108169861,0.5980248127408522,0.4165077808945487,0.2899778912019622,0.1792931092073066,0.0790160056521546,0.0218556695091173,0.0039717155422281,0.0,,,,,,0.6711428372346336,0.0063458502911563,-77.49,9884.0,8.18e-05,0.9983157894736844,41380.0,2.3736722282463963e-06,4.622686406812285e-06,9.002603376083678e-06,1.753241738994828e-05,3.4144085515525566e-05,6.649502745468029e-05,0.0001294979382062,0.0002521950383598,0.0004911455599549,0.0009564976481387,0.0018627629474627,0.0036276992475541,0.0070648827585014,0.0137587393511252,0.0267949115368416,0.0521826357738545,0.1016247981473177,0.1979125708260522,0.3854313750684774,0.7506210659945685,2.3736722282463987,7.506210659945685,23.73672228246399,75.06210659945687,237.36722282463995,750.6210659945688,2373.6722282464,7506.210659945688,23736.722282464,75062.10659945689,234.3,235.3,237.1,240.6,246.7,256.9,271.8,290.5,309.40000000000003,325.0,335.8,342.5,346.3,348.3,349.2,349.6,349.8,349.8,349.90000000000003,349.90000000000003,349.90000000000003,349.90000000000003,349.90000000000003,349.90000000000003,349.90000000000003,349.90000000000003,349.90000000000003,349.90000000000003,349.90000000000003,349.90000000000003,236.0,237.5,239.8,243.1,248.0,254.7,263.6,274.6,287.0,299.9,312.0,322.3,330.6,336.7,341.1,344.1,346.1,347.5,348.3,348.90000000000003,349.5,349.7,349.8,349.90000000000003,349.90000000000003,349.90000000000003,349.90000000000003,349.90000000000003,349.90000000000003,349.90000000000003,9.922634058891152,5.253333333333338
0,0.0,3.514805750823811e-06,1.1114791705661484e-05,3.514805750823811e-05,0.0001111479170566,0.0003514805750823,0.0011114791705661,0.0035148057508238,0.0111147917056614,0.0351480575082381,0.1111479170566148,0.3514805750823812,1.1114791705661489,,,,,,1.0,0.9917663772776538,0.9736493080861855,0.9199573600821817,0.7891923511605015,0.5824493535960339,0.4000039687359841,0.2732207014416052,0.1587593219180868,0.0617225791324356,0.0148653010956224,0.0025242812241091,0.0,,,,,,0.6964030782287238,0.006374898832271,-77.49,9884.0,8.18e-05,1.0365263157894735,41380.0,3.514805750823813e-06,6.845024588303141e-06,1.3330569293478762e-05,2.5961057611378356e-05,5.055871939625349e-05,9.84622485437096e-05,0.0001917535591101,0.0003734368042091,0.000727261842675,0.0014163301041825,0.0027582788568076,0.0053717012929717,0.0104612971635185,0.0203731988013978,0.0396764591344117,0.0772692312478997,0.1504805173620724,0.2930582553993313,0.5707259820954467,1.1114791705661489,3.5148057508238124,11.11479170566149,35.14805750823813,111.14791705661492,351.4805750823814,1111.4791705661494,3514.805750823814,11114.791705661495,35148.05750823815,111147.91705661496,234.2,235.2,237.0,240.5,246.9,257.6,273.5,293.1,312.40000000000003,327.7,337.8,343.8,347.1,348.7,349.40000000000003,349.7,349.8,349.90000000000003,349.90000000000003,349.90000000000003,349.90000000000003,349.90000000000003,349.90000000000003,349.90000000000003,349.90000000000003,349.90000000000003,349.90000000000003,349.90000000000003,349.90000000000003,349.90000000000003,235.9,237.4,239.6,243.1,248.1,255.2,264.6,276.20000000000005,289.20000000000005,302.5,314.7,324.90000000000003,332.8,338.5,342.40000000000003,345.1,346.8,348.0,348.7,349.1,349.6,349.8,349.90000000000003,349.90000000000003,349.90000000000003,349.90000000000003,349.90000000000003,349.90000000000003,349.90000000000003,349.90000000000003,9.748247705784529,5.056666666666667
0,0.0,5.061270940928832e-06,1.6005144028558638e-05,5.061270940928832e-05,0.0001600514402855,0.0005061270940928,0.0016005144028558,0.0050612709409288,0.0160051440285586,0.0506127094092883,0.1600514402855864,0.5061270940928834,,,,,,,1.0,0.9924396430047974,0.974706440230562,0.9198500460155612,0.7822421508750131,0.5662968844456086,0.3831688683081868,0.255280466298034,0.1371616172597765,0.0455039225173138,0.0083741073542219,0.0,,,,,,,0.7241080707483096,0.0062594095269258,-77.49,9884.0,8.18e-05,1.0747368421052632,41380.0,5.0612709409288286e-06,9.277212007019283e-06,1.7004950659169395e-05,3.116974654691485e-05,5.713354418203077e-05,0.0001047246844271,0.0001919583265029,0.0003518559097636,0.0006449450955891,0.0011821719197609,0.0021668983258095,0.003971882833544,0.0072803846195726,0.0133448045751178,0.0244607693760194,0.0448361184383643,0.0821837402461204,0.1506412106152022,0.2761224333141117,0.5061270940928834,1.6005144028558644,5.061270940928834,16.005144028558647,50.61270940928835,160.0514402855865,506.1270940928836,1600.514402855865,5061.270940928836,16005.144028558654,50612.70940928837,234.2,235.0,236.5,239.2,244.2,252.5,265.4,282.5,301.4,318.40000000000003,331.2,339.6,344.6,347.40000000000003,348.8,349.40000000000003,349.7,349.8,349.90000000000003,349.90000000000003,349.90000000000003,349.90000000000003,349.90000000000003,349.90000000000003,349.90000000000003,349.90000000000003,349.90000000000003,349.90000000000003,349.90000000000003,349.90000000000003,235.7,237.0,239.0,241.9,246.1,252.0,259.9,269.9,281.6,294.1,306.5,317.5,326.7,333.7,338.90000000000003,342.6,345.1,346.7,347.8,348.6,349.3,349.7,349.8,349.90000000000003,349.90000000000003,349.90000000000003,349.90000000000003,349.90000000000003,349.90000000000003,349.90000000000003,9.972161250200486,5.306666666666673
0,0.0,7.107945693059239e-06,2.247729787485128e-05,7.107945693059239e-05,0.0002247729787485,0.0007107945693059,0.0022477297874851,0.0071079456930592,0.0224772978748512,0.0710794569305924,0.2247729787485128,0.7107945693059242,,,,,,,1.0,0.9930734330661716,0.9757730399287416,0.9199093727866922,0.7756226555271492,0.5512781691148998,0.3682967567331823,0.2389277515559511,0.1181342737864764,0.0340598210714857,0.0056174825297622,0.0,,,,,,,0.7489585889117565,0.0063118518375985,-77.49,9884.0,8.18e-05,1.112947368421053,41380.0,7.1079456930592455e-06,1.30287273490221e-05,2.3881405917452497e-05,4.377415639425006e-05,8.02371843036226e-05,0.00014707321112,0.0002695823590632,0.0004941392641436,0.0009057477396401,0.0016602181356405,0.0030431478184032,0.0055780312513449,0.0102244236881358,0.0187411713997312,0.0343522056741118,0.0629669303751956,0.1154171687980625,0.2115574441057401,0.3877807142788324,0.7107945693059242,2.247729787485129,7.107945693059244,22.477297874851292,71.07945693059244,224.77297874851297,710.7945693059245,2247.72978748513,7107.945693059246,22477.2978748513,71079.45693059247,234.1,234.9,236.3,239.1,244.2,253.0,266.6,284.6,304.1,321.1,333.40000000000003,341.2,345.6,347.90000000000003,349.1,349.6,349.8,349.8,349.90000000000003,349.90000000000003,349.90000000000003,349.90000000000003,349.90000000000003,349.90000000000003,349.90000000000003,349.90000000000003,349.90000000000003,349.90000000000003,349.90000000000003,349.90000000000003,235.6,236.9,238.8,241.8,246.1,252.2,260.6,271.1,283.4,296.4,309.0,320.0,328.90000000000003,335.6,340.3,343.6,345.8,347.3,348.2,348.90000000000003,349.5,349.7,349.8,349.90000000000003,349.90000000000003,349.90000000000003,349.90000000000003,349.90000000000003,349.90000000000003,349.90000000000003,9.824527130266045,5.146666666666675
0,0.0,9.759727049139146e-06,3.0862966816833776e-05,9.759727049139146e-05,0.0003086296681683,0.0009759727049139,0.0030862966816833,0.0097597270491391,0.0308629668168337,0.0975972704913914,0.3086296681683378,0.9759727049139147,,,,,,,1.0,0.9936520943480142,0.9767903468980254,0.919946662664608,0.7688348285659705,0.5364322375624542,0.3538793370905014,0.2223794542070475,0.1000170278999726,0.0249820142865066,0.0037636968581443,0.0,,,,,,,0.7741201074308778,0.0063439728854282,-77.49,9884.0,8.18e-05,1.1511578947368422,41380.0,9.759727049139154e-06,1.7889391424061655e-05,3.2790909408836176e-05,6.01051044370506e-05,0.0001101714970556,0.0002019422289865,0.0003701562104349,0.000678489193722,0.0012436576046008,0.0022796004001133,0.0041784635618137,0.0076590431097207,0.0140388782835522,0.0257329930954757,0.0471680799759912,0.0864581807629936,0.1584761776322313,0.290483776726335,0.5324511595491276,0.9759727049139147,3.086296681683379,9.75972704913915,30.862966816833797,97.59727049139153,308.629668168338,975.9727049139152,3086.29668168338,9759.727049139154,30862.966816833807,97597.27049139157,234.0,234.8,236.2,239.0,244.3,253.4,267.8,286.8,306.8,323.7,335.40000000000003,342.5,346.40000000000003,348.40000000000003,349.3,349.7,349.8,349.90000000000003,349.90000000000003,349.90000000000003,349.90000000000003,349.90000000000003,349.90000000000003,349.90000000000003,349.90000000000003,349.90000000000003,349.90000000000003,349.90000000000003,349.90000000000003,349.90000000000003,235.5,236.7,238.7,241.7,246.1,252.5,261.3,272.3,285.20000000000005,298.70000000000005,311.40000000000003,322.3,330.90000000000003,337.2,341.6,344.6,346.5,347.8,348.6,349.1,349.6,349.8,349.90000000000003,349.90000000000003,349.90000000000003,349.90000000000003,349.90000000000003,349.90000000000003,349.90000000000003,349.90000000000003,9.695823843284275,4.989999999999998
0,0.0,1.3130581285351863e-05,4.15225438636932e-05,0.00013130581285351864,0.00041522543863693203,0.0013130581285351864,0.00415225438636932,0.013130581285351864,0.04152254386369321,0.13130581285351867,0.4152254386369321,1.3130581285351868,,,,,,,1.0,0.9941813637036399,0.9777623374724443,0.919971071270927,0.7619018510049749,0.5218395119978514,0.3398861598343753,0.20569012299639397,0.0832111085592344,0.01803218992032667,0.0025336927828314647,0.0,,,,,,,0.799487724300065,0.006363218461309724,-77.49,9884.0,8.18e-05,1.1893684210526316,41380.0,1.3130581285351851e-05,2.4068102218067338e-05,4.4116367112060744e-05,8.086444994840987e-05,0.00014822297694751024,0.00027168985764694704,0.0004980022683956647,0.000912828551920051,0.0016731971279665579,0.003066938060982931,0.0056216383070995446,0.010304354580190184,0.018887683183066467,0.03462075894687502,0.06345918334400144,0.1163194589947336,0.21321132463181117,0.3908122453811428,0.7163513073407467,1.3130581285351868,4.1522543863693215,13.130581285351868,41.522543863693215,131.3058128535187,415.2254386369322,1313.058128535187,4152.254386369323,13130.581285351873,41522.54386369323,131305.81285351873,234.0,234.70000000000002,236.10000000000002,238.9,244.3,253.9,269.1,288.9,309.40000000000003,326.1,337.2,343.7,347.1,348.8,349.5,349.7,349.8,349.90000000000003,349.90000000000003,349.90000000000003,349.90000000000003,349.90000000000003,349.90000000000003,349.90000000000003,349.90000000000003,349.90000000000003,349.90000000000003,349.90000000000003,349.90000000000003,349.90000000000003,235.3,236.60000000000002,238.5,241.60000000000002,246.20000000000002,252.8,262.0,273.6,287.0,300.9,313.8,324.6,332.8,338.7,342.7,345.40000000000003,347.1,348.2,348.8,349.2,349.7,349.8,349.90000000000003,349.90000000000003,349.90000000000003,349.90000000000003,349.90000000000003,349.90000000000003,349.90000000000003,349.90000000000003,9.556847457887638,4.846666666666672
0,0.0,1.734239623956355e-05,5.484147220215993e-05,0.0001734239623956355,0.0005484147220215993,0.0017342396239563552,0.005484147220215993,0.017342396239563553,0.05484147220215994,0.17342396239563554,0.5484147220215994,1.7342396239563556,,,,,,,1.0,0.9946672260543179,0.97869221653573,0.919986839003233,0.7548407913253503,0.5075485615746733,0.32626619885717634,0.18893346827121815,0.06803122729631174,0.01286823207278602,0.0017214097109401899,0.0,,,,,,,0.8249907765545484,0.006374355988886186,-77.49,9884.0,8.18e-05,1.227578947368421,41380.0,1.7342396239563538e-05,3.178827778673296e-05,5.826730001366465e-05,0.00010680283699733392,0.0001957675400782939,0.0003588381247706285,0.0006577433610158455,0.0012056308934201398,0.0022098981720227923,0.004050700722221638,0.007424856289187279,0.013609618358783193,0.02494616793344058,0.04572584463118323,0.08381459119547983,0.15363052894762064,0.28160179615597275,0.5161706604896661,0.946130864175195,1.7342396239563558,5.484147220215995,17.34239623956356,54.841472202159956,173.4239623956356,548.4147220215996,1734.2396239563561,5484.147220215997,17342.396239563564,54841.472202159974,173423.96239563567,233.9,234.60000000000002,236.0,238.8,244.3,254.4,270.4,291.1,312.0,328.3,338.8,344.7,347.7,349.0,349.6,349.8,349.90000000000003,349.90000000000003,349.90000000000003,349.90000000000003,349.90000000000003,349.90000000000003,349.90000000000003,349.90000000000003,349.90000000000003,349.90000000000003,349.90000000000003,349.90000000000003,349.90000000000003,349.90000000000003,235.20000000000002,236.4,238.4,241.5,246.20000000000002,253.10000000000002,262.70000000000005,274.9,288.9,303.20000000000005,316.1,326.7,334.6,340.1,343.7,346.1,347.6,348.5,349.0,349.40000000000003,349.7,349.8,349.90000000000003,349.90000000000003,349.90000000000003,349.90000000000003,349.90000000000003,349.90000000000003,349.90000000000003,349.90000000000003,9.408506789071257,4.700000000000002
0,0.0,2.2523689545611844e-05,7.12261602746564e-05,0.00022523689545611843,0.0007122616027465641,0.0022523689545611843,0.007122616027465641,0.022523689545611847,0.07122616027465642,0.2252368954561185,0.7122616027465644,2.2523689545611854,,,,,,,1.0,0.9951119552915361,0.9795830759074662,0.9199972961280564,0.7476605193366122,0.493598549139175,0.31295777049110657,0.17220799802393852,0.05468434899731071,0.009122205071445217,0.001182414714452753,0.0,,,,,,,0.8505835710953337,0.006380391313566083,-77.49,9884.0,8.18e-05,1.2657894736842106,41380.0,2.252368954561184e-05,4.128548847388473e-05,7.567550400992548e-05,0.00013871173913271618,0.00025425594219628925,0.0004660462376603254,0.0008542537639874055,0.0015658306715449182,0.0028701374173716343,0.005260906523480629,0.009643140179032521,0.01767568994001985,0.032399198710711355,0.059387106283161024,0.1088554202891899,0.19952988565964286,0.36573443164872677,0.6703841584993807,1.2288012313769978,2.2523689545611854,7.122616027465645,22.52368954561186,71.22616027465646,225.23689545611862,712.2616027465647,2252.3689545611865,7122.616027465648,22523.689545611865,71226.16027465647,225236.89545611865,233.9,234.5,235.9,238.70000000000002,244.4,254.9,271.70000000000005,293.3,314.40000000000003,330.40000000000003,340.2,345.5,348.1,349.2,349.7,349.8,349.90000000000003,349.90000000000003,349.90000000000003,349.90000000000003,349.90000000000003,349.90000000000003,349.90000000000003,349.90000000000003,349.90000000000003,349.90000000000003,349.90000000000003,349.90000000000003,349.90000000000003,349.90000000000003,235.10000000000002,236.3,238.3,241.4,246.20000000000002,253.4,263.5,276.20000000000005,290.8,305.4,318.3,328.7,336.2,341.3,344.6,346.7,348.0,348.7,349.2,349.5,349.8,349.90000000000003,349.90000000000003,349.90000000000003,349.90000000000003,349.90000000000003,349.90000000000003,349.90000000000003,349.90000000000003,349.90000000000003,9.259283629597565,4.550000000000008
0,0.0,2.880822485937342e-05,9.109960590190392e-05,0.0002880822485937342,0.0009109960590190392,0.002880822485937342,0.009109960590190392,0.02880822485937342,0.09109960590190393,0.28808224859373427,0.9109960590190395,,,,,,,,1.0,0.9955158795736251,0.9804209072743851,0.9199385213795862,0.7401635508344977,0.47958852661770357,0.2993189134598288,0.1549459153764047,0.04246969112901154,0.005635050827443645,0.0,,,,,,,,0.8777013372609046,0.006313433055802911,-77.49,9884.0,8.18e-05,1.304,41380.0,2.8808224859373423e-05,4.9700253452493546e-05,8.57434015910353e-05,0.00014792542101277112,0.0002552024969358508,0.0004402780400852811,0.0007595723196629318,0.0013104221793264384,0.00226075416865201,0.0039002769425838957,0.006728798929041425,0.011608594900820971,0.02002727039289972,0.03455125816837248,0.05960819510584726,0.10283668705961121,0.17741493743632944,0.3060781217824627,0.5280492048055488,0.9109960590190395,2.880822485937343,9.109960590190395,28.808224859373432,91.09960590190396,288.08224859373433,910.9960590190396,2880.8224859373436,9109.960590190398,28808.22485937344,91099.60590190398,233.8,234.3,235.4,237.5,241.60000000000002,249.10000000000002,261.6,279.4,300.0,318.7,332.3,340.8,345.6,348.0,349.2,349.6,349.8,349.90000000000003,349.90000000000003,349.90000000000003,349.90000000000003,349.90000000000003,349.90000000000003,349.90000000000003,349.90000000000003,349.90000000000003,349.90000000000003,349.90000000000003,349.90000000000003,349.90000000000003,235.0,236.0,237.70000000000002,240.20000000000002,244.0,249.70000000000002,257.6,268.0,280.6,294.3,307.6,319.40000000000003,328.90000000000003,335.90000000000003,340.8,344.1,346.2,347.6,348.5,349.0,349.6,349.8,349.90000000000003,349.90000000000003,349.90000000000003,349.90000000000003,349.90000000000003,349.90000000000003,349.90000000000003,349.90000000000003,9.584692657218234,4.8566666666666665
