,drug_conc_ikr,drug_conc_ikr,drug_conc_ikr,drug_conc_ikr,drug_conc_ikr,drug_conc_ikr,drug_conc_ikr,drug_conc_ikr,drug_conc_ikr,drug_conc_ikr,drug_conc_ikr,drug_conc_ikr,drug_conc_ikr,drug_conc_ikr,drug_conc_ikr,drug_conc_ikr,drug_conc_ikr,drug_conc_ikr,drug_conc_ikr,Hill_curve,Hill_curve,param_values,param_values,param_values,param_values,param_values,drug_conc_AP,drug_conc_AP,drug_conc_AP,drug_conc_AP,drug_conc_AP,drug_conc_AP,drug_conc_AP,drug_conc_AP,drug_conc_AP,drug_conc_AP,drug_conc_AP,drug_conc_AP,drug_conc_AP,drug_conc_AP,drug_conc_AP,drug_conc_AP,drug_conc_AP,drug_conc_AP,drug_conc_AP,drug_conc_AP,drug_conc_AP,drug_conc_AP,drug_conc_AP,drug_conc_AP,drug_conc_AP,drug_conc_AP,drug_conc_AP,drug_conc_AP,drug_conc_AP,drug_conc_AP,APD_trapping,APD_trapping,APD_trapping,APD_trapping,APD_trapping,APD_trapping,APD_trapping,APD_trapping,APD_trapping,APD_trapping,APD_trapping,APD_trapping,APD_trapping,APD_trapping,APD_trapping,APD_trapping,APD_trapping,APD_trapping,APD_trapping,APD_trapping,APD_trapping,APD_trapping,APD_trapping,APD_trapping,APD_trapping,APD_trapping,APD_trapping,APD_trapping,APD_trapping,APD_trapping,APD_conductance,APD_conductance,APD_conductance,APD_conductance,APD_conductance,APD_conductance,APD_conductance,APD_conductance,APD_conductance,APD_conductance,APD_conductance,APD_conductance,APD_conductance,APD_conductance,APD_conductance,APD_conductance,APD_conductance,APD_conductance,APD_conductance,APD_conductance,APD_conductance,APD_conductance,APD_conductance,APD_conductance,APD_conductance,APD_conductance,APD_conductance,APD_conductance,APD_conductance,APD_conductance,RMSE,ME,peak_current,peak_current,peak_current,peak_current,peak_current,peak_current,peak_current,peak_current,peak_current,peak_current,peak_current,peak_current,peak_current,peak_current,peak_current,peak_current,peak_current,peak_current,peak_current
,conc_0,conc_1,conc_2,conc_3,conc_4,conc_5,conc_6,conc_7,conc_8,conc_9,conc_10,conc_11,conc_12,conc_13,conc_14,conc_15,conc_16,conc_17,conc_18,Hill_coef,IC50,Kmax,Ku,halfmax,n,Vhalf,conc_0,conc_1,conc_2,conc_3,conc_4,conc_5,conc_6,conc_7,conc_8,conc_9,conc_10,conc_11,conc_12,conc_13,conc_14,conc_15,conc_16,conc_17,conc_18,conc_19,conc_20,conc_21,conc_22,conc_23,conc_24,conc_25,conc_26,conc_27,conc_28,conc_29,conc_0,conc_1,conc_2,conc_3,conc_4,conc_5,conc_6,conc_7,conc_8,conc_9,conc_10,conc_11,conc_12,conc_13,conc_14,conc_15,conc_16,conc_17,conc_18,conc_19,conc_20,conc_21,conc_22,conc_23,conc_24,conc_25,conc_26,conc_27,conc_28,conc_29,conc_0,conc_1,conc_2,conc_3,conc_4,conc_5,conc_6,conc_7,conc_8,conc_9,conc_10,conc_11,conc_12,conc_13,conc_14,conc_15,conc_16,conc_17,conc_18,conc_19,conc_20,conc_21,conc_22,conc_23,conc_24,conc_25,conc_26,conc_27,conc_28,conc_29,RMSE,ME,conc_0,conc_1,conc_2,conc_3,conc_4,conc_5,conc_6,conc_7,conc_8,conc_9,conc_10,conc_11,conc_12,conc_13,conc_14,conc_15,conc_16,conc_17,conc_18
bepridil,0.0,4.506570337745487e-16,1.4251026703030022e-15,4.506570337745487e-15,1.4251026703030022e-14,4.5065703377454887e-14,1.425102670303002e-13,4.5065703377454884e-13,1.4251026703030025e-12,4.506570337745488e-12,1.4251026703030026e-11,4.506570337745489e-11,1.4251026703030028e-10,4.506570337745489e-10,1.425102670303003e-09,4.506570337745489e-09,1.4251026703030032e-08,4.50657033774549e-08,1.4251026703030034e-07,0.4608785086645455,1.3439697548154823e-05,37350000.0,0.0001765,1000000000.0,0.65,-54.93,4.506570337745487e-16,1.2624511285461596e-15,3.536576004635928e-15,9.907211102080544e-15,2.7753632805437723e-14,7.774782690734372e-14,2.1779940057540686e-13,6.101338233869768e-13,1.709202511381225e-12,4.788086011515863e-12,1.3413137121561747e-11,3.75749823643744e-11,1.0526093089836851e-10,2.9487342046223165e-10,8.260456501097101e-10,2.314048566993752e-09,6.482475598890478e-09,1.815972684825857e-08,5.0871873587893696e-08,1.425102670303002e-07,4.506570337745487e-07,1.4251026703030022e-06,4.506570337745488e-06,1.4251026703030024e-05,4.506570337745488e-05,0.0001425102670303,0.0004506570337745,0.001425102670303,0.0045065703377454,0.01425102670303,289.46245724005,289.5576556558084,289.7414464802517,290.0986258094412,290.78137037806283,292.0666600077577,294.3972350838918,298.383934362267,304.5437187845089,312.7297976965313,321.6934642608178,329.6440149183614,335.4855315410937,339.2161497686958,341.3944528545993,342.5857236575284,343.1725314802658,343.43937449672364,343.56131490378715,343.6199241810152,343.6494195432203,343.662467481093,343.66883276041773,343.67186434407665,343.67317205954026,343.6738872453301,343.67517978705047,343.6742715991284,343.6744200253258,343.67478424013905,289.6221788004511,289.7788694180297,290.0290122612302,290.4259559548307,291.05224937495166,292.0273534840895,293.5208789474444,295.74675559546927,298.9340604877471,303.2479900424865,308.6623538981288,314.85460511590804,321.22484756157456,327.10406972699485,332.00945762605323,335.7707096668719,338.46810185802536,340.3131722134829,341.5326454761269,342.3217261791671,342.8695965747875,343.19813123196377,343.393252230209,343.50906675386665,343.5768134780032,343.6169086825318,343.6410408565567,343.6545934865308,343.6627181996482,343.6692155277404,5.8912633906462375,3.361178397862625,1.0,0.9983323168758184,0.9965153089688664,0.992738323322364,0.9849580536014652,0.969216007725793,0.9384928202570918,0.8825663442731734,0.7925955830478728,0.6728069542115509,0.545676147469844,0.4325375356252245,0.3349735594669936,0.24390126886021,0.1566859366357468,0.0828161730311034,0.0338420269922593,0.0095029667791236,0.0
bepridil,0.0,2.239752027908652e-15,7.082717802172354e-15,2.239752027908652e-14,7.082717802172354e-14,2.2397520279086526e-13,7.082717802172354e-13,2.239752027908652e-12,7.082717802172355e-12,2.239752027908652e-11,7.082717802172355e-11,2.2397520279086518e-10,7.082717802172356e-10,2.239752027908652e-09,7.0827178021723565e-09,2.2397520279086532e-08,7.082717802172356e-08,2.239752027908653e-07,,0.4867645207902701,1.291411220909873e-05,37350000.0,0.0001765,1000000000.0,0.6844210526315789,-54.93,2.239752027908652e-15,5.905444197318483e-15,1.5570594750261803e-14,4.105422264204394e-14,1.0824565302582128e-13,2.8540599833418593e-13,7.525159820108654e-13,1.984121940277913e-12,5.231436897024375e-12,1.3793472796190458e-11,3.636857244468843e-11,9.589122922182779e-11,2.5283169570809074e-10,6.666289177162573e-10,1.757667735016214e-09,4.6343562131998675e-09,1.2219179474570035e-08,3.22177105433726e-08,8.4946855459218e-08,2.2397520279086522e-07,7.082717802172354e-07,2.239752027908652e-06,7.082717802172355e-06,2.2397520279086523e-05,7.082717802172356e-05,0.0002239752027908,0.0007082717802172,0.0022397520279086,0.0070827178021723,0.0223975202790865,289.4513488266694,289.53497174685845,289.6954205767089,290.005360816925,290.5970492783708,291.7077750576329,293.7344218881572,297.24060116057376,302.7932050189661,310.47193476084834,319.32473655680866,327.6329820670166,334.051704981547,338.3069409650391,340.8613709169862,342.29263927824667,343.03038951106294,343.37384589989705,343.53034262447653,343.6031173710262,343.64326116200687,343.6600418940345,343.6689045736837,343.6712895308746,343.6730550342916,343.6740285267654,343.67438096925287,343.6744164727068,343.6738206582539,343.6744927390104,289.5994641386855,289.74130968723523,289.96744913430393,290.32422333413285,290.88751700311667,291.7658221335571,293.11344091199817,295.1320319086662,298.0489369437363,302.0509578184113,307.17086152643054,313.17230410208555,319.524656893999,325.5625525622981,330.7397567483436,334.8026659291156,337.77382719006386,339.83515182144816,341.2129890041964,342.1120816910313,342.77045868585765,343.1543664732629,343.3768055159093,343.50364815498364,343.5782106602665,343.6186794224389,343.6422063615615,343.6564650963344,343.6635387843905,343.6685139732735,5.877361529057209,3.358565241785478,1.0,0.998513842676542,0.9967702610653668,0.9930005065329116,0.9849284467884564,0.967979545440929,0.9338270284297776,0.870407407768857,0.7687203648810695,0.6380057812364386,0.5067436096002835,0.3938088858632976,0.2946370883599309,0.1999225031869443,0.1132541124470466,0.0490544681378015,0.0141212316749015,0.0,
bepridil,0.0,3.0190150667187315e-14,9.546963901196394e-14,3.0190150667187324e-13,9.546963901196397e-13,3.019015066718732e-12,9.546963901196396e-12,3.0190150667187316e-11,9.546963901196395e-11,3.0190150667187315e-10,9.546963901196395e-10,3.019015066718732e-09,9.546963901196395e-09,3.019015066718732e-08,9.546963901196396e-08,3.019015066718733e-07,9.546963901196398e-07,,,0.5083817332823429,1.3896613170987104e-05,37350000.0,0.0001765,1000000000.0,0.718842105263158,-54.93,3.0190150667187315e-14,7.492075108049363e-14,1.859255028020108e-13,4.613981052464499e-13,1.1450188829217014e-12,2.841511977052811e-12,7.0515783068414856e-12,1.7499400677906585e-11,4.3427018854603217e-11,1.0776974602216363e-10,2.6744451873538057e-10,6.636980529478964e-10,1.647052284225982e-09,4.087372585959664e-09,1.0143342027727844e-08,2.5172010950235784e-08,6.246759042007037e-08,1.550213791263711e-07,3.84705538098056e-07,9.546963901196394e-07,3.019015066718732e-06,9.546963901196395e-06,3.019015066718732e-05,9.546963901196397e-05,0.0003019015066718,0.0009546963901196,0.0030190150667187,0.0095469639011963,0.0301901506671873,0.095469639011964,289.5429271597541,289.7077954033733,290.0214081778633,290.6144429345465,291.71791023555244,293.71175336781,297.13383314365944,302.5322399746628,310.00697235741444,318.7014063608708,326.9849029771796,333.5049547517661,337.911934850518,340.599977939292,342.1344796264969,342.94452343798747,343.3310610277261,343.5079464004261,343.5921458871825,343.6328009387767,343.65620929715726,343.66655605384625,343.6719865601182,343.67361558216913,343.6740916548264,343.6759466021368,343.67416599342016,343.6749237827017,343.67565603804377,343.6745378697504,289.75933104470744,289.9896858700218,290.3511111785367,290.91515901459184,291.78564986938574,293.1095500928851,295.07482254564434,297.8968323499834,301.75333459132503,306.6885574029683,312.50218098626294,318.7156990300854,324.70761836544415,329.93753116142454,334.11696232153395,337.2286571972578,339.4261219182497,340.91589547824094,341.90374127349907,342.5451611296334,343.0402224503975,343.3188118407497,343.4754013338133,343.56361022219755,343.6123617113862,343.6400244148661,343.65525437136466,343.66453367967824,343.6682387245265,343.6712391275769,5.99686790330762,3.4639935229596803,1.0,0.9970233852080526,0.9932914853930688,0.9849828806960416,0.9668821710348688,0.9292453704316096,0.8580921823315151,0.7449278610721501,0.6053207294086657,0.4725064038385638,0.3602790164889612,0.2588677023013496,0.1619626462861567,0.0806800716222359,0.0299404788164777,0.0075472823669448,0.0,,
bepridil,0.0,1.1271568347131421e-13,3.564382877919472e-13,1.127156834713142e-12,3.564382877919472e-12,1.127156834713142e-11,3.564382877919472e-11,1.127156834713142e-10,3.5643828779194723e-10,1.1271568347131424e-09,3.564382877919473e-09,1.1271568347131426e-08,3.5643828779194736e-08,1.127156834713143e-07,3.564382877919474e-07,1.127156834713143e-06,3.5643828779194748e-06,,,0.5313851620758274,1.4363256763002329e-05,37350000.0,0.0001765,1000000000.0,0.7532631578947369,-54.93,1.1271568347131417e-13,2.797185001597343e-13,6.94157520248932e-13,1.7226413792544413e-12,4.2749566704333486e-12,1.0608856117221627e-11,2.63272441787115e-11,6.533445061247799e-11,1.6213586229757975e-10,4.023610453067633e-10,9.985108074561191e-10,2.477933299548261e-09,6.149310945019437e-09,1.5260307896677337e-08,3.787042144778967e-08,9.3980333184855e-08,2.3322431300937758e-07,5.787762006728198e-07,1.436307759439282e-06,3.5643828779194773e-06,1.127156834713144e-05,3.564382877919477e-05,0.0001127156834713,0.0003564382877919,0.0011271568347131,0.0035643828779194,0.0112715683471314,0.0356438287791947,0.1127156834713144,0.3564382877919479,289.5290911959052,289.6911473214223,290.0106192440125,290.63294890948725,291.82301794213083,294.0290743425488,297.8822826767517,303.96889685396,312.22431077910386,321.389821636586,329.55971095228426,335.5336564633235,339.3086198307146,341.4814197197666,342.6473837117296,343.20975835360895,343.45924743416305,343.57293342587235,343.6242820150312,343.649127821438,343.66430489582774,343.6699334616994,343.6726253988142,343.6740834837836,343.6745822096752,343.67447508907554,343.6731355794386,343.67474232128086,343.67423145429177,343.6744458701798,289.7406890995835,289.97262007788737,290.3441272526714,290.9353321566073,291.86680645030816,293.3060079240836,295.4762447878658,298.6177187498814,302.9152963072657,308.36263427233723,314.63809514352454,321.1212379965079,327.1088339039184,332.0888632654087,335.8834838342457,338.5849249373184,340.4160647771013,341.6162632538539,342.38539759643123,342.87199195808546,343.23646698854134,343.4356056346826,343.5449187975245,343.6046552918846,343.63620519917447,343.65310815471645,343.6635974770392,343.6687329790697,343.67063497679686,343.672762408843,5.892642548455843,3.330486291358252,1.0,0.9972514687153744,0.993557702615348,0.9850084232270868,0.9656832534174102,0.9242418048742088,0.8446580544355683,0.7197294337560253,0.5725616207660122,0.4393104339123992,0.3268601552664325,0.2222994701832729,0.1254179582093379,0.0538328040092226,0.0171178474354291,0.0038742817013895,0.0,,
bepridil,0.0,3.7506047238076964e-13,1.1860453530219068e-12,3.7506047238076936e-12,1.1860453530219068e-11,3.750604723807695e-11,1.1860453530219068e-10,3.7506047238076955e-10,1.1860453530219071e-09,3.750604723807696e-09,1.1860453530219072e-08,3.7506047238076964e-08,1.1860453530219073e-07,3.750604723807697e-07,1.1860453530219077e-06,3.750604723807697e-06,,,,0.5567137252381589,1.4017339249490812e-05,37350000.0,0.0001765,1000000000.0,0.7876842105263158,-54.93,3.75060472380769e-13,8.76036797546845e-13,2.0461779557431216e-12,4.779301780808145e-12,1.1163117776694278e-11,2.607393385300641e-11,6.090144708410278e-11,1.4224881745299482e-10,3.3225361687764156e-10,7.76051906123951e-10,1.8126410982620243e-09,4.233824728965706e-09,9.889035315809865e-09,2.309803209572756e-08,5.395056945972365e-08,1.260135033567144e-07,2.9433244518553774e-07,6.874786112696519e-07,1.6057585518827875e-06,3.750604723807698e-06,1.1860453530219078e-05,3.7506047238076985e-05,0.0001186045353021,0.0003750604723807,0.0011860453530219,0.0037506047238076,0.011860453530219,0.0375060472380769,0.1186045353021908,0.37506047238077,289.51625880481834,289.66163327819174,289.9426949454566,290.4830445138463,291.5042897961115,293.3861124104619,296.6841919376282,301.99715852819884,309.50357629692496,318.3665832904069,326.8673488306282,333.54473458667286,338.01525170817325,340.70518785229285,342.21588571494,342.99723965517603,343.35998372677915,343.52430434681975,343.6005784604453,343.6382905704948,343.6597303260106,343.6689449069227,343.6725866303018,343.6742045482132,343.6746212396825,343.6738206286593,343.674762192679,343.6741379727406,343.6745186765096,343.67423418781823,289.71805246156947,289.9303211988281,290.2671370632707,290.7985578356124,291.6291854462953,292.90609787515746,294.8282024033013,297.6187262362687,301.47813982829723,306.467931751429,312.3880736793334,318.7370374819762,324.85259542631985,330.1609910695684,334.3667510006019,337.4650477044927,339.6261572719074,341.0765842734618,342.0237864666952,342.6334385059968,343.1205334495972,343.38109770211804,343.5190850424328,343.59338581851847,343.63142127183283,343.6526004617444,343.66229232506646,343.66863309495966,343.67092010131176,343.67252827052414,5.940164452900548,3.389686601517203,1.0,0.9974548246683874,0.993795313149434,0.9849908864437468,0.9643414126879384,0.9186998378812686,0.8298753568950692,0.6929402906958987,0.5394896096657161,0.4062142491662179,0.2922025858890982,0.1843200377348522,0.0907819717701402,0.0319472093678131,0.0074142985118191,0.0,,,
bepridil,0.0,1.1284876198313918e-12,3.5685911899693976e-12,1.128487619831392e-11,3.568591189969398e-11,1.1284876198313919e-10,3.5685911899693965e-10,1.1284876198313919e-09,3.568591189969397e-09,1.128487619831392e-08,3.5685911899693986e-08,1.128487619831392e-07,3.568591189969399e-07,1.1284876198313922e-06,3.568591189969399e-06,1.1284876198313924e-05,,,,0.5798685145886899,1.4392951305758962e-05,37350000.0,0.0001765,1000000000.0,0.8221052631578948,-54.93,1.128487619831394e-12,2.635832761242599e-12,6.1565711693654324e-12,1.4380035456268114e-11,3.358775754148259e-11,7.845164638823451e-11,1.8324119475446584e-10,4.2800039260973167e-10,9.996897057975511e-10,2.3349967082597277e-09,5.453901941737008e-09,1.2738795855627432e-08,2.9754278970345253e-08,6.949770818833214e-08,1.6232728906804796e-07,3.7915133409543777e-07,8.855919110808753e-07,2.06849603956415e-06,4.831430608337875e-06,1.1284876198313918e-05,3.5685911899693975e-05,0.0001128487619831,0.0003568591189969,0.0011284876198313,0.0035685911899693,0.0112848761983139,0.0356859118996939,0.1128487619831392,0.35685911899694,1.128487619831393,289.50487838904706,289.6470764090682,289.9311130796648,290.4915831352217,291.5828389584593,293.6415292611345,297.31150703644795,303.245079672566,311.4843337493193,320.81475948759595,329.2324501226137,335.40575061166936,339.2849624838661,341.49911030705465,342.67145286795994,343.22682901357103,343.47037882211737,343.57904141981004,343.6287294086537,343.65379215460604,343.6665678841335,343.6709905718572,343.6744602825941,343.6743789366517,343.67527269266486,343.67472252540455,343.67542429517164,343.6743647993407,343.674638841464,343.67585457954874,289.70075967743315,289.91453696776176,290.2580381191778,290.81083849913176,291.69162320941905,293.0690076197193,295.1687800856016,298.247505579114,302.51182763579203,307.97956387212315,314.3379544830673,320.94572938876746,327.05646349193074,332.128841504634,335.9726506719193,338.68627749126586,340.5101409757389,341.69440188626635,342.4464205213334,342.9166180702863,343.2826561539691,343.4726664762742,343.57127405869204,343.6215496558208,343.6467561166297,343.6603744703458,343.66725878139954,343.67059759603296,343.67253115421227,343.6736074001367,5.841511740572723,3.268554006176047,1.0,0.9976486035607444,0.9940395392537236,0.9850110256000152,0.963043419859497,0.9130276951483768,0.8146302449521732,0.6664017924466407,0.5087410360664982,0.37599749941387,0.2597039189674996,0.1499886197300672,0.0641089430936897,0.0192830355314877,0.0040110067995361,0.0,,,
bepridil,0.0,3.1077203519116287e-12,9.827474642900756e-12,3.107720351911629e-11,9.827474642900756e-11,3.1077203519116286e-10,9.827474642900759e-10,3.107720351911629e-09,9.82747464290076e-09,3.1077203519116294e-08,9.82747464290076e-08,3.10772035191163e-07,9.82747464290076e-07,3.10772035191163e-06,9.827474642900762e-06,,,,,0.6055944258494759,1.3953462006837284e-05,37350000.0,0.0001765,1000000000.0,0.8565263157894737,-54.93,3.107720351911632e-12,6.8319895763622716e-12,1.5019395661778572e-11,3.3018529013208236e-11,7.258769145888306e-11,1.5957624730109278e-10,3.5081124899975235e-10,7.712208709392551e-10,1.6954462933220272e-09,3.727256667779969e-09,8.193973658870421e-09,1.8013571456632e-08,3.960090307001535e-08,8.70583341974298e-08,1.9138840192182613e-07,4.207468558624438e-07,9.249667949599176e-07,2.0334402024815952e-06,4.470299993036583e-06,9.827474642900768e-06,3.107720351911632e-05,9.827474642900768e-05,0.0003107720351911,0.00098274746429,0.0031077203519116,0.0098274746429007,0.0310772035191163,0.0982747464290077,0.3107720351911633,0.9827474642900774,289.4936218952203,289.6198485521617,289.8646520188475,290.3399205238421,291.2479961375205,292.9417172138383,295.9618989290726,300.939639774438,308.1795462251162,317.01699024487664,325.764668970278,332.8030538343306,337.5825969589231,340.4751257120989,342.1029053755496,342.94708748185457,343.33958393022743,343.516920675313,343.5990984423795,343.63707786210466,343.6618905629993,343.66983106608586,343.6729790927643,343.6734226887517,343.67584092938546,343.6741252700041,343.6741326632964,343.67487106997794,343.67484926237256,343.6748357989224,289.68034081569743,289.87277415955776,290.1794252967986,290.6665738726065,291.4331038132701,292.62168662421743,294.4254425787851,297.07517619706,300.7865031500632,305.6556528016871,311.52359692282795,317.91567597268863,324.1580170959712,329.63364862309817,334.00233447386046,337.23090034976127,339.4861413417495,340.99525977206537,341.97893284908486,342.60962258770206,343.13922117594683,343.40525203611026,343.54079834296164,343.6072271453697,343.64144977763334,343.6580297886703,343.6663436734088,343.6700390214854,343.6726879460608,343.67380764187016,5.908246461298885,3.349835443816111,1.0,0.9978220984042768,0.9942584593308696,0.9849887624434394,0.9615918438909984,0.90675950962949,0.7979956862176317,0.6386690295979304,0.47789841557795,0.3450363670152205,0.2254355949070533,0.1159151035934403,0.041033092824421,0.0090680902399939,0.0,,,,
bepridil,0.0,7.913948043307462e-12,2.5026101101084438e-11,7.913948043307459e-11,2.502610110108444e-10,7.913948043307462e-10,2.502610110108444e-09,7.913948043307462e-09,2.5026101101084453e-08,7.913948043307463e-08,2.502610110108445e-07,7.913948043307464e-07,2.502610110108445e-06,7.913948043307465e-06,2.502610110108445e-05,,,,,0.628646824891032,1.4330322663440644e-05,37350000.0,0.0001765,1000000000.0,0.8909473684210527,-54.93,7.913948043307457e-12,1.7397965201885246e-11,3.824755880498636e-11,8.408315211381029e-11,1.8484778350016983e-10,4.0636800840526215e-10,8.93356442410939e-10,1.963948235809971e-09,4.317529364350694e-09,9.491624815835658e-09,2.0866318220891987e-08,4.5872360585630187e-08,1.0084546029740981e-07,2.216979185889596e-07,4.873790744940389e-07,1.0714505745770013e-06,2.355469066769356e-06,5.178245881008268e-06,1.1383817678810004e-05,2.502610110108448e-05,7.913948043307474e-05,0.0002502610110108,0.0007913948043307,0.0025026101101084,0.0079139480433074,0.0250261011010844,0.0791394804330747,0.2502610110108449,0.7913948043307477,2.502610110108449,289.4838145305061,289.60669851232046,289.85247728909746,290.3415779921004,291.3021299624132,293.1343245298515,296.4594930382511,301.97311454906736,309.8967079353087,319.2350317992432,327.9869726072543,334.5969306347904,338.8228317357195,341.2548626760702,342.5549718071205,343.1769915384961,343.4497938257145,343.569266477274,343.62507314281544,343.65009876425444,343.6657452148995,343.67171704954364,343.67344072025844,343.6741374421543,343.6744649967407,343.6749586682353,343.67548342917456,343.6753261141267,343.6744400584253,343.6744966353952,289.6646184965905,289.85654264817646,290.16876735330754,290.6727632321803,291.4786216617959,292.7491211424908,294.7020711607764,297.59920203008096,301.66798629611213,306.97501327110285,313.26342638900906,319.9264897821885,326.1988375676722,331.47905705752777,335.51872640984266,338.3901509217975,340.3250319159517,341.5821091320178,342.37933070275056,342.87798683047095,343.2857314819003,343.48589854908886,343.5813673482749,343.6301954015955,343.65308085904854,343.66425236745835,343.669204462284,343.67227326814,343.6729760955317,343.6734337440666,5.819890322690742,3.241436869913044,1.0,0.9979884224307604,0.994484398630516,0.9850090112004616,0.9601988781530256,0.9003920382843466,0.7811141690195236,0.6119746615872635,0.4498324269180559,0.3165930158305613,0.193898946128887,0.0880750131314169,0.0266084081515774,0.0052089792370998,0.0,,,,
bepridil,0.0,1.8799400967034302e-11,5.944892570260039e-11,1.87994009670343e-10,5.94489257026004e-10,1.87994009670343e-09,5.9448925702600406e-09,1.8799400967034305e-08,5.9448925702600414e-08,1.879940096703431e-07,5.944892570260042e-07,1.879940096703431e-06,5.944892570260043e-06,1.8799400967034312e-05,5.9448925702600434e-05,,,,,0.6522341351692091,1.4532193946547811e-05,37350000.0,0.0001765,1000000000.0,0.9253684210526316,-54.93,1.8799400967034276e-11,4.132846488894284e-11,9.085619340061496e-11,1.9973758767552277e-10,4.3910164444735536e-10,9.653178272564104e-10,2.122147615256206e-09,4.66531371717989e-09,1.0256191380484673e-08,2.2547135736182275e-08,4.9567457455323335e-08,1.0896873409257709e-07,2.395560639849514e-07,5.266382900549014e-07,1.1577577454661014e-06,2.5452061167960542e-06,5.595362417003779e-06,1.230080360526144e-05,2.704199622090549e-05,5.9448925702600434e-05,0.0001879940096703,0.000594489257026,0.0018799400967034,0.00594489257026,0.0187994009670343,0.0594489257026004,0.1879940096703432,0.5944892570260046,1.8799400967034323,5.944892570260048,289.4746237538011,289.59401599379646,289.84067948200175,290.3439084611807,291.35710861295684,293.33600497878524,296.98848565882145,303.0696349879291,311.6726538865531,321.4208302523242,330.0400039896174,336.1525844646751,339.84303892140423,341.86591494113753,342.8820562849308,343.33282052329287,343.5219350992827,343.6046273740566,343.64163718809147,343.65891186212264,343.6696257953543,343.6726758816643,343.6736603194542,343.6746623915179,343.6747624173012,343.6743768524201,343.6742481968714,343.6748165922746,343.6750775288861,343.6744276294176,289.64966094699093,289.8404407547585,290.1563034039236,290.6764495975411,291.52336105275447,292.87883508520633,294.99214708735803,298.1539023042642,302.60300029302147,308.3605618151725,315.0501454686659,321.92437220463967,328.14817004520376,333.16754000349835,336.85465427137075,339.3730306974339,341.01645866636903,342.0521414821039,342.6912652798207,343.0824586921421,343.3937709585642,343.5412547529576,343.61178502720475,343.64481886333874,343.66044448779087,343.6682978932706,343.6716991932962,343.6734737471912,343.6737255570065,343.6742484837244,5.724560474866826,3.1323797401779587,1.0,0.998141279198072,0.994698323068466,0.9850194525027148,0.9587321765452314,0.89360366102729,0.7633771098767274,0.5853675447133384,0.4227019910483741,0.288184806534441,0.1629656755879097,0.0642978705459931,0.0166136373914615,0.0029518006714762,0.0,,,,
bepridil,0.0,4.197045022428771e-11,1.3272221713147396e-10,4.19704502242877e-10,1.3272221713147395e-09,4.19704502242877e-09,1.3272221713147396e-08,4.1970450224287716e-08,1.3272221713147397e-07,4.197045022428771e-07,1.32722217131474e-06,4.197045022428772e-06,1.3272221713147402e-05,4.197045022428773e-05,,,,,,0.6779478459542171,1.4134894205543305e-05,37350000.0,0.0001765,1000000000.0,0.9597894736842104,-54.93,4.197045022428776e-11,8.684265684060657e-11,1.796894483340829e-10,3.718022803225594e-10,7.69310256860724e-10,1.5918091486627247e-09,3.293672927364958e-09,6.815064080747635e-09,1.410130861471252e-08,2.9177554648253725e-08,6.037238943650964e-08,1.2491881003097412e-07,2.584742668826328e-07,5.34818948595083e-07,1.1066142530398595e-06,2.289737692069172e-06,4.737783454424215e-06,9.80312816562472e-06,2.028402580154309e-05,4.197045022428776e-05,0.0001327222171314,0.0004197045022428,0.0013272221713147,0.0041970450224287,0.0132722217131474,0.0419704502242877,0.1327222171314741,0.4197045022428777,1.3272221713147418,4.197045022428778,289.4658018012103,289.57008828645814,289.7779404033871,290.19073655092814,291.0027526354096,292.55608800033446,295.4129614634813,300.269802592002,307.54572777797,316.6236021237123,325.6934537796654,332.9526955832647,337.8031529068688,340.67359628669607,342.24742305415595,343.03424646892216,343.3869946051821,343.5416854555248,343.61079030484683,343.6444120938244,343.6644837284869,343.67108560401664,343.6738761546096,343.67345240540936,343.67447713070663,343.675593042164,343.6743335474398,343.6743051615218,343.67424957269014,343.6749023621248,289.6322406994027,289.8020934167824,290.07879024404724,290.52514464075307,291.23985614086934,292.3685133420115,294.11364648420755,296.7268797752081,300.4479826446741,305.4058876446253,311.4430076074188,318.0478356124092,324.4764791479217,330.0606541930041,334.44998190673937,337.6362834732743,339.81690711726134,341.2501858856463,342.16669777379894,342.7435717364013,343.24423045072103,343.4764777061161,343.5832957739282,343.6331329079475,343.655522085256,343.66575815703,343.67100364180806,343.6727908782069,343.6739045457548,343.6737297787992,5.823378248470319,3.2450741823663254,1.0,0.998278610009701,0.9948942232353692,0.9849996558518156,0.9571305583484078,0.8862171337877979,0.744480938583527,0.5584062094572988,0.3954750135953589,0.2585895291157126,0.1320694406921082,0.0435823029206142,0.0084448397609275,0.0,,,,,
bepridil,0.0,8.863215689794992e-11,2.802794897309257e-10,8.863215689794991e-10,2.802794897309257e-09,8.863215689794992e-09,2.8027948973092577e-08,8.863215689794994e-08,2.802794897309258e-07,8.863215689794995e-07,2.8027948973092586e-06,8.863215689794995e-06,2.8027948973092583e-05,8.863215689794996e-05,,,,,,0.7012477227952384,1.440309171993408e-05,37350000.0,0.0001765,1000000000.0,0.9942105263157895,-54.93,8.863215689794991e-11,1.8339217104888908e-10,3.7946372489557367e-10,7.85162843583098e-10,1.6246103395341634e-09,3.361543120502967e-09,6.955496881942132e-09,1.439188347150162e-08,2.977879414985053e-08,6.161643698513405e-08,1.274929161885507e-07,2.63800447958106e-07,5.458395526852574e-07,1.1294174046397288e-06,2.336920561413895e-06,4.8354113261616445e-06,1.0005133712814828e-05,2.0702003171830568e-05,4.28353031181938e-05,8.863215689794991e-05,0.0002802794897309,0.0008863215689794,0.0028027948973092,0.0088632156897949,0.0280279489730925,0.0886321568979499,0.2802794897309258,0.8863215689794997,2.80279489730926,8.863215689794998,289.45814251757923,289.55912585084457,289.76618392770115,290.1877494010564,291.03492208207416,292.6974547105892,295.8032880163552,301.1261539223096,309.0284784087932,318.59323320874574,327.68687629428234,334.5528396152934,338.8926830414206,341.3448392390749,342.6255248380616,343.2196696684483,343.47344229155954,343.58240068250194,343.63138013842695,343.6542329543803,343.66791002543954,343.67246927252023,343.6733736910684,343.6743729662844,343.6753362613132,343.67475275374034,343.6742905496425,343.6745628472654,343.6744871923393,343.675255608418,289.6183106368843,289.78811596188626,290.06662589389674,290.5246849452592,291.2703677543567,292.46527128908866,294.3362913264524,297.16303763062325,301.2080271987565,306.56880823892624,313.00048270789534,319.85864972744685,326.3115679718947,331.7059189583355,335.7851342741689,338.6410342729709,340.53339551586123,341.7428619408109,342.4976190410745,342.9618304553039,343.3539996681941,343.5312936829864,343.6105701477383,343.645652677494,343.6618098666847,343.66978334660774,343.67262371611673,343.67315799176066,343.6742379057223,343.67394035669787,5.740120131387807,3.148010895854461,1.0,0.9984094044831046,0.9950932603944354,0.9850137269255498,0.9555691970968462,0.8786911162654122,0.7255622042433697,0.533073000680242,0.3704531911329266,0.2308663987814078,0.1055676883703519,0.0297463623680587,0.0051028287333511,0.0,,,,,
bepridil,0.0,1.7803757325252568e-10,5.630042405670533e-10,1.7803757325252567e-09,5.630042405670533e-09,1.7803757325252566e-08,5.630042405670533e-08,1.780375732525257e-07,5.630042405670534e-07,1.780375732525257e-06,5.630042405670534e-06,1.780375732525257e-05,5.630042405670535e-05,0.0001780375732525,,,,,,0.7249423664524863,1.4554642640145756e-05,37350000.0,0.0001765,1000000000.0,1.0286315789473686,-54.93,1.7803757325252594e-10,3.683843226860654e-10,7.62238030555417e-10,1.577175735896152e-09,3.2633943757529713e-09,6.752413576566302e-09,1.3971676070709826e-08,2.8909327014905963e-08,5.981738942594249e-08,1.2377043837409078e-07,2.5609812735610256e-07,5.299023878146961e-07,1.0964412099010456e-06,2.268688261109828e-06,4.69422927524044e-06,9.713008554883876e-06,2.0097555883103963e-05,4.158461821506299e-05,8.604431713740659e-05,0.0001780375732525,0.000563004240567,0.0017803757325252,0.0056300424056705,0.0178037573252525,0.0563004240567053,0.1780375732525258,0.5630042405670538,1.7803757325252585,5.6300424056705385,17.803757325252587,289.4513220106127,289.54900348109527,289.754895225071,290.1840315324461,291.06925191443673,292.8425809756963,296.21499407191044,302.0296499783138,310.5615457317498,320.54222363528595,329.5475055623352,335.9610682577999,339.8060526621923,341.88535898471986,342.90827687645015,343.35002435422206,343.5327141573543,343.61179612084374,343.6454249276373,343.6618982106565,343.669839044986,343.67355747797313,343.6741505592336,343.67418807396047,343.6746231753056,343.6747050706361,343.67505794582627,343.6749345484202,343.6750014348965,343.67472505976065,289.6051686117691,289.7734067314734,290.053747941761,290.5226558853747,291.29874179776107,292.56190420431585,294.56726981054413,297.6232802948659,302.00711370381083,307.7818052621415,314.59290672782765,321.6555868610316,328.06622913489684,333.21935493593264,336.96715333496724,339.5013326849359,341.12988812939284,342.1419322118465,342.7597244318036,343.130477298571,343.43734891657306,343.5711154890801,343.629672406718,343.6552091953369,343.66567271949594,343.670977338436,343.6728937046947,343.6736954201979,343.674306155476,343.6746017904365,5.653713642415997,3.052174264345316,1.0,0.9985297390152776,0.995283098510148,0.9850210853661056,0.9539362579946792,0.8707298359885901,0.7060778690314089,0.5083576871549818,0.3458735484778896,0.2032418895096664,0.0819001578590944,0.0196855993286223,0.0030541817572612,0.0,,,,,
bepridil,0.0,3.4183397816266187e-10,1.080973952630271e-09,3.4183397816266187e-09,1.0809739526302714e-08,3.4183397816266196e-08,1.0809739526302715e-07,3.41833978162662e-07,1.0809739526302716e-06,3.41833978162662e-06,1.0809739526302716e-05,3.4183397816266204e-05,0.000108097395263,0.0003418339781626,,,,,,0.7488690691297484,1.4638862436268047e-05,37350000.0,0.0001765,1000000000.0,1.0630526315789477,-54.93,3.4183397816266176e-10,7.073017016353252e-10,1.4635048856909422e-09,3.028193690880677e-09,6.265750882792758e-09,1.2964703758365108e-08,2.6825762256805237e-08,5.550620624048754e-08,1.1485000507040419e-07,2.3764051910740002e-07,4.917110477010083e-07,1.017418053703005e-06,2.105178439330581e-06,4.355904876360707e-06,9.01296865739155e-06,1.8649076672902897e-05,3.8587514721532894e-05,7.984289616590129e-05,0.0001652059769633,0.0003418339781626,0.0010809739526302,0.0034183397816266,0.0108097395263027,0.0341833978162662,0.1080973952630272,0.3418339781626623,1.0809739526302726,3.4183397816266234,10.809739526302728,34.18339781626624,289.4441467040805,289.53892561500504,289.7435918920733,290.1806015144541,291.1034772185864,292.99505249044194,296.65014205332665,302.98134227070034,312.13631755506395,322.45030261321494,331.2652532935344,337.188417710291,340.5669197931485,342.3103173416981,343.1144352170509,343.44159037782424,343.57435596425194,343.63018519560484,343.6548403589968,343.66533871833894,343.6720637537836,343.67481357661165,343.67435251555145,343.6743606893291,343.6740456186722,343.67498542027613,343.6750938777251,343.6760567251547,343.67440449390887,343.67521867489023,289.5928311115871,289.75756998208493,290.0401174636553,290.5200738752073,291.32745025168015,292.6624796810528,294.8070425652796,298.10522556326555,302.84585937506887,309.0408874079073,316.2079080276722,323.4169112388672,329.72091816394084,334.59016678589666,338.0010069368112,340.2292789382244,341.620462114205,342.46380743184216,342.96487143567515,343.26077579957087,343.49914789631583,343.6003023031947,343.6433402630901,343.66171976064874,343.66968071824533,343.6725830945149,343.67506105505464,343.67358350901867,343.67389471604963,343.67436336174325,5.566768923452323,2.958720947207318,1.0,0.9986407274494716,0.9954641378435596,0.9850255929164304,0.952237256972053,0.8623435039022583,0.6861725844755321,0.4843821625586653,0.3216309778438566,0.1761111831036004,0.0616679000517867,0.0127212643308162,0.0018202633222631,0.0,,,,,
bepridil,0.0,6.300104952861946e-10,1.992268114915149e-09,6.300104952861945e-09,1.992268114915149e-08,6.300104952861946e-08,1.9922681149151495e-07,6.300104952861947e-07,1.9922681149151498e-06,6.300104952861948e-06,1.99226811491515e-05,6.300104952861949e-05,0.0001992268114915,,,,,,,0.7743303831349972,1.4346153298022228e-05,37350000.0,0.0001765,1000000000.0,1.0974736842105264,-54.93,6.300104952861934e-10,1.226934754534375e-09,2.389434625530315e-09,4.6533834081910114e-09,9.062385265644821e-09,1.7648841605962272e-08,3.437081970164755e-08,6.693658843672038e-08,1.303578707298653e-07,2.538697423650314e-07,4.944070176019033e-07,9.62849281591577e-07,1.8751326458879277e-06,3.6517890254459648e-06,7.111797192380944e-06,1.3850104415432604e-05,2.697284345002039e-05,5.252915515702872e-05,0.000102299638769,0.0001992268114915,0.0006300104952861,0.0019922681149151,0.0063001049528619,0.0199226811491515,0.0630010495286195,0.199226811491515,0.630010495286195,1.9922681149151509,6.300104952861951,19.92268114915151,289.4376937375972,289.5191871223377,289.6868188578776,290.0315529910389,290.73526949715034,292.137697654725,294.82094021758587,299.577267895179,306.97026731516905,316.42799568570643,325.9221162836091,333.4023362591187,338.2505673337266,341.0188829490495,342.4733726398965,343.159446095927,343.4494383879168,343.5736223183936,343.6277567782957,343.6536629646573,343.6684276594909,343.67249202438904,343.67439968039315,343.67449329084207,343.67470291515986,343.6740120131768,343.67438451914694,343.67456712966066,343.67557057756886,343.67451818863566,289.5789562800491,289.72406752312,289.96623486663816,290.3654138469582,291.021655176683,292.0851750024474,293.77342651432383,296.3636902183626,300.14341851601864,305.2722819100271,311.5912040963442,318.5124820116354,325.1831822428773,330.8656433878789,335.2187192830991,338.28466636390147,340.3221908783325,341.6211539415522,342.42968274468,342.92459539770226,343.3649119224542,343.5469432972154,343.62206871125807,343.6531442387092,343.66594483957164,343.67132870324366,343.67307836144863,343.67305124656315,343.6747093392248,343.6740870000688,5.703237165110296,3.104878437367768,1.0,0.998741650177821,0.9956331636340552,0.9850114240701068,0.9504203710176442,0.8533813213481078,0.6656234916521736,0.4606136936617647,0.2968579450775783,0.1490166475808054,0.0440860065657264,0.0070138988871014,0.0,,,,,,
bepridil,0.0,1.1187436591236443e-09,3.5377780807017286e-09,1.118743659123644e-08,3.5377780807017295e-08,1.1187436591236441e-07,3.537778080701729e-07,1.1187436591236442e-06,3.5377780807017286e-06,1.1187436591236443e-05,3.537778080701729e-05,0.0001118743659123,0.0003537778080701,,,,,,,0.7979258793653378,1.4507635356824724e-05,37350000.0,0.0001765,1000000000.0,1.1318947368421053,-54.93,1.1187436591236464e-09,2.178734302148761e-09,4.243048101902162e-09,8.263264215971487e-09,1.6092566914889406e-08,3.1340001135343906e-08,6.103412068180333e-08,1.188629148835563e-07,2.3148351080984405e-07,4.5081021132070586e-07,8.779452407647574e-07,1.7097834663579757e-06,3.329774302648556e-06,6.484678981132071e-06,1.2628802335007506e-05,2.459437836178718e-05,4.7897134736679454e-05,9.327885755990783e-05,0.0001816589930799,0.0003537778080701,0.0011187436591236,0.0035377780807017,0.0111874365912364,0.0353777808070172,0.1118743659123644,0.3537778080701729,1.1187436591236446,3.53777808070173,11.187436591236448,35.37778080701731,289.432231961287,289.51028133800025,289.67625428452936,290.025291650641,290.7515253402559,292.2317287565888,295.11312870205006,300.26673105575253,308.2281799630736,318.14545784884035,327.6668927960538,334.7789916171447,339.1629743081486,341.56211942600504,342.76581957835765,343.2945686890649,343.51056745758245,343.60175035161603,343.6413140248461,343.6594667535721,343.67008474500324,343.6747646541823,343.6740765707372,343.67449345569446,343.6746286361141,343.67544001416894,343.67430197182745,343.6742302871432,343.67451904166467,343.6744631169117,289.56768671671466,289.7108706186131,289.9530591838724,290.359493605625,291.03849779854625,292.1533515146833,293.9442794451636,296.71974176869736,300.7857216292704,306.2841312960756,312.9674867678766,320.11893481163406,326.79729352572264,332.2860774999987,336.3413656937418,339.10960449343986,340.89375442599686,342.0050370863648,342.6812107746299,343.0859283516993,343.438349621516,343.5798625443964,343.637022833267,343.6589401274011,343.6681703810737,343.6717222771025,343.6734650345736,343.67439945955545,343.67433668823435,343.674101319198,5.626747626812591,3.0204127034057704,1.0,0.9988371769103358,0.995801916074884,0.9850196080239688,0.9486144976493228,0.8442238797798743,0.6454181261686834,0.4384340083277538,0.273295110801781,0.1246623569902699,0.0315336359084741,0.0044551275601151,0.0,,,,,,
bepridil,0.0,1.9204079793420486e-09,6.072863251482459e-09,1.920407979342049e-08,6.072863251482459e-08,1.920407979342049e-07,6.07286325148246e-07,1.920407979342049e-06,6.07286325148246e-06,1.920407979342049e-05,6.072863251482461e-05,0.0001920407979342,0.0006072863251482,,,,,,,0.8217654003842086,1.4604792834569328e-05,37350000.0,0.0001765,1000000000.0,1.1663157894736842,-54.93,1.9204079793420503e-09,3.739961969474081e-09,7.283512505454541e-09,1.4184517075336028e-08,2.762410643351308e-08,5.3797478771901114e-08,1.0476967749812861e-07,2.040371700243156e-07,3.9735892813333403e-07,7.738497732959907e-07,1.5070593089311786e-06,2.9349724442800764e-06,5.715809057834998e-06,1.1131441199490512e-05,2.167829294574932e-05,4.221810784602045e-05,8.221904900716365e-05,0.0001601202034988,0.0003118313806608,0.0006072863251482,0.001920407979342,0.0060728632514824,0.0192040797934205,0.0607286325148246,0.192040797934205,0.6072863251482464,1.9204079793420503,6.072863251482465,19.204079793420508,60.72863251482466,289.4268626373169,289.50253423086207,289.66630009302725,290.01802634130814,290.7687205991931,292.329621016508,295.42051323059,300.9891776416771,309.52342301864684,319.85087597459454,329.30988748015864,336.0071664686461,339.9407846519144,342.0096069798389,342.98862367771835,343.3931611025337,343.5548983181261,343.62165288798474,343.65134448576816,343.66396014259334,343.67099032613174,343.6740092089881,343.67382908570977,343.6747932077786,343.67485014297387,343.67388565904446,343.6748548721366,343.6746914846558,343.6751582765181,343.6742377983072,289.5571918693229,289.6982027960312,289.94016604609254,290.3533647129684,291.0536481727807,292.2208570780764,294.12101079879176,297.08999727902875,301.45756499701747,307.33447645073016,314.37125352329684,321.70886474403306,328.3387190780912,333.5950473078379,337.34492134482184,339.82244440767454,341.3779919580288,342.3219211343226,342.8835737581684,343.2136441791775,343.49477803050405,343.6053233911296,343.6472948853317,343.6643342164552,343.67068563676514,343.67341726080707,343.67432398515183,343.67425946651224,343.673982738788,343.6740757864532,5.5492396131538255,2.9373701335686597,1.0,0.9989250344129704,0.9959640758550996,0.9850239580917138,0.946736731159096,0.8346357180667635,0.6251344213197846,0.4168998752639436,0.249748488022803,0.102123684440557,0.0220273776270639,0.0028145585120897,0.0,,,,,,
bepridil,0.0,3.1959681093555797e-09,1.010653855482572e-08,3.195968109355579e-08,1.0106538554825721e-07,3.1959681093555795e-07,1.0106538554825722e-06,3.19596810935558e-06,1.0106538554825723e-05,3.1959681093555805e-05,0.00010106538554825724,0.0003195968109355581,0.0010106538554825726,,,,,,,0.8457585874549617,1.4662409552472564e-05,37350000.0,0.0001765,1000000000.0,1.2007368421052633,-54.93,3.1959681093555785e-09,6.224093689059233e-09,1.212131689824601e-08,2.360605908069348e-08,4.597239969873465e-08,8.953046871719219e-08,1.7435906938181298e-07,3.3956133047535506e-07,6.612899321096065e-07,1.2878509272458722e-06,2.5080678387421027e-06,4.884419578890847e-06,9.512324289688198e-06,1.852509022427988e-05,3.607729902456451e-05,7.025992797605612e-05,0.00013683001811858013,0.00026647413963634274,0.0005189538675160554,0.0010106538554825728,0.003195968109355582,0.010106538554825729,0.03195968109355582,0.1010653855482573,0.31959681093555825,1.010653855482573,3.1959681093555825,10.10653855482573,31.959681093555826,101.06538554825731,289.42199781411665,289.49491503775437,289.65625830208944,290.0118007701098,290.78620491438556,292.4309840560924,295.7407877445973,301.74595900918496,310.8554605216432,321.53101332564916,330.84248023473526,337.0952144481783,340.6025797307116,342.36979453021644,343.15667525237757,343.46400273359,343.5871685725398,343.63652863067693,343.6577348598665,343.6669613191204,343.67305624656507,343.6739470976668,343.67400426066536,343.6746895552992,343.67463700356876,343.6765723749224,343.6744963317952,343.67668919283483,343.6757580272966,343.6740984988086,289.5469985148454,289.68503057634746,289.92707494616394,290.34724915293623,291.06886152025,292.2899214026953,294.3021692242011,297.4763292250987,302.1572867073029,308.41913073726147,315.79020496791657,323.26934743473635,329.7983275493258,334.78982900382437,338.2301982006113,340.4338009131275,341.78088780652905,342.5803066340126,343.0466315750155,343.31529991647574,343.53821789117603,343.62265300719,343.6556852921055,343.6673300242261,343.67151929309796,343.673290973005,343.67567220298565,343.67472040149266,343.67431832164357,343.674177532114,5.472594489954594,2.857333314978153,1.0,0.9990058704630488,0.9961186824896499,0.9850266669390756,0.9447893027452267,0.8246324606073399,0.6049051093755652,0.3959605166906088,0.22630020611453416,0.08187142829281172,0.015094299792073424,0.0017727887212317503,0.0,,,,,,
bepridil,0.0,5.1699005449645205e-09,1.634866099863363e-08,5.16990054496452e-08,1.6348660998633633e-07,5.16990054496452e-07,1.634866099863363e-06,5.16990054496452e-06,1.6348660998633632e-05,5.1699005449645205e-05,0.00016348660998633633,0.0005169900544964521,0.0016348660998633637,,,,,,,0.869848144627871,1.4695971709309383e-05,37350000.0,0.0001765,1000000000.0,1.235157894736842,-54.93,5.169900544964517e-09,1.006829362933344e-08,1.960783108394826e-08,3.81859184853849e-08,7.436642861362538e-08,1.4482735846362074e-07,2.820488243226868e-07,5.492853017946371e-07,1.069723809316219e-06,2.083268976029926e-06,4.057130998386364e-06,7.90119381004551e-06,1.5387440940095685e-05,2.996678025843401e-05,5.835979631397267e-05,0.00011365471353399138,0.0002213406270131365,0.0004310571171508534,0.0008394764248832493,0.0016348660998633641,0.005169900544964523,0.016348660998633642,0.05169900544964524,0.16348660998633643,0.5169900544964524,1.6348660998633646,5.169900544964525,16.348660998633648,51.699005449645256,163.4866099863365,289.41728428851263,289.48772581283333,289.6463467496177,290.00460197973604,290.8038929929227,292.53452380159274,296.07568566427983,302.5369509456574,312.2165631607778,323.17296389266426,332.26141882894365,338.0526190555921,341.1594360079592,342.6577206384277,343.28204411940465,343.5179258444363,343.60921748847744,343.6462762244098,343.662792386711,343.6691177567126,343.67390155511214,343.6746478296816,343.6740722434201,343.67417605620335,343.6751653566524,343.67404072605746,343.67487516188635,343.67501261464264,343.6749516526794,343.6748949910608,289.5368525931767,289.6728968959942,289.9145786360643,290.34062983331427,291.08400345309377,292.3603839780364,294.4908032027116,297.87921797455294,302.88587585734734,309.53446506075665,317.2146703391117,324.78575284657387,331.16691433744535,335.87083242084555,339.0055126636114,340.9555072343175,342.11776088953957,342.791261336844,343.17626728489796,343.394024287516,343.57125091103467,343.6366967551017,343.6607549621999,343.66989333949596,343.67283386208135,343.67277341609764,343.6747618604569,343.67449005155277,343.67453556640817,343.67491849762405,5.397778638298008,2.7799908493086964,1.0,0.9990811354277755,0.9962673811587028,0.9850285276057346,0.942773363481107,0.8142266529275846,0.5848448125239126,0.3755374883736142,0.20308567752290763,0.0642288915319663,0.010196220827761393,0.0011133032347097548,0.0,,,,,,
bepridil,0.0,8.147710119194266e-09,2.5765321691455867e-08,8.147710119194265e-08,2.576532169145587e-07,8.147710119194265e-07,2.576532169145587e-06,8.147710119194267e-06,2.5765321691455874e-05,8.147710119194268e-05,0.0002576532169145588,0.000814771011919427,,,,,,,,0.8950850244772947,1.448717392919857e-05,37350000.0,0.0001765,1000000000.0,1.2695789473684211,-54.93,8.147710119194271e-09,1.493459548593736e-08,2.737482544980832e-08,5.017752701190355e-08,9.197443913009262e-08,1.6858737281509192e-07,3.0901740245998034e-07,5.664229380206871e-07,1.0382423195649544e-06,1.903078144932489e-06,3.4883055308680305e-06,6.393996751571192e-06,1.1720072710755261e-05,2.1482667208367987e-05,3.937731461017105e-05,7.217785812482385e-05,0.00013230062169200218,0.00024250448759257956,0.00044450604804750164,0.0008147710119194271,0.002576532169145589,0.008147710119194271,0.02576532169145589,0.08147710119194272,0.2576532169145589,0.8147710119194272,2.5765321691455894,8.147710119194274,25.7653216914559,81.47710119194275,289.41325347997304,289.47217376130845,289.59824744228166,289.86917946501694,290.44259742877256,291.64014695146665,294.0445701351076,298.53208032672603,305.87686742311615,315.6676406850953,325.70170655182574,333.56400697471594,338.531671754614,341.267938462938,342.64330802456703,343.25125357556215,343.4960740565985,343.5962931648546,343.63942894481073,343.65877691039486,343.6704237211736,343.67400107187075,343.6764943093235,343.6748500129815,343.67453159320223,343.67494035157864,343.67529116072126,343.6746473686866,343.6741863322258,343.67390605506927,289.5269745085716,289.64425419162626,289.8455127839783,290.1878087223229,290.76669444559394,291.7330280477344,293.3139134541524,295.8170359344886,299.5790216650143,304.82182034232073,311.40460112080706,318.67269392588855,325.6444048143109,331.48422264728333,335.8437390706805,338.8255621570929,340.74518831578564,341.9310138184777,342.64695669022376,343.07166728354514,343.45762713117523,343.5968127561631,343.6466071771195,343.66491490314377,343.67154888224184,343.67344218372665,343.6745421232408,343.6746163200997,343.6748836341073,343.6745414374865,5.57082700740631,2.957827900272527,1.0,0.9991494298451851,0.9964074333917798,0.9850187186009847,0.9406460955650048,0.8032958161339754,0.5647455197948267,0.35508877655805277,0.17972473155026628,0.048676007330247205,0.0061295614007762554,0.0,,,,,,,
bepridil,0.0,1.2536015175658396e-08,3.9642360737516326e-08,1.2536015175658396e-07,3.964236073751633e-07,1.2536015175658397e-06,3.964236073751633e-06,1.2536015175658398e-05,3.964236073751634e-05,0.000125360151756584,0.0003964236073751634,0.0012536015175658402,,,,,,,,0.9189194303985454,1.4576007672483655e-05,37350000.0,0.0001765,1000000000.0,1.304,-54.93,1.2536015175658408e-08,2.297827400768457e-08,4.2118733024308104e-08,7.720282519825793e-08,1.4151128941017496e-07,2.5938746385387724e-07,4.754522178759022e-07,8.714947442890301e-07,1.5974330558736398e-06,2.9280639782624912e-06,5.367084792238425e-06,9.837762897575153e-06,1.8032429628998284e-05,3.305309567939718e-05,6.0585686813633896e-05,0.00011105239528192597,0.00020355689844350931,0.00037311586840383,0.000683914189689713,0.0012536015175658407,0.003964236073751636,0.012536015175658407,0.03964236073751636,0.12536015175658408,0.3964236073751637,1.253601517565841,3.9642360737516373,12.536015175658411,39.64236073751638,125.36015175658413,289.4092259804336,289.4655256955489,289.58952543611383,289.860217110363,290.44735200932524,291.69519624489374,294.2443889602429,299.05085311354094,306.89507573651775,317.1332631579533,327.22061963999033,334.7518944487585,339.3002622860102,341.71099224853276,342.86799134088307,343.3499404486611,343.53880607766695,343.61569097519373,343.6479465081409,343.6628015751948,343.67245104649203,343.6744205195294,343.67439108236005,343.67470014850824,343.6747426072766,343.6750593288941,343.67425471524496,343.6747316165967,343.6747337515617,343.6752687771151,289.5186475147205,289.6335909092959,289.8337951621048,290.17999573168333,290.77165660610797,291.7741448230277,293.43514270214826,296.08813960100906,300.0980701890217,305.6712720187956,312.5913267241345,320.07346583006665,327.0458721642991,332.6980122532401,336.7831198778975,339.4967089896713,341.19739992022954,342.2261324931377,342.83507156530254,343.19047584817594,343.505509495261,343.6156940898593,343.65447999915193,343.6678696652673,343.6718816064561,343.6748827619627,343.6738509815304,343.6741729545419,343.6744805273016,343.67484999770653,5.5027288008803446,2.885753652814528,1.0,0.9992140253037842,0.9965459597059048,0.9850231818779288,0.9385047277317199,0.7921759988150743,0.5454003945452469,0.3355785820756955,0.15780398832316725,0.03673951770868177,0.004105451213395158,0.0,,,,,,,
