,drug_conc_ikr,drug_conc_ikr,drug_conc_ikr,drug_conc_ikr,drug_conc_ikr,drug_conc_ikr,drug_conc_ikr,drug_conc_ikr,drug_conc_ikr,drug_conc_ikr,drug_conc_ikr,drug_conc_ikr,drug_conc_ikr,drug_conc_ikr,drug_conc_ikr,drug_conc_ikr,drug_conc_ikr,Hill_curve,Hill_curve,param_values,param_values,param_values,param_values,param_values,drug_conc_AP,drug_conc_AP,drug_conc_AP,drug_conc_AP,drug_conc_AP,drug_conc_AP,drug_conc_AP,drug_conc_AP,drug_conc_AP,drug_conc_AP,drug_conc_AP,drug_conc_AP,drug_conc_AP,drug_conc_AP,drug_conc_AP,drug_conc_AP,drug_conc_AP,drug_conc_AP,drug_conc_AP,drug_conc_AP,drug_conc_AP,drug_conc_AP,drug_conc_AP,drug_conc_AP,drug_conc_AP,drug_conc_AP,drug_conc_AP,drug_conc_AP,drug_conc_AP,drug_conc_AP,APD_trapping,APD_trapping,APD_trapping,APD_trapping,APD_trapping,APD_trapping,APD_trapping,APD_trapping,APD_trapping,APD_trapping,APD_trapping,APD_trapping,APD_trapping,APD_trapping,APD_trapping,APD_trapping,APD_trapping,APD_trapping,APD_trapping,APD_trapping,APD_trapping,APD_trapping,APD_trapping,APD_trapping,APD_trapping,APD_trapping,APD_trapping,APD_trapping,APD_trapping,APD_trapping,APD_conductance,APD_conductance,APD_conductance,APD_conductance,APD_conductance,APD_conductance,APD_conductance,APD_conductance,APD_conductance,APD_conductance,APD_conductance,APD_conductance,APD_conductance,APD_conductance,APD_conductance,APD_conductance,APD_conductance,APD_conductance,APD_conductance,APD_conductance,APD_conductance,APD_conductance,APD_conductance,APD_conductance,APD_conductance,APD_conductance,APD_conductance,APD_conductance,APD_conductance,APD_conductance,RMSE,ME,peak_current,peak_current,peak_current,peak_current,peak_current,peak_current,peak_current,peak_current,peak_current,peak_current,peak_current,peak_current,peak_current,peak_current,peak_current,peak_current,peak_current
,conc_0,conc_1,conc_2,conc_3,conc_4,conc_5,conc_6,conc_7,conc_8,conc_9,conc_10,conc_11,conc_12,conc_13,conc_14,conc_15,conc_16,Hill_coef,IC50,Kmax,Ku,halfmax,n,Vhalf,conc_0,conc_1,conc_2,conc_3,conc_4,conc_5,conc_6,conc_7,conc_8,conc_9,conc_10,conc_11,conc_12,conc_13,conc_14,conc_15,conc_16,conc_17,conc_18,conc_19,conc_20,conc_21,conc_22,conc_23,conc_24,conc_25,conc_26,conc_27,conc_28,conc_29,conc_0,conc_1,conc_2,conc_3,conc_4,conc_5,conc_6,conc_7,conc_8,conc_9,conc_10,conc_11,conc_12,conc_13,conc_14,conc_15,conc_16,conc_17,conc_18,conc_19,conc_20,conc_21,conc_22,conc_23,conc_24,conc_25,conc_26,conc_27,conc_28,conc_29,conc_0,conc_1,conc_2,conc_3,conc_4,conc_5,conc_6,conc_7,conc_8,conc_9,conc_10,conc_11,conc_12,conc_13,conc_14,conc_15,conc_16,conc_17,conc_18,conc_19,conc_20,conc_21,conc_22,conc_23,conc_24,conc_25,conc_26,conc_27,conc_28,conc_29,RMSE,ME,conc_0,conc_1,conc_2,conc_3,conc_4,conc_5,conc_6,conc_7,conc_8,conc_9,conc_10,conc_11,conc_12,conc_13,conc_14,conc_15,conc_16
terfenadine,0.0,2.496004739396904e-09,7.893060027069227e-09,2.496004739396904e-08,7.893060027069226e-08,2.496004739396904e-07,7.893060027069225e-07,2.496004739396904e-06,7.893060027069226e-06,2.496004739396904e-05,7.893060027069226e-05,0.0002496004739396,0.0007893060027069,0.0024960047393969,0.0078930600270692,0.024960047393969,0.0789306002706922,0.4465737984573676,0.0056153052299985,9884.0,8.18e-05,41380.0,0.65,-77.49,2.4960047393969035e-09,6.194157552825157e-09,1.537160053569907e-08,3.814660847968484e-08,9.466572691131853e-08,2.3492520590450026e-07,5.82997185676004e-07,1.446782677906045e-06,3.590377738550953e-06,8.909985239897513e-06,2.2111277073378908e-05,5.487198470615586e-05,0.0001361719043002,0.0003379281361892,0.0008386122366076,0.0020811243814104,0.0051645784569291,0.0128165672729753,0.0318059640360994,0.0789306002706922,0.2496004739396904,0.789306002706923,2.496004739396905,7.893060027069231,24.960047393969056,78.93060027069232,249.60047393969057,789.3060027069233,2496.004739396906,7893.060027069235,261.50037018220684,261.95011780865525,262.7505394579176,264.1600858935564,266.5907622313744,270.6438850459343,277.02405611297803,286.18779460375754,297.72728727152736,310.0427428221714,321.07230314640185,329.5181808309184,335.2632840798988,338.87618871909814,341.0463307936338,342.29782993717834,342.9712131064145,343.3079317975444,343.4752606858001,343.56125344594824,343.6130467820653,343.63682109638546,343.64663951889463,343.6534812094799,343.6554446817625,343.6565149405174,343.65630707938027,343.6572026873565,343.6574071361657,343.65731556557887,262.3127345096235,262.98384956561216,263.9706272514491,265.40521626851813,267.4596995176738,270.34195936607244,274.2698183062717,279.41439282532247,285.8222045739821,293.321794266664,301.49093685561087,309.72557328672536,317.3981427480008,324.0437009320152,329.43890275587654,333.5936103261489,336.66432842165455,338.8625041886256,340.40195788875906,341.463706971661,342.33707545532786,342.86974253300184,343.19138062880666,343.3851480520923,343.5005508232158,343.5707075776285,343.61221988694865,343.63708072287614,343.6524632088449,343.6612798965557,8.328968861283938,4.821809635297887,1.0,0.9908473975866472,0.9809778275998232,0.9610124717983796,0.9222828955865012,0.8529588006357467,0.7452381179746101,0.6102210777341182,0.479519481654608,0.3756945864909636,0.2943734850387246,0.2213862056081297,0.1496501460827192,0.0845452260201992,0.0372274067489296,0.0112167275542299,0.0
terfenadine,0.0,5.681443426890275e-09,1.7966301626365598e-08,5.6814434268902747e-08,1.7966301626365596e-07,5.681443426890275e-07,1.7966301626365597e-06,5.681443426890275e-06,1.7966301626365598e-05,5.681443426890276e-05,0.0001796630162636,0.000568144342689,0.0017966301626365,0.0056814434268902,0.0179663016263656,0.0568144342689027,0.179663016263656,0.467806761397004,0.0058212017301203,9884.0,8.18e-05,41380.0,0.6844210526315789,-77.49,5.681443426890266e-09,1.4099234331632045e-08,3.4989067707232066e-08,8.682988240536302e-08,2.1547954754366962e-07,5.347402774641628e-07,1.3270269387608546e-06,3.2931884326125544e-06,8.172471662722999e-06,2.028104204927774e-05,5.033002053475745e-05,0.000124900434646,0.0003099565310924,0.0007691970923812,0.0019088617518152,0.0047370865330017,0.0117556909502779,0.0291732626701409,0.0723972124157377,0.179663016263656,0.5681443426890277,1.7966301626365604,5.681443426890278,17.966301626365606,56.81443426890278,179.6630162636561,568.1443426890279,1796.6301626365612,5681.44342689028,17966.301626365614,261.4373603337904,261.86561674454896,262.65306888428955,264.08297155926846,266.6234721615955,270.97307382805803,277.9458028807499,288.0063184681952,300.4737813056387,313.2861741415192,324.1577725984331,332.004593273564,337.05230654182964,340.0766695144212,341.81201799117053,342.751114030299,343.21556589766607,343.4376369960617,343.54437367868746,343.59816785712115,343.6306703252992,343.64565438882323,343.6520238960618,343.6549421528283,343.65660094288233,343.6574537316343,343.6577488496885,343.6565399910304,343.65742902932686,343.65797088123384,262.2189573400938,262.8831885249867,263.8750304688444,265.3465639855786,267.49182500229216,270.54867363984823,274.76689376800147,280.3314279583764,287.2691441640243,295.33100481965846,303.97166697579445,312.4721777231841,320.15542073960484,326.5823278901338,331.61739557185206,335.3620533827878,338.0386725515301,339.8985369730376,341.16558387721994,342.0159350696399,342.6987508387337,343.1027198173456,343.3396699073054,343.4801361067169,343.5601960883771,343.6079787590971,343.6363097632116,343.6517685434551,343.6607067155256,343.6669457348904,8.236799986413038,4.659241005818971,1.0,0.9918829535474318,0.9824424813266992,0.9625640912488566,0.9225258004006616,0.8487013870154664,0.7326298085484196,0.5895679201302906,0.4567809642311859,0.3545862327382766,0.2731328711371813,0.1971401024146262,0.123339403773921,0.0622014269675709,0.0241319461146506,0.0065637025043273,0.0
terfenadine,0.0,1.19525989797987e-08,3.779743673476879e-08,1.19525989797987e-07,3.779743673476879e-07,1.19525989797987e-06,3.77974367347688e-06,1.1952598979798702e-05,3.77974367347688e-05,0.0001195259897979,0.0003779743673476,0.0011952598979798,0.0037797436734768,0.0119525989797987,0.0377974367347688,0.119525989797987,,0.4933867311285011,0.005661826870449,9884.0,8.18e-05,41380.0,0.718842105263158,-77.49,1.1952598979798712e-08,2.7917942048540534e-08,6.520853661558999e-08,1.5230897894098276e-07,3.557513520476493e-07,8.309360706355324e-07,1.9408352196247983e-06,4.533250490443892e-06,1.058841049529312e-05,2.4731577717395303e-05,5.776607703899107e-05,0.000134925466325,0.0003151483084224,0.0007360986699298,0.0017193214667238,0.0040158560620944,0.0093799212210097,0.0219088833742864,0.0511730492611125,0.119525989797987,0.3779743673476882,1.1952598979798712,3.779743673476883,11.952598979798712,37.79743673476884,119.52598979798717,377.9743673476884,1195.2598979798718,3779.743673476885,11952.59897979872,261.3818585339723,261.7525406135875,262.42736644212846,263.64251190323216,265.7924278840797,269.4780964464244,275.4645342988426,284.36351976527123,295.9570280200348,308.6825505296665,320.2692499975321,329.1752257019889,335.1892263196679,338.92135462424034,341.1245605506832,342.37016681137806,343.0229602200518,343.3403613230457,343.49423919663343,343.57175821413136,343.62065282633847,343.64126212691093,343.65120648717425,343.6546254977627,343.6555439047929,343.65727290212175,343.656552760394,343.6570155947841,343.65675792093435,343.65717132951727,262.1088098373652,262.705138359721,263.5948609986755,264.906434651938,266.8186067195114,269.5465771037031,273.3312811348185,278.37826939121766,284.7731325464982,292.3722129284382,300.7493071898488,309.2559517785984,317.2038119101879,324.0707807702725,329.60652540377936,333.8294959637936,336.9129052360853,339.0931043876875,340.6000927250989,341.62436732029977,342.5003671756869,343.00472899079864,343.2931639114376,343.4585774335298,343.55180235300526,343.60459828724106,343.63529771717907,343.6523360845307,343.6616708347329,343.6674654267268,8.233558708981137,4.680597472497194,1.0,0.9927646060451316,0.9837115492985568,0.96386671142999,0.9223614695542124,0.8435440136168474,0.7183314722221146,0.5670575250317401,0.4325748861095072,0.3314380116293735,0.2485001688497304,0.1688300043487219,0.0945062889173312,0.0399212640900763,0.0112343682326978,0.0,
terfenadine,0.0,2.349341294298682e-08,7.429269491071789e-08,2.349341294298682e-07,7.429269491071788e-07,2.3493412942986822e-06,7.429269491071788e-06,2.3493412942986826e-05,7.429269491071789e-05,0.0002349341294298,0.0007429269491071,0.0023493412942986,0.0074292694910717,0.0234934129429868,0.0742926949107179,0.2349341294298683,,0.5148669789190863,0.0058281684870364,9884.0,8.18e-05,41380.0,0.7532631578947369,-77.49,2.34934129429868e-08,5.4874068993134e-08,1.2817054104359561e-07,2.993706844204235e-07,6.992465348169866e-07,1.6332451435589086e-06,3.814805746097728e-06,8.910323681568821e-06,2.0812034319582424e-05,4.861111537568909e-05,0.0001135420258194,0.0002652025473503,0.0006194392835036,0.0014468376332773,0.0033794097223335,0.0078933598413063,0.0184366900445929,0.0430629727561159,0.1005831099893029,0.2349341294298683,0.7429269491071793,2.3493412942986835,7.429269491071794,23.49341294298684,74.29269491071794,234.9341294298684,742.9269491071796,2349.3412942986847,7429.269491071797,23493.41294298685,261.3318675965875,261.68298835584574,262.3412950942832,263.5617129004198,265.78255930921034,269.69045825560926,276.15918180202914,285.84804502527084,298.33184980756664,311.59859876956693,323.1027115053527,331.4693436096876,336.8318183801432,340.0113394790051,341.80985119169657,342.7674174553639,343.2313569712239,343.4487553672547,343.551563004472,343.6031154190894,343.6352281054538,343.647600813749,343.6533508693443,343.6561764013463,343.6572848910062,343.6574762157875,343.6573433292102,343.65701877537026,343.6566828583845,343.6572945901096,262.0273947269653,262.61314354960274,263.5016834467852,264.83843209596955,266.8182015937921,269.68778061925985,273.71797245836933,279.13755618442286,286.01835500112816,294.1500065178574,302.9885804528839,311.7670504866068,319.7363896596579,326.40165854086433,331.5995445174445,335.4346357966793,338.1501243905191,340.01543913085226,341.272888887064,342.1044471941522,342.7985504189612,343.1880616579828,343.4053269986432,343.52500662831727,343.591674716087,343.6287652488474,343.6495347680135,343.6608881776146,343.66700005465015,343.67052826146744,8.137894572025582,4.530822132265956,1.0,0.9935814011779632,0.9849598298785064,0.9652867422367026,0.9225542188330352,0.8389939221523031,0.7050699743381581,0.546953008763152,0.4123125097298092,0.312397176141149,0.2274762665353698,0.1448188391825366,0.0728456337452109,0.0270869000427896,0.0068707665800961,0.0,
terfenadine,0.0,4.352912646251054e-08,1.3765118417904132e-07,4.352912646251054e-07,1.3765118417904132e-06,4.352912646251054e-06,1.3765118417904132e-05,4.3529126462510544e-05,0.000137651184179,0.0004352912646251,0.0013765118417904,0.004352912646251,0.0137651184179041,0.0435291264625105,0.1376511841790413,0.4352912646251055,,0.5371770574852898,0.0059211780947293,9884.0,8.18e-05,41380.0,0.7876842105263158,-77.49,4.3529126462510574e-08,1.0167191520922486e-07,2.3747727515769694e-07,5.546807700068549e-07,1.2955797829964534e-06,3.026113514063937e-06,7.068158302702888e-06,1.650924909455076e-05,3.856100754869886e-05,9.006777320124216e-05,0.0002103732315392,0.0004913732734281,0.0011477111040832,0.0026807334661203,0.0062614467097257,0.0146249955074702,0.0341599159921447,0.0797880491651675,0.1863626594118999,0.4352912646251055,1.3765118417904136,4.352912646251056,13.76511841790414,43.52912646251057,137.65118417904142,435.2912646251058,1376.5118417904143,4352.9126462510585,13765.118417904148,43529.12646251059,261.288362080019,261.6195075162715,262.2599441483912,263.4828044933709,265.7731674682602,269.9060426951261,276.8793472613796,287.38477402290255,300.7343232198106,314.4196385771923,325.6952913429556,333.4587441813528,338.1902274515734,340.87449946613606,342.3250565605415,343.04333672696885,343.3691172421061,343.518481642478,343.58810058951275,343.6228881841854,343.6437817752308,343.6507990213154,343.6545035581284,343.6565684014962,343.65713570184835,343.6579638330939,343.6570614167754,343.65766090393834,343.65713715622195,343.6574109494798,261.94820104124005,262.52106140511177,263.40763130868606,264.76642729873004,266.8146388131224,269.8307079848107,274.12177569262457,279.939649458865,287.3359726023139,296.0139905022094,305.2933484835145,314.2839981378288,322.1985283553915,328.5924371612275,333.40941665399254,336.8475570554886,339.2068080713707,340.78399812553954,341.81662450490063,342.4872517453695,343.0295778370206,343.3256016813182,343.4863435525986,343.5724055626725,343.6202711724675,343.64493268439566,343.65859376228025,343.66591293868044,343.67110855380184,343.67193795333105,8.009872063795266,4.367232249571951,1.0,0.9942994473365938,0.986098446514464,0.9666171444282932,0.9226607143794924,0.8341713054452489,0.6913081986655965,0.5269461842279852,0.3927259932148554,0.2934063499000832,0.2057054034064922,0.1209746039021167,0.053957459619044,0.0176883285097722,0.0041242625261296,0.0,
terfenadine,0.0,2.422064520918395e-07,7.659240525986667e-07,2.4220645209183943e-06,7.659240525986668e-06,2.4220645209183944e-05,7.659240525986667e-05,0.0002422064520918,0.0007659240525986,0.0024220645209183,0.0076592405259866,0.0242206452091839,0.0765924052598667,0.2422064520918395,,,,0.5612755959937487,0.0058538781681677,9884.0,8.18e-05,41380.0,0.8221052631578948,-77.49,2.422064520918396e-07,5.011585935149302e-07,1.0369663305196698e-06,2.1456265233121147e-06,4.439597547235027e-06,9.186140349807812e-06,1.900739281625245e-05,3.932892029881564e-05,8.137696667940791e-05,0.0001683801806819,0.000348401843954,0.0007208915228559,0.001491624102294,0.0030863762327653,0.0063861385958623,0.0132138025599758,0.027341182073178,0.0565726810103057,0.1170566886291831,0.2422064520918395,0.7659240525986671,2.422064520918396,7.659240525986672,24.22064520918396,76.59240525986672,242.2064520918396,765.9240525986673,2422.0645209183967,7659.240525986675,24220.64520918397,261.7364641520873,262.3814191397364,263.529284644515,265.54106667533995,268.9669798405549,274.5206123959049,282.8257961074637,293.8361479476989,306.2780246797396,318.0245131527369,327.39292256049254,333.9305350451264,338.0953295930788,340.60716131573264,342.0625275316576,342.855659253707,343.2546951846074,343.4490679376149,343.5480057158116,343.59859309422865,343.63499023778576,343.64890408932445,343.65482218687526,343.65565488625526,343.6563563652678,343.6574251023016,343.6569748472784,343.6583040516717,343.65699703704786,343.6572712227182,262.70224778032457,263.56329567887497,264.8228907417191,266.64153128619733,269.2197698740605,272.7784266773686,277.5171353131593,283.53789546013866,290.748089929014,298.8021230009749,307.131518371832,315.085979439123,322.1254415504191,327.94236896445085,332.4824820383846,335.8681625394792,338.3093121172428,340.025168329153,341.2099177732116,342.01967504604534,342.79783819509174,343.2128614964318,343.43219585058296,343.54700165949345,343.6088149619903,343.6394865819116,343.65596970718013,343.664293257088,343.6699913681836,343.6719787276823,8.406349740523146,4.851288075918406,1.0,0.987113134808102,0.9677978893973952,0.922528769017617,0.828722882771072,0.6764056513570225,0.5060919318427026,0.372394688965574,0.2727149857733806,0.1815282529452987,0.0960864606579672,0.0361672729310473,0.0088063872713615,0.0,,,
terfenadine,0.0,4.072558389484445e-07,1.2878560414797972e-06,4.072558389484444e-06,1.2878560414797972e-05,4.072558389484444e-05,0.0001287856041479,0.0004072558389484,0.0012878560414797,0.0040725583894844,0.0128785604147979,0.0407255838948444,0.1287856041479797,0.4072558389484446,,,,0.5834632857691402,0.0059476991348075,9884.0,8.18e-05,41380.0,0.8565263157894737,-77.49,4.072558389484441e-07,8.426685651245775e-07,1.743597617857622e-06,3.607744229250239e-06,7.464920971663797e-06,1.5445952254981982e-05,3.195980800986402e-05,6.612925581832714e-05,0.0001368305614894,0.0002831213254382,0.0005858171160398,0.0012121365033669,0.0025080777986259,0.0051895592835354,0.010737914737766,0.0222182282956754,0.0459725822614841,0.0951236206444191,0.1968239058888846,0.4072558389484446,1.2878560414797977,4.072558389484446,12.87856041479798,40.72558389484447,128.7856041479798,407.2558389484447,1287.856041479798,4072.558389484447,12878.56041479798,40725.58389484447,261.6762878314638,262.3058468771368,263.4568720345068,265.52344095925883,269.12200476536265,275.0549521751789,284.00298480560144,295.78726938874564,308.7805620850524,320.57032047572466,329.5445127120731,335.5233703900661,339.18027689990964,341.30763120586005,342.4868276196312,343.08920641328376,343.3755124285015,343.5149368354915,343.5827116997357,343.6180517970387,343.6443917001776,343.6514981354985,343.65480798644967,343.65753358303976,343.65685856389854,343.65712985981804,343.65938930527244,343.65731105821914,343.65724390868564,343.6573918763363,262.6166056031739,263.47728961895416,264.7551891898044,266.6295741189801,269.3232890558873,273.0844029181972,278.13313918644883,284.56589684301986,292.2442524582991,300.73046304845866,309.3515911706801,317.3905565080602,324.3084009253038,329.85912535324843,334.06601048656245,337.116301093506,339.2588044206674,340.7299838154796,341.7230407268243,342.38621175676474,343.0117104809924,343.3340889507627,343.5005848137924,343.585188123244,343.62868003125,343.6508540321397,343.6630558465779,343.66852347479085,343.6718494577565,343.67245116725377,8.290804667890676,4.697334023337932,1.0,0.9880921620951564,0.9690365765155372,0.9226388629847936,0.8236969583012417,0.6623666797842452,0.4874596343868511,0.3550091659037973,0.2545588786549725,0.1601138067741405,0.0763208330248035,0.0252503502471318,0.0055816928624783,0.0,,,
terfenadine,0.0,6.57825746423215e-07,2.080227662197722e-06,6.57825746423215e-06,2.080227662197722e-05,6.57825746423215e-05,0.0002080227662197,0.0006578257464232,0.0020802276621977,0.0065782574642321,0.0208022766219772,0.0657825746423215,0.2080227662197722,0.6578257464232153,,,,0.6061642808270439,0.0060009920790815,9884.0,8.18e-05,41380.0,0.8909473684210527,-77.49,6.578257464232157e-07,1.361132302662037e-06,2.8163706808734826e-06,5.827459826330513e-06,1.2057819042827048e-05,2.494929255670453e-05,5.162353132595102e-05,0.0001068162145481,0.000221017497202,0.0004573157200535,0.0009462493714552,0.0019579206087089,0.0040512080912791,0.0083825089361859,0.0173445684551473,0.0358883070910477,0.0742578628688289,0.1536497718840938,0.3179225941599792,0.6578257464232153,2.080227662197723,6.578257464232154,20.80227662197723,65.78257464232153,208.0227662197723,657.8257464232154,2080.2276621977235,6578.257464232155,20802.27662197724,65782.57464232156,261.6206171215576,262.23481610581086,263.38603682483324,265.50493398262944,269.276912114587,275.60595526349016,285.2193868276653,297.76962772759146,311.2367674940759,322.9556409265598,331.4638480003778,336.88549786116613,340.0740471924608,341.862329376895,342.8025249075204,343.2529580963857,343.45924517520655,343.5576236210548,343.60830819326384,343.63114172470983,343.6490851886392,343.6537768783871,343.6568185284656,343.6572068513456,343.6572116637132,343.6571941510504,343.6577149219844,343.6579063470453,343.65752399230814,343.65651046522635,262.53314585764554,263.3906925368555,264.6858882172866,266.61536265703575,269.4268441557595,273.3992946828981,278.7738744181753,285.63895253572457,293.7958866929023,302.7020414977931,311.57181454219403,319.6346715362173,326.37398658366,331.61982313261086,335.47837431486164,338.2006294591636,340.064049543537,341.312836804458,342.1383733822807,342.67937419707005,343.1763747916095,343.4264302367328,343.550401856417,343.6130481014677,343.64363060238014,343.6589832503388,343.6668142164281,343.6710891339834,343.6730298285358,343.673497249858,8.160984345346337,4.539331717004205,1.0,0.988991707848342,0.9702121655724258,0.9227033537662456,0.8184682517545956,0.6480654461400692,0.4693069483351465,0.3381293028577402,0.236127615352905,0.1387661521845368,0.0588630501469187,0.0171619603647805,0.0035144442130896,0.0,,,
terfenadine,0.0,1.0253267517772234e-06,3.2423678815181224e-06,1.0253267517772232e-05,3.242367881518123e-05,0.0001025326751777,0.0003242367881518,0.0010253267517772,0.0032423678815181,0.0102532675177722,0.0324236788151812,0.1025326751777223,0.3242367881518124,,,,,0.6318466803253369,0.0058613208069844,9884.0,8.18e-05,41380.0,0.9253684210526316,-77.49,1.0253267517772223e-06,1.9968064594508764e-06,3.888746713760836e-06,7.573268271550126e-06,1.4748811515522978e-05,2.872306028529197e-05,5.59376727598829e-05,0.0001089376689918,0.0002121542627687,0.0004131668285865,0.0008046353913252,0.0015670137779162,0.0030517327557952,0.0059431977842453,0.0115742768876411,0.0225407079378889,0.0438976464165755,0.0854899218881922,0.1664901729603788,0.3242367881518124,1.0253267517772238,3.242367881518124,10.25326751777224,32.42367881518124,102.5326751777224,324.23678815181245,1025.326751777224,3242.3678815181247,10253.26751777224,32423.67881518125,261.56845230092193,262.1007911424886,263.0708195407975,264.8132193655792,267.86197635031897,272.96178840292487,280.86760013810294,291.7522873564073,304.4863967479473,316.81278718233915,326.75244998920675,333.6782302801121,338.0451266193107,340.6362928677385,342.11291935361635,342.8992887452733,343.28387364955086,343.4683425238615,343.55971503978054,343.6057206836404,343.6396632419542,343.65171652114014,343.6557967136121,343.6562060840636,343.65618662933923,343.6577030181371,343.6585873809962,343.65736827080286,343.65762446536087,343.6575000485143,262.43954056587626,263.20401273593967,264.3418822831192,266.0114451518905,268.4214506861326,271.8094304975839,276.408287242903,282.36172486294026,289.6176950293868,297.84212793744825,306.4373819589398,314.69064638351625,321.99505430629307,328.00275061021307,332.6529533557687,336.08361097931135,338.52474268471923,340.2187284254543,341.37212551659064,342.1481167829921,342.9297642685339,343.3134660962125,343.4992849769339,343.5895891792504,343.6341065092187,343.6548527555902,343.66520109071,343.66948013959586,343.6719765563271,343.67341903888166,8.292274326158038,4.70005273485221,1.0,0.9897973497947984,0.971271262293562,0.9225698359046898,0.812659440111647,0.6327973792666345,0.4505370659526022,0.3202281630889763,0.2157547754135682,0.1160809154097124,0.0420390171693272,0.0092533965051128,0.0,,,,
terfenadine,0.0,1.548062079181382e-06,4.895402129549097e-06,1.548062079181382e-05,4.895402129549097e-05,0.0001548062079181,0.0004895402129549,0.0015480620791813,0.004895402129549,0.0154806207918138,0.0489540212954909,0.1548062079181382,0.4895402129549098,,,,,0.6541685688213151,0.0059361284560404,9884.0,8.18e-05,41380.0,0.9597894736842104,-77.49,1.5480620791813805e-06,3.0148246439316258e-06,5.871319862355799e-06,1.1434295853817311e-05,2.226809724860824e-05,4.33667417227034e-05,8.445599400106836e-05,0.0001644766159357,0.0003203154199963,0.0006238088478642,0.0012148571513606,0.0023659136981866,0.0046075768011062,0.0089731776752315,0.0174751113366012,0.0340324829485482,0.0662776833482816,0.1290746642452216,0.2513707194994863,0.4895402129549098,1.5480620791813826,4.895402129549099,15.480620791813829,48.954021295491,154.8062079181383,489.5402129549101,1548.0620791813833,4895.402129549101,15480.620791813832,48954.02129549102,261.5204412298916,262.037707252044,263.00305307052804,264.7745724483753,267.9422619796437,273.3344555628174,281.77698455449644,293.3675357431958,306.6662291904066,319.1000159959902,328.71144324867566,335.12802792669794,339.0236264422823,341.26114486124675,342.48616756082936,343.0997954465084,343.38621124983894,343.52256771021416,343.5884868449976,343.6215939844632,343.64554139459085,343.65319172146764,343.65664312283894,343.65744990507386,343.6570636205892,343.65776884359224,343.6570176983793,343.6568771237644,343.65758000307795,343.65813391509687,262.3657015697844,263.1258371531652,264.2732112561083,265.9813954361045,268.4790848073304,272.03089117276204,276.8938021064436,283.20990693106114,290.8932836565417,299.5274937439368,308.40966848164953,316.7569468618753,323.9583145948363,329.72323963221965,334.0661956884603,337.1876473618738,339.356652929667,340.8277792893519,341.810784600968,342.45922302102457,343.0974225437722,343.4016522733021,343.5456441361622,343.61376911212085,343.64629124051686,343.661614884061,343.66847849075293,343.67142315579923,343.6736071957046,343.674003261094,8.185011622533908,4.56395410210547,1.0,0.9905725742081318,0.9723725446244984,0.9226554629085016,0.8072688966269722,0.6185540947932912,0.4340740244576055,0.3047799210794712,0.1976001581310778,0.0971908965325834,0.030963222734677,0.0061614970441165,0.0,,,,
terfenadine,0.0,2.2715645366669653e-06,7.18331778793268e-06,2.2715645366669653e-05,7.18331778793268e-05,0.0002271564536666,0.0007183317787932,0.0022715645366669,0.0071833177879326,0.0227156453666696,0.0718331778793268,0.2271564536666966,0.7183317787932683,,,,,0.6769032489592397,0.0059817185306945,9884.0,8.18e-05,41380.0,0.9942105263157895,-77.49,2.2715645366669653e-06,4.423833409217108e-06,8.615340535832056e-06,1.677822957657132e-05,3.267531754006813e-05,6.363462673291582e-05,0.0001239273563132,0.0002413464246008,0.0004700180686527,0.0009153522171518,0.0017826329184461,0.003471647375057,0.0067609743834673,0.0131668829450601,0.0256422812239684,0.0499379077882492,0.0972532284661429,0.1893990130141848,0.368851365620583,0.7183317787932683,2.2715645366669666,7.183317787932684,22.71564536666967,71.83317787932685,227.15645366669676,718.3317787932687,2271.564536666968,7183.317787932688,22715.64536666968,71833.17787932689,261.4763021723862,261.9783691482837,262.9358705715812,264.7362918491702,268.02373275478743,273.716980879507,282.71355321924835,295.0126758821748,308.8200485484007,321.27090898591905,330.4886990168999,336.3930113028185,339.8502043111214,341.7711203347187,342.773578828433,343.245539393827,343.4600812076463,343.5601654370432,343.60984691868504,343.6337447030983,343.6490138496359,343.655226020901,343.657449568141,343.65759140835473,343.65728091478564,343.65757423661563,343.65718103077853,343.6571271606434,343.6575949086952,343.6567188192026,262.2940531179872,263.04831123179065,264.20356284335486,265.949792327275,268.5363607194454,272.2583418936486,277.393652734001,284.08983959052046,292.21187239244324,301.24644702198566,310.3838106789561,318.77670062401813,325.8276720205672,331.3150742149239,335.33761217796973,338.1572395136416,340.07008265623574,341.34150930897493,342.1721030829446,342.7112108925137,343.2299974251183,343.4706145554155,343.5804584007038,343.6310577374661,343.6548600010038,343.66515015122343,343.6698249376693,343.6726085305978,343.6733711229798,343.6742023705896,8.068332071051127,4.4262029702512775,1.0,0.9912851711663956,0.9734220273786944,0.922708682542834,0.8016999487733937,0.6042141304689914,0.4181498337643942,0.2894679038120769,0.1792060960814973,0.0796629975118524,0.022296602014282,0.004080141035565,0.0,,,,
terfenadine,0.0,3.248749058021503e-06,1.0273446569674465e-05,3.248749058021503e-05,0.0001027344656967,0.0003248749058021,0.0010273446569674,0.0032487490580215,0.0102734465696744,0.032487490580215,0.1027344656967447,0.3248749058021505,1.0273446569674471,,,,,0.6998973828597811,0.0060093742670603,9884.0,8.18e-05,41380.0,1.0286315789473686,-77.49,3.248749058021503e-06,6.326883691416427e-06,1.2321498684508778e-05,2.3995909714338907e-05,4.673162719585681e-05,9.100905139126998e-05,0.0001772385840626,0.0003451691364795,0.0006722110391938,0.0013091195980693,0.0025494882144522,0.004965085058093,0.0096694189423406,0.0188310293959809,0.0366731103726961,0.0714202604715275,0.1390897459741658,0.2708749213099052,0.5275243151876595,1.0273446569674471,3.248749058021505,10.273446569674473,32.48749058021506,102.73446569674476,324.87490580215064,1027.3446569674477,3248.749058021507,10273.44656967448,32487.49058021508,102734.4656967448,261.4349066701219,261.9216891824696,262.8716779627933,264.6984627213254,268.10540618281334,274.1085088895355,283.67717134856315,296.6813406493705,310.93891119645554,323.31614015750927,332.09321915921487,337.4905785323809,340.54376999774325,342.1813590812083,342.98911123955014,343.35045521613,343.5128649180652,343.5871797908003,343.62246970269774,343.6398886124221,343.6509292111622,343.65557137456574,343.65674401782667,343.65676561431013,343.6574591565672,343.6579100923044,343.65687076113136,343.6573210831301,343.6573048655834,343.657200894459,262.22552252017715,262.9725206140623,264.13428602061816,265.91675096603456,268.5936013986169,272.489954311542,277.9095340830557,284.9979187836888,293.5641976652059,302.98725509326863,312.3398841537873,320.7258669072794,327.5820305538585,332.768791835774,336.4699189762277,338.9987489794016,340.67694116732895,341.7680433832501,342.4674627377059,342.91383289108734,343.3325127249922,343.5212632468335,343.6055465039701,343.6438142177216,343.6608734471563,343.6686009012275,343.671446985152,343.6728178717002,343.67457176850723,343.67469714201866,7.948174733476034,4.289999347698686,1.0,0.9919421400353452,0.9744261916868104,0.9227419262712496,0.7959807929336561,0.5898740001255586,0.4028095562332785,0.2742683355549293,0.1608040451597783,0.0639446206103554,0.0157835496701017,0.0027089706648831,0.0,,,,
terfenadine,0.0,4.539879225047387e-06,1.4356358653229888e-05,4.539879225047387e-05,0.0001435635865322,0.0004539879225047,0.0014356358653229,0.0045398792250473,0.0143563586532298,0.0453987922504738,0.1435635865322989,0.4539879225047389,,,,,,0.725620946842247,0.0058848314429068,9884.0,8.18e-05,41380.0,1.0630526315789477,-77.49,4.539879225047387e-06,8.321511049020775e-06,1.5253169237834051e-05,2.795876499201253e-05,5.124787692905609e-05,9.39363698820745e-05,0.0001721835540394,0.0003156091332769,0.0005785054534591,0.0010603893373019,0.0019436732012468,0.0035627154860473,0.0065303887641088,0.0119700766388484,0.0219409195861952,0.0402172823794214,0.0737175028435806,0.1351227607630186,0.2476774140730388,0.4539879225047389,1.4356358653229893,4.53987922504739,14.356358653229895,45.3987922504739,143.56358653229898,453.9879225047391,1435.63586532299,4539.879225047392,14356.3586532299,45398.79225047392,261.3972535957928,261.8108710474297,262.58709845933305,264.02915482613014,266.6479017144981,271.21089739256854,278.6194559444976,289.3280612562213,302.42285319314186,315.4914641081794,326.15043752599627,333.5323111140092,338.10457059262995,340.7556769440903,342.2246302152073,342.9772007257486,343.3307754700866,343.4958548053245,343.57610129365975,343.6159235301797,343.64572277884776,343.6530458982569,343.65589121770466,343.65657246623283,343.6568731855097,343.6573956754657,343.65728401161294,343.6569128778092,343.65762648325943,343.65767210596806,262.14980874604373,262.8042530349045,263.79910964342605,265.29402414792133,267.5033108830025,270.6882235709477,275.12271886902744,281.0074770602862,288.34487083342367,296.8178325585989,305.7837245618193,314.43489712607754,322.0716581188525,328.2958345770573,333.0458301954993,336.4884672015161,338.8933416641843,340.52757056963617,341.6172444321957,342.3380871207935,343.08924693124214,343.4194374318748,343.56436700271746,343.62612867693446,343.6538052725202,343.66525032618205,343.6706803651768,343.6729614271892,343.6739541046258,343.67410048430304,8.137355481026445,4.50417578391374,1.0,0.9925357015348316,0.9753452755551916,0.9226231568443424,0.7897479565092846,0.5748344668384391,0.3869448237819201,0.2577895610729289,0.1410813596184121,0.0485836813989081,0.0092490734796459,0.0,,,,,
terfenadine,0.0,6.212355767195439e-06,1.9645193859620328e-05,6.212355767195438e-05,0.0001964519385962,0.0006212355767195,0.001964519385962,0.0062123557671954,0.0196451938596203,0.0621235576719544,0.1964519385962033,0.6212355767195442,,,,,,0.7481417607446601,0.0059383460930387,9884.0,8.18e-05,41380.0,1.0974736842105264,-77.49,6.212355767195443e-06,1.1387128290097896e-05,2.087238650752376e-05,3.8258681857330274e-05,7.012742586636118e-05,0.0001285422189133,0.0002356154077958,0.0004318784976646,0.0007916249556425,0.0014510332739064,0.0026597160018465,0.004875208127677,0.0089361624593255,0.0163798134168085,0.0300238820400444,0.0550331966437099,0.1008747879033686,0.1849015404361879,0.3389209570227358,0.6212355767195442,1.964519385962034,6.212355767195443,19.645193859620345,62.12355767195443,196.45193859620343,621.2355767195444,1964.519385962035,6212.355767195445,19645.19385962035,62123.55767195446,261.36240417815696,261.76174770330925,262.527582375867,263.97968298389543,266.66939719642613,271.4403404931128,279.2741626030646,290.6061380233754,304.2657415210281,317.49983714533585,327.89408032496465,334.81746021286745,338.9601917501387,341.29090006285674,342.534790545218,343.1377535157669,343.4108428999897,343.53819322063873,343.5976544169947,343.6281004336028,343.6488933729419,343.6545071746415,343.657816698175,343.6573283664837,343.6577148101007,343.65737298238497,343.6566256024849,343.6574619309965,343.6575053903394,343.6565424440518,262.0898593549399,262.73673511726275,263.73348250274853,265.2508753792689,267.5220538997005,270.8326591565662,275.481268894317,281.6798962257846,289.4043472999071,298.2605553301214,307.5057276479852,316.256183235612,323.8036874462653,329.8026757251125,334.26815689805727,337.4301835028539,339.5899189708975,341.0294418133541,341.9729670742818,342.584683377495,343.21028592045974,343.47809690360185,343.59136586395334,343.63958827525715,343.6600029775469,343.6680102141654,343.671504439602,343.67344397762645,343.6734483992152,343.67455484288683,8.03822226230573,4.386103657078792,1.0,0.993102290695548,0.976287688248566,0.9226829084651216,0.7838931518077167,0.56092610539403,0.3730967059366349,0.2430988138181188,0.123896549650635,0.0376717488149562,0.0064646785821751,0.0,,,,,
terfenadine,0.0,8.340342605399442e-06,2.6374479099205192e-05,8.340342605399441e-05,0.000263744790992,0.0008340342605399,0.0026374479099205,0.0083403426053994,0.0263744790992051,0.0834034260539944,0.2637447909920519,0.8340342605399443,,,,,,0.7709673004213002,0.0059729896874473,9884.0,8.18e-05,41380.0,1.1318947368421053,-77.49,8.34034260539945e-06,1.5287687117431147e-05,2.8022035599492786e-05,5.136385073213016e-05,9.414894762607096e-05,0.0001725732049437,0.0003163233558684,0.0005798146096926,0.0010627889954254,0.0019480717282998,0.0035707779012916,0.0065451670157342,0.0119971648890176,0.0219905718262455,0.0403082939776833,0.0738843253476567,0.1354285431951228,0.2482379073727976,0.4550152959117465,0.8340342605399443,2.63744790992052,8.340342605399444,26.3744790992052,83.40342605399445,263.74479099205206,834.0342605399447,2637.447909920521,8340.342605399448,26374.47909920521,83403.42605399448,261.3300856205301,261.71511860342054,262.4698533230019,263.9313044691043,266.69198748986565,271.67376336768154,279.9457451371192,291.90860103247155,306.09753752274844,319.42929019360093,329.50260856333324,335.9606987353067,339.6972068399394,341.7374914515642,342.78075029325527,343.25921562874606,343.4711840642687,343.56852301867383,343.613436850865,343.6358208337917,343.65230173650707,343.65618631257826,343.6570160060172,343.6585292479958,343.6576630763393,343.65725619777527,343.65755611393814,343.65761395790366,343.6575406024017,343.65680986512314,262.0315485840612,262.6699956010574,263.66724274095424,265.206599534693,267.53978110511764,270.9789276364276,275.8505412507198,282.3725231445516,290.4907935582398,299.7271991642181,309.2282455245162,318.03960043325475,325.45707059372006,331.205771158156,335.3793185388127,338.26703322226695,340.1971968135947,341.4589726519522,342.271431906294,342.78937710708914,343.3079843847708,343.522926324291,343.6120067191107,343.64901681528926,343.664495892764,343.67077962968614,343.6725195633848,343.6731953278565,343.67443820830056,343.6746562603994,7.934228494461,4.267916892010589,1.0,0.9936238891046608,0.9771884888090974,0.9227220653519138,0.7778879837110686,0.5471234322059347,0.3596578383640146,0.2282634285870438,0.1073196744601415,0.0286970629161303,0.0045034673734306,0.0,,,,,
terfenadine,0.0,1.1004251399971656e-05,3.479849836900698e-05,0.0001100425139997,0.00034798498369,0.0011004251399971,0.0034798498369006,0.0110042513999716,0.0347984983690069,0.1100425139997165,0.3479849836900698,1.1004251399971658,,,,,,0.7940002135560575,0.0059951879301704,9884.0,8.18e-05,41380.0,1.1663157894736842,-77.49,1.1004251399971658e-05,2.017058055329889e-05,3.697228508048867e-05,6.776948538793366e-05,0.0001242201594991,0.0002276931562584,0.0004173571634102,0.0007650076300587,0.0014022442295372,0.0025702866246178,0.0047112858042351,0.0086356960023817,0.0158290641969785,0.02901436934359,0.0531827793437685,0.0974830086855854,0.1786844745545889,0.327525195183791,0.6003473650835169,1.1004251399971658,3.479849836900699,11.00425139997166,34.79849836900699,110.0425139997166,347.98498369006995,1100.425139997166,3479.8498369007,11004.25139997166,34798.498369007,110042.51399971664,261.299880271242,261.6711442159261,262.4141715426479,263.88326668707543,266.71474051194093,271.9120191569643,280.63552179693767,293.2345778872333,307.91578648359786,321.2724947387282,330.97798631899315,336.97287808006536,340.33079335642395,342.1081822687956,342.97261999095315,343.3511031737575,343.5161572981696,343.5904096082125,343.62506718905144,343.64104770325565,343.6535360002388,343.6564113132534,343.65669396274745,343.6569374866795,343.6569917936045,343.6577421459126,343.65748995989145,343.656897614648,343.65712877605023,343.65754020381416,261.97611408938366,262.6050869085329,263.60205744698374,265.1626607207135,267.55701963325043,271.1271541998682,276.22680789608995,283.0859407472465,291.6042782547363,301.2112800203112,310.93934336015104,319.7696062188803,327.0212733829199,332.5007715241928,336.38123192547914,339.0054071317022,340.72157937803155,341.82317720842246,342.5200249721079,342.95698219094794,343.3851015780783,343.55796172998663,343.6276126640052,343.65581044061463,343.66717075973446,343.6718879444329,343.673608778994,343.67375895268674,343.6745783039022,343.6746965129223,7.828654486923503,4.151574422050087,1.0,0.9941057298118844,0.9780527439192932,0.922748166063184,0.7717535749291069,0.5334895884297352,0.3466161942699652,0.2133178118087771,0.0916621126602408,0.0215417801759189,0.0031429613445465,0.0,,,,,
terfenadine,0.0,1.4290108880380793e-05,4.518929207380195e-05,0.00014290108880380791,0.0004518929207380195,0.0014290108880380791,0.004518929207380195,0.014290108880380794,0.04518929207380196,0.14290108880380795,0.4518929207380196,1.4290108880380796,,,,,,0.8171771538358737,0.006009074537769303,9884.0,8.18e-05,41380.0,1.2007368421052633,-77.49,1.4290108880380783e-05,2.6193493933433296e-05,4.80121691292896e-05,8.800537989921247e-05,0.00016131216380473685,0.0002956820846767251,0.0005419795577511601,0.0009934380750233705,0.0018209528289243441,0.003337771410754079,0.006118070613080193,0.011214305421286768,0.02055560552260228,0.037678028422410664,0.06906309932047501,0.1265913288847354,0.23203946400436493,0.4253238616718986,0.7796104343013525,1.4290108880380796,4.5189292073801965,14.290108880380798,45.18929207380197,142.901088803808,451.89292073801977,1429.01088803808,4518.929207380198,14290.108880380803,45189.29207380199,142901.08880380806,261.27252264646717,261.6297339563507,262.3607634333973,263.83590681821306,266.7362970916371,272.1546537201948,281.34208068197546,294.580116643457,309.71274127578914,323.0245027092169,332.32655182400725,337.8661030499714,340.8758471449453,342.413228181234,343.1215395647749,343.42067328607334,343.54925659047274,343.6061857023618,343.634017350243,343.64555467665144,343.6543117578444,343.6566756388745,343.65708774833064,343.65751251591007,343.65779812393134,343.65747845084815,343.6567769384578,343.6570676661025,343.65713013941655,343.6577451929345,261.92252210783835,262.5416923043262,263.5375931904873,265.1177581057762,267.57364878737764,271.27780869878825,276.6131010163329,283.8147346258628,292.7393667296615,302.7060966484281,312.62873391854407,321.43739244440326,328.4922855351049,333.68615451484504,337.27570557413026,339.6492524268281,341.17240890385244,342.13064513723714,342.726329833962,343.094497538823,343.4468657977872,343.58612099290315,343.6394187574166,343.661515214343,343.6697004870793,343.6723976101908,343.6736686569417,343.67410781474405,343.6742661615458,343.6742769864742,7.723911829319953,4.038926466601635,1.0,0.9945508112519315,0.9788817708740857,0.9227658070527809,0.7655025755528512,0.5200745497909746,0.33393697117717086,0.19830405029114434,0.07718479050699241,0.01598595955018859,0.002205782268812664,0.0,,,,,
terfenadine,0.0,1.8288832723718297e-05,5.783436715277078e-05,0.00018288832723718294,0.0005783436715277078,0.0018288832723718294,0.0057834367152770775,0.018288832723718295,0.05783436715277078,0.18288832723718296,0.5783436715277078,1.8288832723718298,,,,,,0.8404561562542994,0.006017393761536705,9884.0,8.18e-05,41380.0,1.235157894736842,-77.49,1.828883272371829e-05,3.35230776062167e-05,6.144715461993392e-05,0.00011263144915387718,0.0002064512737321609,0.0003784212024778384,0.0006936387647118933,0.0012714264760025388,0.002330500205754312,0.0042717619237386765,0.007830057207481452,0.014352343826027989,0.02630756938834433,0.048221267237721015,0.0883886526986387,0.16201469545307204,0.2969698116368726,0.5443399364299297,0.9977646036118145,1.8288832723718298,5.783436715277079,18.2888327237183,57.8343671527708,182.88832723718303,578.3436715277081,1828.8832723718308,5783.436715277082,18288.832723718308,57834.36715277082,182888.3272371831,261.2469149586429,261.5908631355246,262.3088093906581,263.7894311308813,266.75968269198637,272.401728154589,282.06512783293897,295.9431360741561,311.4794161813604,324.68119647012503,333.5544773973363,338.6522269966256,341.33949469917115,342.6605881310948,343.23828933975926,343.4737973993933,343.57418336425013,343.61883242863837,343.6391092328425,343.648741175198,343.65578181696634,343.6561668956689,343.6571405106672,343.65807629908517,343.65740761225715,343.65687901240693,343.65746278834087,343.657069836032,343.65748437017754,343.6569956360331,261.87125021088457,262.48071204152467,263.47395503624915,265.072031395497,267.5904160093576,271.4304515101038,277.0067303542449,284.56131041514845,293.8940523909633,304.2049827448949,314.2887377058326,323.0361428919723,329.86495208564054,334.76588636729497,338.07238441656926,340.2118012791681,341.5568247750725,342.388337480874,342.8969463564324,343.2046590210343,343.49533709390033,343.6066184820096,343.64866280206763,343.66593054986424,343.67012728403444,343.6733209751381,343.6738925085887,343.6744344632728,343.67426244258735,343.6750691840559,7.620548305470279,3.9302096896176315,1.0,0.9949615600703643,0.9796802909570835,0.9227775457581701,0.759144875051158,0.5069173312841513,0.3215783086960598,0.18327797283614117,0.06408558529396748,0.011768637253183493,0.0015606096518959514,0.0,,,,,
terfenadine,0.0,2.3095441729930342e-05,7.303419943427926e-05,0.00023095441729930341,0.0007303419943427927,0.002309544172993034,0.007303419943427927,0.023095441729930343,0.07303419943427927,0.23095441729930344,0.7303419943427928,2.309544172993035,,,,,,0.8638121438628115,0.006021815854420679,9884.0,8.18e-05,41380.0,1.2695789473684211,-77.49,2.3095441729930362e-05,4.2333499199116895e-05,7.759648745402156e-05,0.00014223286473157275,0.00026071009749941164,0.0004778765798356656,0.0008759385529973515,0.0016055784715186205,0.0029429943680214566,0.005394451908671824,0.00988792629410867,0.01812437816723404,0.03322163557637256,0.06089461719379551,0.11161865870975235,0.20459484838396488,0.3750184106234944,0.6874015128799037,1.259993713705896,2.309544172993035,7.303419943427929,23.09544172993035,73.0341994342793,230.95441729930354,730.3419943427931,2309.5441729930358,7303.419943427933,23095.44172993036,73034.19943427933,230954.41729930363,261.22300393239465,261.5538963125735,262.2591949983778,263.74454944566776,266.7823423516714,272.6536446958858,282.80543997968635,297.3203562783606,313.2119614146191,326.2438603121061,334.66851539106176,339.3434863068812,341.7342584067319,342.86067661979564,343.32676616002067,343.51418469035104,343.5939267190477,343.62852255111574,343.6446553861322,343.65070852991346,343.65551401098674,343.6566522265951,343.65728857813144,343.6580257564049,343.6569917542767,343.6572791639534,343.65760434562196,343.65728599268294,343.6575305370847,343.6568021929024,261.82263144403845,262.42151507467815,263.41192895843363,265.0277068255695,267.60625495211497,271.5843661398808,277.4095609514023,285.32363679783026,295.0638310247298,305.70299951583496,315.91187807443055,324.56155528981066,331.1402899948379,335.74532814542493,338.7787396435538,340.70019881542066,341.885237560674,342.6047137325309,343.03678830014167,343.2955954534916,343.53406991827944,343.6225132070348,343.6553226279207,343.66638336586647,343.67163993598115,343.67367379488394,343.6740708547737,343.6741630886461,343.6744106519916,343.67478051443595,7.519950280687091,3.8259713462130436,1.0,0.9953424340314992,0.9804480732249086,0.9227858971185163,0.7526886693931134,0.49404563425580883,0.30948975959665076,0.16831397303051582,0.05248877532609112,0.008624177635570883,0.0011142439493226253,0.0,,,,,
terfenadine,0.0,2.880822485937342e-05,9.109960590190392e-05,0.0002880822485937342,0.0009109960590190392,0.002880822485937342,0.009109960590190392,0.02880822485937342,0.09109960590190393,0.28808224859373427,0.9109960590190395,,,,,,,0.8886916248001719,0.005957996552746772,9884.0,8.18e-05,41380.0,1.304,-77.49,2.8808224859373423e-05,4.9700253452493546e-05,8.57434015910353e-05,0.00014792542101277112,0.0002552024969358508,0.0004402780400852811,0.0007595723196629318,0.0013104221793264384,0.00226075416865201,0.0039002769425838957,0.006728798929041425,0.011608594900820971,0.02002727039289972,0.03455125816837248,0.05960819510584726,0.10283668705961121,0.17741493743632944,0.3060781217824627,0.5280492048055488,0.9109960590190395,2.880822485937343,9.109960590190395,28.808224859373432,91.09960590190396,288.08224859373433,910.9960590190396,2880.8224859373436,9109.960590190398,28808.22485937344,91099.60590190398,261.20148232039156,261.4751156515119,262.0269210688334,263.1301103915795,265.2929755941472,269.3773961949634,276.5637321676669,287.7237093159845,302.0243720023023,316.3909067801713,327.70968569658464,335.0720647230359,339.3101049316995,341.58946375280425,342.7357710101561,343.2520060005657,343.47202990799474,343.5707467138964,343.61581024185836,343.6373698823427,343.6528943829246,343.65653514568174,343.65628525408675,343.65750414404465,343.6574602589952,343.65748613455804,343.6581616193852,343.6567023250677,343.6571235145116,343.65690691150076,261.77314938723157,262.285965063728,263.10526248276483,264.39932033201757,266.4111309087637,269.46261851832963,273.919165785258,280.0907754357205,288.0414243450046,297.3867011362133,307.2667195407,316.6093841927886,324.5550465930482,330.72096470857355,335.1701795113231,338.2142764896292,340.2201580562444,341.5113901771729,342.3283248895581,342.8403150668508,343.37239196784446,343.56561744390876,343.6355721700519,343.66059406660986,343.6686322712547,343.67264028728243,343.673945762378,343.67448768932286,343.6739480456646,343.67451891428306,7.79185339472129,4.105140426657516,1.0,0.9956899480320968,0.9811719921197025,0.9227300073780087,0.7459355866918562,0.4810649975808279,0.29705702812662094,0.15282504396549687,0.04166975905168628,0.005512433432987723,0.0,,,,,,
